google_title,google_path,icloud_uuid,icloud_filepath,s1_name_match,s2_date_diff_seconds,s3_size_match,s4_dim_match,s5_is_original,s6_hash_db_match,s7_sha256_match,s8_phash_distance,google_geo_lat,google_geo_lon,icloud_lat,icloud_lon,gps_gap,composite_confidence
IMG_7911.JPG,,,,,,,,,,,,27.943500000000004,-82.445,,,True,0.0
IMG_7917.JPG,,,,,,,,,,,,27.9437,-82.44449999999999,,,True,0.0
IMG_7895.JPG,,A1661904-639A-4F49-905A-98A5D0136961,_/IMG_7895_edited (1).jpeg.xmp,True,122606816.54275274,,,Unknown,False,False,,27.9442,-82.4452,-180.0,-180.0,True,0.1
IMG_7895.JPG,,D7B1984F-B7B9-4D8E-B84B-2A9C449C93AE,_/IMG_7895.JPG.xmp,True,104066752.36834145,,,Unknown,False,False,,27.9442,-82.4452,-180.0,-180.0,True,0.1
IMG_7904.JPG,,4AC05E60-CBD4-4BC3-82D7-FD14FFB600CB,_/IMG_7904_edited (1).jpeg.xmp,True,122606226.44279146,,,Unknown,False,False,,27.9436,-82.4452,-180.0,-180.0,True,0.1
IMG_7908.JPG,,,,,,,,,,,,27.9437,-82.4451,,,True,0.0
IMG_7921.JPG,,,,,,,,,,,,27.9437,-82.445,,,True,0.0
IMG_7932.JPG,,,,,,,,,,,,27.9359,-82.4759,,,True,0.0
IMG_7934.JPG,,,,,,,,,,,,27.9348,-82.47749999999999,,,True,0.0
IMG_7910.JPG,,,,,,,,,,,,27.9437,-82.4451,,,True,0.0
IMG_7892.JPG,,C5CDAD21-2D23-41EC-AEF8-A094D02886E4,_/IMG_7892_edited (1).jpeg.xmp,True,122607831.30170941,,,Unknown,False,False,,27.9438,-82.445,-180.0,-180.0,True,0.1
IMG_7898.JPG,,5F077077-7448-4DDE-AA7D-92FAE2EE9ACE,_/IMG_7898_edited (1).jpeg.xmp,True,122606596.80942917,,,Unknown,False,False,,27.9442,-82.4452,-180.0,-180.0,True,0.1
IMG_7898.JPG,,0C0D3209-AACB-46C3-8A9B-D97AEBDA2E51,_/IMG_7898.JPG.xmp,True,104066547.21293497,,,Unknown,False,False,,27.9442,-82.4452,-180.0,-180.0,True,0.1
IMG_7946.JPG,,,,,,,,,,,,28.1903,-82.35730000000001,,,True,0.0
IMG_7922.JPG,,AEDEDB3D-9FB0-4546-9E83-E3AF93913004,_/IMG_7922 (1).JPG.xmp,True,104270413.0,,,Unknown,False,False,,27.9436,-82.445,-180.0,-180.0,True,0.1
IMG_7931.JPG,,,,,,,,,,,,27.936,-82.4759,,,True,0.0
IMG_7943.JPG,,,,,,,,,,,,28.1903,-82.35730000000001,,,True,0.0
IMG_7915.JPG,,,,,,,,,,,,27.9437,-82.4448,,,True,0.0
IMG_7897.JPG,,AFF58D3C-55E4-40C5-8CF8-EB6475EB88F8,_/IMG_7897_edited (1).jpeg.xmp,True,122606604.70942473,,,Unknown,False,False,,27.9442,-82.4452,-180.0,-180.0,True,0.1
IMG_7897.JPG,,6278DEB2-40EC-4C9E-A3D5-B1DF061CE806,_/IMG_7897.JPG.xmp,True,104066551.00553179,,,Unknown,False,False,,27.9442,-82.4452,-180.0,-180.0,True,0.1
IMG_7929.JPG,,,,,,,,,,,,27.936,-82.476,,,True,0.0
IMG_7923.JPG,,5F33AAA9-BA07-4F68-B087-7B8FA81F7935,_/IMG_7923 (1).JPG.xmp,True,104270840.3563447,,,Unknown,False,False,,27.9436,-82.44489999999999,-180.0,-180.0,True,0.1
IMG_7925.JPG,,830D1FA2-746D-4789-A4CC-A91786093F9B,_/IMG_7925 (3).JPG.xmp,True,156397328.1240108,,,Unknown,False,False,,27.9436,-82.4451,-180.0,-180.0,True,0.1
IMG_7944.JPG,,,,,,,,,,,,28.190199999999997,-82.35730000000001,,,True,0.0
IMG_7942.JPG,,,,,,,,,,,,28.1903,-82.35730000000001,,,True,0.0
IMG_7896.JPG,,9D42D870-3301-494D-ABA3-3B9701B14446,_/IMG_7896_edited (1).jpeg.xmp,True,122606798.6094203,,,Unknown,False,False,,27.9442,-82.4452,-180.0,-180.0,True,0.1
IMG_7896.JPG,,D3CF18AE-0FE3-4224-8D50-1B34A68270EF,_/IMG_7896.JPG.xmp,True,104066741.55983567,,,Unknown,False,False,,27.9442,-82.4452,-180.0,-180.0,True,0.1
IMG_0199.JPG,,,,,,,,,,,,28.19875,-82.3629694,,,True,0.0
IMG_0124.JPG,,,,,,,,,,,,28.1988222,-82.3630222,,,True,0.0
IMG_0210.JPG,,,,,,,,,,,,28.198725000000003,-82.3629139,,,True,0.0
IMG_0216.JPG,,,,,,,,,,,,28.198733299999997,-82.36363329999999,,,True,0.0
IMG_0127.MOV,,31A298C2-E5C8-4C7E-A208-F86114B39B06,_/IMG_0127.MOV.xmp,True,78734043.0,,,Unknown,False,False,,28.1988,-82.363,-180.0,-180.0,True,0.1
IMG_0211.MOV,,FBF40A02-043F-4EA8-8450-BEBF35F7043F,_/IMG_0211 (4).MOV.xmp,True,157858988.0,,,Unknown,False,False,,28.1987,-82.3629,37.2773,-79.3366,False,0.1
IMG_0211.MOV,,6E72A13E-9888-40C4-8C25-1AF69A2E6A50,_/IMG_0211 (7).MOV.xmp,True,205765154.0,,,Unknown,False,False,,28.1987,-82.3629,36.1121,-115.1766,False,0.1
IMG_0211.MOV,,98C5AD57-ADD3-495E-84F1-359F1D8CD91A,_/IMG_0211 (6).MOV.xmp,True,200298655.0,,,Unknown,False,False,,28.1987,-82.3629,-180.0,-180.0,True,0.1
IMG_0211.MOV,,7BFADF72-1E87-4DEE-997E-AD23EFAAD80A,_/IMG_0211 (5).MOV.xmp,True,161033603.0,,,Unknown,False,False,,28.1987,-82.3629,-180.0,-180.0,True,0.1
IMG_0211.MOV,,30F58760-FFB7-4CF8-B091-598B8BD7F77E,_/IMG_0211.MOV.xmp,True,79249220.0,,,Unknown,False,False,,28.1987,-82.3629,-180.0,-180.0,True,0.1
IMG_0220.MOV,,D6FE35B3-8736-4F09-A4B2-6C5507F0A437,_/IMG_0220 (5).MOV.xmp,True,200297535.0,,,Unknown,False,False,,28.1987,-82.36359999999999,-180.0,-180.0,True,0.1
IMG_0220.MOV,,7CB34635-601B-49EF-80F5-0DFFAF2AE039,_/IMG_0220 (4).MOV.xmp,True,161032773.0,,,Unknown,False,False,,28.1987,-82.36359999999999,-180.0,-180.0,True,0.1
IMG_0220.MOV,,96D2E357-B1FC-47E7-9DB5-F1863451C3B1,_/IMG_0220 (2).MOV.xmp,True,155021434.0,,,Unknown,False,False,,28.1987,-82.36359999999999,-180.0,-180.0,True,0.1
IMG_0126.MOV,,09394547-3FEC-4445-A888-7896FB30BF62,_/IMG_0126.MOV.xmp,True,78734032.0,,,Unknown,False,False,,28.1988,-82.363,-180.0,-180.0,True,0.1
IMG_0221.MOV,,5DF453D9-84A3-41C5-81DC-B2D2D5556E32,_/IMG_0221 (5).MOV.xmp,True,200277155.0,,,Unknown,False,False,,28.1904,-82.357,-180.0,-180.0,True,0.1
IMG_0221.MOV,,60D7ADC7-3772-465B-8415-B7B9A213A486,_/IMG_0221 (4).MOV.xmp,True,161012350.0,,,Unknown,False,False,,28.1904,-82.357,-180.0,-180.0,True,0.1
IMG_0221.MOV,,6012F633-F324-4484-8BA4-EFBDC90A69CE,_/IMG_0221 (2).MOV.xmp,True,155001987.0,,,Unknown,False,False,,28.1904,-82.357,-180.0,-180.0,True,0.1
IMG_2595.JPG,,4E0CE208-74E4-42DC-A89C-50AE83158380,_/IMG_2595_edited (4).jpeg.xmp,True,209558481.18499994,,,Unknown,False,False,,27.950999999999997,-82.5455,-180.0,-180.0,True,0.1
IMG_2601.JPG,,,,,,,,,,,,27.950999999999997,-82.5455,,,True,0.0
IMG_2593.JPG,,EF58F41C-25DC-49D2-BCC9-FF8BFE78C512,_/IMG_2593_edited (5).jpeg.xmp,True,209558854.94299984,,,Unknown,False,False,,27.950899999999997,-82.5455,-180.0,-180.0,True,0.1
IMG_2579.JPG,,950869AF-B770-4F0E-BAEA-3B8234F8167D,_/IMG_2579_edited (6).jpeg.xmp,True,209559117.14300013,,,Unknown,False,False,,27.950899999999997,-82.5448,-180.0,-180.0,True,0.1
IMG_2579.JPG,,90518A3A-F0E3-4204-8DB6-1EE708AB1509,_/IMG_2579 (2).JPG.xmp,True,156720350.93105936,,,Unknown,False,False,,27.950899999999997,-82.5448,-180.0,-180.0,True,0.1
IMG_2606.JPG,,,,,,,,,,,,27.9443,-82.5238,,,True,0.0
IMG_2600.JPG,,,,,,,,,,,,27.950999999999997,-82.5455,,,True,0.0
IMG_2597.JPG,,07951E4B-3EDD-4730-8CEA-56F76995F874,_/IMG_2597_edited (5).jpeg.xmp,True,209558302.39100003,,,Unknown,False,False,,27.950999999999997,-82.5454,-180.0,-180.0,True,0.1
IMG_2590.JPG,,6F4F857D-1481-4F8E-BA22-2F5C7A437449,_/IMG_2590_edited (5).jpeg.xmp,True,209558877.70099998,,,Unknown,False,False,,27.950899999999997,-82.5455,-180.0,-180.0,True,0.1
IMG_2596.JPG,,92E71431-EE56-4F06-9A63-C9BB1F0B7161,_/IMG_2596_edited (5).jpeg.xmp,True,209558476.23199987,,,Unknown,False,False,,27.950999999999997,-82.5456,-180.0,-180.0,True,0.1
IMG_2602.JPG,,,,,,,,,,,,27.9443,-82.5231,,,True,0.0
IMG_2577.JPG,,40B31F92-D8A2-4FA6-BC4D-DC6838753360,_/IMG_2577_edited (5).jpeg.xmp,True,209561174.00399995,,,Unknown,False,False,,27.9702,-82.5782,-180.0,-180.0,True,0.1
IMG_1735.JPG,,436B897A-4C11-4FAD-B9FD-C9F6AE0173F0,_/IMG_1735 (5).JPG.xmp,True,219402393.72524953,,,Unknown,False,False,,27.949399999999997,-82.46159999999999,-180.0,-180.0,True,0.1
IMG_1733.JPG,,,,,,,,,,,,27.949399999999997,-82.4615,,,True,0.0
IMG_1741.JPG,,,,,,,,,,,,27.949399999999997,-82.4614,,,True,0.0
IMG_1721.JPG,,,,,,,,,,,,27.9492,-82.46159999999999,,,True,0.0
IMG_1734.JPG,,AE7B0704-8A56-469E-B9D9-95855458B825,_/IMG_1734 (5).JPG.xmp,True,219402392.56972122,,,Unknown,False,False,,27.949399999999997,-82.46159999999999,-180.0,-180.0,True,0.1
IMG_1716.JPG,,,,,,,,,,,,27.9498,-82.46209999999999,,,True,0.0
IMG_1710.JPG,,4B6A0CFE-F8D1-4C37-AAC5-9AA44DCE08B4,_/IMG_1710.JPG.xmp,True,152486786.2486863,,,Unknown,False,False,,27.9492,-82.4617,-180.0,-180.0,True,0.1
IMG_1746.JPG,,,,,,,,,,,,27.949299999999997,-82.4614,,,True,0.0
IMG_1728.JPG,,,,,,,,,,,,27.949399999999997,-82.4615,,,True,0.0
IMG_1761.JPG,,,,,,,,,,,,27.949399999999997,-82.4614,,,True,0.0
IMG_1737.JPG,,,,,,,,,,,,27.949399999999997,-82.46159999999999,,,True,0.0
IMG_1743.JPG,,,,,,,,,,,,27.949500000000004,-82.4613,,,True,0.0
IMG_1706.JPG,,,,,,,,,,,,27.948999999999998,-82.4615,,,True,0.0
IMG_1792.JPG,,,,,,,,,,,,27.948674999999998,-82.4611889,,,True,0.0
IMG_1736.JPG,,,,,,,,,,,,27.949399999999997,-82.46159999999999,,,True,0.0
IMG_1744.JPG,,2AE8E6B5-BBD6-49D2-8343-8F8C09CD0592,_/IMG_1744 (6).JPG.xmp,True,219447977.7186017,,,Unknown,False,False,,27.949399999999997,-82.4613,-180.0,-180.0,True,0.1
IMG_1742.JPG,,,,,,,,,,,,27.949500000000004,-82.4613,,,True,0.0
IMG_1751.JPG,,,,,,,,,,,,27.949399999999997,-82.46159999999999,,,True,0.0
IMG_2931.JPG,,,,,,,,,,,,27.9304,-82.3249,,,True,0.0
IMG_2924.JPG,,,,,,,,,,,,27.9303,-82.3249,,,True,0.0
IMG_2918.MOV,,7FFAD1BA-D049-4DAF-A637-CE7ABB25AE52,_/IMG_2918 (8).MOV.xmp,True,257815953.0,,,Unknown,False,False,,27.930200000000003,-82.32509999999999,-180.0,-180.0,True,0.1
IMG_2944.MOV,,A6BAC202-5187-4756-8A6F-69517C648D55,_/IMG_2944 (1).MOV.xmp,True,156066715.0,,,Unknown,False,False,,28.1556,-82.3562,-180.0,-180.0,True,0.1
IMG_2944.MOV,,47A7CAC8-FA9A-41D1-82E1-1B1A01988C3E,_/IMG_2944.MOV.xmp,True,146734281.0,,,Unknown,False,False,,28.1556,-82.3562,-180.0,-180.0,True,0.1
IMG_2936.JPG,,08F88A8A-FCF9-4253-B4E9-8B1EF0FB90A5,_/IMG_2936 (3).JPG.xmp,True,193613584.78316402,,,Unknown,False,False,,27.930200000000003,-82.3249,-180.0,-180.0,True,0.1
IMG_2930.JPG,,,,,,,,,,,,27.9303,-82.3249,,,True,0.0
IMG_2901.JPG,,,,,,,,,,,,28.1976,-82.3633,,,True,0.0
IMG_2945.MOV,,46F98B0F-D9FD-4811-BC22-6E17C658B40F,_/IMG_2945 (2).MOV.xmp,True,156066173.0,,,Unknown,False,False,,28.1556,-82.3562,-180.0,-180.0,True,0.1
IMG_2945.MOV,,AAAF7093-5067-43D1-A0B6-6AB7C7E82B6F,_/IMG_2945 (1).MOV.xmp,True,146735738.0,,,Unknown,False,False,,28.1556,-82.3562,-180.0,-180.0,True,0.1
IMG_2912.JPG,,,,,,,,,,,,27.932199999999998,-82.32589999999999,,,True,0.0
IMG_2943.MOV,,,,,,,,,,,,28.1558,-82.3564,,,True,0.0
IMG_2907.JPG,,,,,,,,,,,,28.1876,-82.3479,,,True,0.0
IMG_2927.MOV,,,,,,,,,,,,27.9304,-82.3249,,,True,0.0
IMG_2934.MOV,,90CBA70A-6CB1-4BBE-822E-0DCDF7BF3157,_/IMG_2934 (5).MOV.xmp,True,207844626.0,,,Unknown,False,False,,27.9303,-82.3249,-180.0,-180.0,True,0.1
IMG_2934.MOV,,DCD3DEDD-E70E-48E1-9E2A-A799F6E7920E,_/IMG_2934 (4).MOV.xmp,True,193614060.0,,,Unknown,False,False,,27.9303,-82.3249,-180.0,-180.0,True,0.1
IMG_2934.MOV,,4F8B7409-6EC9-4B34-A131-DEC9A0B4D0C2,_/IMG_2934 (1).MOV.xmp,True,146789025.0,,,Unknown,False,False,,27.9303,-82.3249,-180.0,-180.0,True,0.1
IMG_2917.JPG,,,,,,,,,,,,27.9301,-82.32509999999999,,,True,0.0
IMG_2904.JPG,,,,,,,,,,,,28.1876,-82.3479,,,True,0.0
IMG_2946.MOV,,5C53585D-6614-4287-A769-C3B866816DF5,_/IMG_2946 (1).MOV.xmp,True,146735765.0,,,Unknown,False,False,,28.1555,-82.3562,-180.0,-180.0,True,0.1
IMG_2902.JPG,,,,,,,,,,,,28.1876,-82.3479,,,True,0.0
IMG_2932.JPG,,,,,,,,,,,,27.9303,-82.3249,,,True,0.0
IMG_2939.MOV,,,,,,,,,,,,27.930200000000003,-82.325,,,True,0.0
IMG_2938.JPG,,,,,,,,,,,,27.9303,-82.325,,,True,0.0
IMG_2926.MOV,,,,,,,,,,,,27.9304,-82.3249,,,True,0.0
IMG_2910.JPG,,,,,,,,,,,,28.1876,-82.3479,,,True,0.0
IMG_2947.MOV,,9ECB4DE3-CC66-434E-A35E-F273C69D3809,_/IMG_2947 (3).MOV.xmp,True,185937000.0,,,Unknown,False,False,,28.1556,-82.3562,48.1339,11.589,False,0.1
IMG_2947.MOV,,32661C19-E62E-463D-9D38-6B06369E7504,_/IMG_2947 (2).MOV.xmp,True,146735654.0,,,Unknown,False,False,,28.1556,-82.3562,-180.0,-180.0,True,0.1
IMG_2947.MOV,,6712FD39-A506-407E-9205-1C2DCA3882CF,_/IMG_2947.MOV.xmp,True,98508604.0,,,Unknown,False,False,,28.1556,-82.3562,-180.0,-180.0,True,0.1
IMG_2916.JPG,,,,,,,,,,,,27.9301,-82.3252,,,True,0.0
IMG_2940.JPG,,,,,,,,,,,,28.1873,-82.35790000000001,,,True,0.0
IMG_2909.JPG,,,,,,,,,,,,28.1876,-82.3479,,,True,0.0
IMG_1370.JPG,,,,,,,,,,,,28.1988,-82.363,,,True,0.0
IMG_1363.JPG,,,,,,,,,,,,28.1988,-82.363,,,True,0.0
IMG_1219.JPG,,,,,,,,,,,,27.949399999999997,-82.4614,,,True,0.0
IMG_1256.JPG,,,,,,,,,,,,27.949299999999997,-82.4617,,,True,0.0
IMG_1376.JPG,,,,,,,,,,,,28.198999999999998,-82.363,,,True,0.0
IMG_1243.JPG,,,,,,,,,,,,27.949299999999997,-82.4614,,,True,0.0
IMG_1248.MOV,,7E3751C8-D606-4AAF-ACE6-62445C26F88E,_/IMG_1248 (1).MOV.xmp,True,158391098.0,,,Unknown,False,False,,27.9469,-82.4584,28.1893,-82.362,False,0.1
IMG_1248.MOV,,DEACFE41-4A00-479C-84C9-C275D3A533A3,_/IMG_1248 (4).MOV.xmp,True,219061751.0,,,Unknown,False,False,,27.9469,-82.4584,-180.0,-180.0,True,0.1
IMG_1250.JPG,,,,,,,,,,,,27.949399999999997,-82.4614,,,True,0.0
IMG_1384.JPG,,,,,,,,,,,,28.198999999999998,-82.363,,,True,0.0
IMG_1249.JPG,,,,,,,,,,,,27.949399999999997,-82.4614,,,True,0.0
IMG_1333.JPG,,82BCE2A0-10E6-41C5-9320-8BA5782310C7,_/IMG_1333 (6).JPG.xmp,True,198398569.42321825,,,Unknown,False,False,,28.198999999999998,-82.363,-180.0,-180.0,True,0.1
IMG_1391.JPG,,,,,,,,,,,,28.1989,-82.3629,,,True,0.0
IMG_1213.JPG,,,,,,,,,,,,27.949399999999997,-82.4613,,,True,0.0
IMG_1335.JPG,,,,,,,,,,,,28.198999999999998,-82.36310000000002,,,True,0.0
IMG_1369.JPG,,,,,,,,,,,,28.1988,-82.363,,,True,0.0
IMG_1354.JPG,,,,,,,,,,,,28.1986,-82.36310000000002,,,True,0.0
IMG_1299.JPG,,,,,,,,,,,,28.1989,-82.36319999999999,,,True,0.0
IMG_1308.JPG,,,,,,,,,,,,28.1989,-82.36319999999999,,,True,0.0
IMG_1272.JPG,,,,,,,,,,,,28.1907,-82.35499999999999,,,True,0.0
IMG_1261.JPG,,85EA81CD-0385-4BB8-AF0D-388D2A96BFBE,_/IMG_1261 (2).JPG.xmp,True,149544630.0,,,Unknown,False,False,,27.949299999999997,-82.4617,-180.0,-180.0,True,0.1
IMG_1267.JPG,,F224974D-4199-4238-8357-2FB25F0D8415,_/IMG_1267 (2).JPG.xmp,True,158903885.0519309,,,Unknown,False,False,,27.949299999999997,-82.4615,-180.0,-180.0,True,0.1
IMG_1295.JPG,,E04A2DBD-ED02-446C-BA4E-D96942740350,_/IMG_1295 (1).JPG.xmp,True,149380388.48000002,,,Unknown,False,False,,28.1989,-82.36319999999999,-180.0,-180.0,True,0.1
IMG_1278.JPG,,,,,,,,,,,,28.1986,-82.36319999999999,,,True,0.0
IMG_1237.JPG,,,,,,,,,,,,27.949399999999997,-82.4614,,,True,0.0
IMG_1302.JPG,,,,,,,,,,,,28.1989,-82.36319999999999,,,True,0.0
IMG_1377.JPG,,,,,,,,,,,,28.198999999999998,-82.363,,,True,0.0
IMG_1338.JPG,,4C6BFFF4-A667-4FF2-AB6D-E6F35C8E3BAB,_/IMG_1338 (1).JPG.xmp,True,149809152.19089413,,,Unknown,False,False,,28.198999999999998,-82.36310000000002,-180.0,-180.0,True,0.1
IMG_1206.MOV,,6372D22F-5CC1-4D8A-9163-E3E70DDCDBB6,_/IMG_1206 (7).MOV.xmp,True,264735401.0,,,Unknown,False,False,,27.949399999999997,-82.4613,-180.0,-180.0,True,0.1
IMG_1362.JPG,,,,,,,,,,,,28.1988,-82.363,,,True,0.0
IMG_1371.JPG,,,,,,,,,,,,28.1988,-82.363,,,True,0.0
IMG_1244.JPG,,,,,,,,,,,,27.949399999999997,-82.4614,,,True,0.0
IMG_1389.JPG,,,,,,,,,,,,28.1989,-82.3629,,,True,0.0
IMG_1257.JPG,,,,,,,,,,,,27.949299999999997,-82.46159999999999,,,True,0.0
IMG_1390.JPG,,,,,,,,,,,,28.1989,-82.3629,,,True,0.0
IMG_1327.JPG,,,,,,,,,,,,28.198999999999998,-82.363,,,True,0.0
IMG_1368.JPG,,888B822C-8874-4B09-BF7F-70D0CAC5C61E,_/IMG_1368 (5).JPG.xmp,True,159824927.54197168,,,Unknown,False,False,,28.1988,-82.363,-180.0,-180.0,True,0.1
IMG_1334.JPG,,19F82A36-7444-451D-A8DE-C3B4B66F329D,_/IMG_1334 (6).JPG.xmp,True,198316761.20694852,,,Unknown,False,False,,28.198999999999998,-82.36310000000002,-180.0,-180.0,True,0.1
IMG_1214.JPG,,,,,,,,,,,,27.949399999999997,-82.4613,,,True,0.0
IMG_1207.JPG,,,,,,,,,,,,27.949399999999997,-82.4613,,,True,0.0
IMG_1385.JPG,,,,,,,,,,,,28.198999999999998,-82.363,,,True,0.0
IMG_1332.JPG,,F48B5310-631C-4EF1-BB77-58EB6DA227C5,_/IMG_1332 (5).JPG.xmp,True,198398853.37301636,,,Unknown,False,False,,28.198999999999998,-82.363,-180.0,-180.0,True,0.1
IMG_1321.JPG,,,,,,,,,,,,28.198852799999997,-82.36321389999999,,,True,0.0
IMG_1353.JPG,,,,,,,,,,,,28.1986,-82.36310000000002,,,True,0.0
IMG_1275.JPG,,,,,,,,,,,,28.1987,-82.363,,,True,0.0
IMG_1266.JPG,,,,,,,,,,,,27.949099999999998,-82.4618,,,True,0.0
IMG_1346.JPG,,,,,,,,,,,,28.1986,-82.36310000000002,,,True,0.0
IMG_1355.JPG,,,,,,,,,,,,28.1987,-82.36310000000002,,,True,0.0
IMG_1260.JPG,,,,,,,,,,,,27.949299999999997,-82.4617,,,True,0.0
IMG_1225.JPG,,,,,,,,,,,,27.949402799999998,-82.4613944,,,True,0.0
IMG_1303.JPG,,,,,,,,,,,,28.1989,-82.36319999999999,,,True,0.0
IMG_1292.JPG,,E7A35317-DEE3-440A-95B9-FD5B4AA5A05C,_/IMG_1292 (1).JPG.xmp,True,149377967.3800001,,,Unknown,False,False,,28.1989,-82.36319999999999,-180.0,-180.0,True,0.1
IMG_1310.JPG,,,,,,,,,,,,28.1989,-82.36319999999999,,,True,0.0
IMG_1316.JPG,,,,,,,,,,,,28.1989,-82.36319999999999,,,True,0.0
IMG_1359.JPG,,,,,,,,,,,,28.1989,-82.363,,,True,0.0
IMG_1322.JPG,,,,,,,,,,,,28.198852799999997,-82.36321389999999,,,True,0.0
IMG_1217.JPG,,,,,,,,,,,,27.949399999999997,-82.4614,,,True,0.0
IMG_1258.JPG,,,,,,,,,,,,27.949299999999997,-82.4617,,,True,0.0
IMG_1395.JPG,,,,,,,,,,,,28.1897,-82.3718,,,True,0.0
IMG_1204.JPG,,,,,,,,,,,,27.9499,-82.462,,,True,0.0
IMG_1202.JPG,,,,,,,,,,,,27.9497,-82.4619,,,True,0.0
IMG_1380.JPG,,,,,,,,,,,,28.198999999999998,-82.363,,,True,0.0
IMG_1393.JPG,,,,,,,,,,,,28.1989,-82.3629,,,True,0.0
IMG_1208.JPG,,,,,,,,,,,,27.949399999999997,-82.4613,,,True,0.0
IMG_1399.JPG,,,,,,,,,,,,28.1894,-82.37169999999999,,,True,0.0
IMG_1361.JPG,,,,,,,,,,,,28.1988,-82.363,,,True,0.0
IMG_1372.JPG,,,,,,,,,,,,28.1988,-82.3629,,,True,0.0
IMG_1205.MOV,,13A3FDFF-9095-45AB-B56D-AAAD1C8FB714,_/IMG_1205 (7).MOV.xmp,True,264737376.0,,,Unknown,False,False,,27.9499,-82.462,-180.0,-180.0,True,0.1
IMG_1241.JPG,,,,,,,,,,,,27.949399999999997,-82.4614,,,True,0.0
IMG_1367.JPG,,,,,,,,,,,,28.1988,-82.363,,,True,0.0
IMG_1349.JPG,,,,,,,,,,,,28.1986,-82.36310000000002,,,True,0.0
IMG_1233.JPG,,EB027666-C775-4246-B302-BADC8DF449A1,_/IMG_1233 (5).JPG.xmp,True,198457371.75328732,,,Unknown,False,False,,27.949399999999997,-82.4613,-180.0,-180.0,True,0.1
IMG_1282.JPG,,,,,,,,,,,,28.1986,-82.36319999999999,,,True,0.0
IMG_1291.JPG,,36193652-6B96-45E8-AE98-32ADCC06A384,_/IMG_1291.JPG.xmp,True,149379091.54999995,,,Unknown,False,False,,28.1989,-82.36319999999999,-180.0,-180.0,True,0.1
IMG_1226.JPG,,,,,,,,,,,,27.949399999999997,-82.4614,,,True,0.0
IMG_1235.JPG,,F3A31F20-27ED-4D0C-A5AE-E70AE00F89EB,_/IMG_1235 (1).JPG.xmp,True,123385540.8457849,,,Unknown,False,False,,27.949399999999997,-82.4614,-180.0,-180.0,True,0.1
IMG_1268.MOV,,E4038FB1-89FE-422C-A1C6-62217A489DBE,_/IMG_1268 (2).MOV.xmp,True,159044540.0,,,Unknown,False,False,,27.949099999999998,-82.4626,28.1893,-82.3619,False,0.1
IMG_1263.JPG,,20D0B631-797A-4132-999D-7DD2D7B1EC35,_/IMG_1263 (3).JPG.xmp,True,158903168.09166288,,,Unknown,False,False,,27.949500000000004,-82.4615,-180.0,-180.0,True,0.1
IMG_1270.JPG,,,,,,,,,,,,28.1907,-82.35499999999999,,,True,0.0
IMG_1288.JPG,,,,,,,,,,,,28.1986,-82.36319999999999,,,True,0.0
IMG_1345.JPG,,,,,,,,,,,,28.1986,-82.36310000000002,,,True,0.0
IMG_1356.JPG,,,,,,,,,,,,28.1988,-82.363,,,True,0.0
IMG_1239.JPG,,,,,,,,,,,,27.949399999999997,-82.4614,,,True,0.0
IMG_1350.JPG,,,,,,,,,,,,28.1986,-82.36310000000002,,,True,0.0
IMG_1343.JPG,,,,,,,,,,,,28.1986,-82.36310000000002,,,True,0.0
IMG_1379.JPG,,,,,,,,,,,,28.199099999999998,-82.363,,,True,0.0
IMG_1325.JPG,,37B840AF-CA1E-4AE9-AF88-7A2E88A8BF59,_/IMG_1325 (1).JPG.xmp,True,149813324.0,,,Unknown,False,False,,28.1989,-82.36319999999999,-180.0,-180.0,True,0.1
IMG_1210.JPG,,,,,,,,,,,,27.949399999999997,-82.4613,,,True,0.0
IMG_1392.JPG,,,,,,,,,,,,28.1989,-82.3629,,,True,0.0
IMG_1247.MOV,,7532DD2F-7112-4D14-8F35-32DCF134681C,_/IMG_1247 (5).MOV.xmp,True,219061760.0,,,Unknown,False,False,,27.949399999999997,-82.4615,-180.0,-180.0,True,0.1
IMG_1247.MOV,,A82FE851-B9D1-45DC-B70F-C551D7F82ADD,_/IMG_1247 (3).MOV.xmp,True,198463057.0,,,Unknown,False,False,,27.949399999999997,-82.4615,-180.0,-180.0,True,0.1
IMG_1381.JPG,,,,,,,,,,,,28.198999999999998,-82.363,,,True,0.0
IMG_1203.JPG,,,,,,,,,,,,27.9499,-82.462,,,True,0.0
IMG_1259.JPG,,,,,,,,,,,,27.949299999999997,-82.4617,,,True,0.0
IMG_1394.JPG,,,,,,,,,,,,28.1989,-82.3629,,,True,0.0
IMG_1216.JPG,,,,,,,,,,,,27.949399999999997,-82.4614,,,True,0.0
IMG_1253.JPG,,,,,,,,,,,,27.949399999999997,-82.4617,,,True,0.0
IMG_1329.JPG,,,,,,,,,,,,28.198999999999998,-82.363,,,True,0.0
IMG_1375.JPG,,,,,,,,,,,,28.198999999999998,-82.363,,,True,0.0
IMG_1255.JPG,,,,,,,,,,,,27.949399999999997,-82.4614,,,True,0.0
IMG_1209.JPG,,,,,,,,,,,,27.949399999999997,-82.4613,,,True,0.0
IMG_1246.JPG,,,,,,,,,,,,27.949399999999997,-82.4614,,,True,0.0
IMG_1290.JPG,,4E86029E-52AD-47F0-B17E-EC60C6C1F22F,_/IMG_1290 (1).JPG.xmp,True,149379286.29999995,,,Unknown,False,False,,28.1986,-82.36319999999999,-180.0,-180.0,True,0.1
IMG_1312.JPG,,,,,,,,,,,,28.1989,-82.36319999999999,,,True,0.0
IMG_1301.JPG,,,,,,,,,,,,28.1989,-82.36319999999999,,,True,0.0
IMG_1227.JPG,,,,,,,,,,,,27.949399999999997,-82.4614,,,True,0.0
IMG_1348.JPG,,,,,,,,,,,,28.1986,-82.36310000000002,,,True,0.0
IMG_1314.JPG,,67F41C87-131D-4D11-A6CB-E1698F574BEC,_/IMG_1314_edited (6).jpeg.xmp,True,264662796.51699996,,,Unknown,False,False,,28.1989,-82.36319999999999,-180.0,-180.0,True,0.1
IMG_1296.JPG,,914C4788-398C-4651-8396-D51F69227FFD,_/IMG_1296 (1).JPG.xmp,True,149380453.70000005,,,Unknown,False,False,,28.1989,-82.36319999999999,-180.0,-180.0,True,0.1
IMG_1264.JPG,,39618CA3-EAEC-4094-9AAD-CDA8439514C0,_/IMG_1264 (4).JPG.xmp,True,158902794.7559812,,,Unknown,False,False,,27.949299999999997,-82.46159999999999,-180.0,-180.0,True,0.1
IMG_1264.JPG,,244EFC42-6976-4AE5-BA26-56DD4B2574AE,_/IMG_1264 (2).JPG.xmp,True,149542583.0,,,Unknown,False,False,,27.949299999999997,-82.46159999999999,-180.0,-180.0,True,0.1
IMG_1277.JPG,,,,,,,,,,,,28.1986,-82.36319999999999,,,True,0.0
IMG_1342.JPG,,,,,,,,,,,,28.1986,-82.36310000000002,,,True,0.0
IMG_1351.JPG,,,,,,,,,,,,28.1986,-82.36310000000002,,,True,0.0
IMG_1269.MOV,,5FE6143E-865E-4CA6-B974-C96A2C787273,_/IMG_1269 (2).MOV.xmp,True,159044628.0,,,Unknown,False,False,,27.9489,-82.46249999999999,28.1893,-82.3621,False,0.1
IMG_1357.JPG,,,,,,,,,,,,28.1989,-82.363,,,True,0.0
IMG_2287.JPG,,12A897EF-F54F-4442-AB0B-6EAD0A2A4A62,_/IMG_2287_edited (5).jpeg.xmp,True,210698459.81299996,,,Unknown,False,False,,28.013499999999997,-82.4708,-180.0,-180.0,True,0.1
IMG_2294.JPG,,E2593C9F-A157-44B8-ACE6-20464E92A4BD,_/IMG_2294 (6).JPG.xmp,True,219385756.70858335,,,Unknown,False,False,,28.013600000000004,-82.4704,-180.0,-180.0,True,0.1
IMG_2294.JPG,,245C61EE-3770-4D00-A3B0-7FA4C2DC3749,_/IMG_2294_edited (5).jpeg.xmp,True,210698169.96500015,,,Unknown,False,False,,28.013600000000004,-82.4704,-180.0,-180.0,True,0.1
IMG_2316.JPG,,DA7E3250-6E07-4C85-B245-678EE08D9F27,_/IMG_2316 (3).JPG.xmp,True,181387524.33500004,,,Unknown,False,False,,28.0143,-82.46929999999999,43.08390833333333,-79.07133616666667,False,0.1
IMG_2316.JPG,,C37C0BBC-E125-4E47-BD25-773AD81FCB70,_/IMG_2316_edited (4).jpeg.xmp,True,210697183.12100005,,,Unknown,False,False,,28.0143,-82.46929999999999,-180.0,-180.0,True,0.1
IMG_2310.JPG,,A3E325F7-C3E0-4DB7-8E22-639DF605CCDC,_/IMG_2310 (5).JPG.xmp,True,181388783.737,,,Unknown,False,False,,28.013600000000004,-82.4704,43.08390833333333,-79.07133616666667,False,0.1
IMG_2310.JPG,,7593CF71-FEE2-44FB-85E0-7F0DD84D34F0,_/IMG_2310_edited (6).jpeg.xmp,True,210698428.62899995,,,Unknown,False,False,,28.013600000000004,-82.4704,-180.0,-180.0,True,0.1
IMG_2310.JPG,,764BDEFD-7AA9-463C-872A-A22BBB848A88,_/IMG_2310 (4).JPG.xmp,True,178343699.2380793,,,Unknown,False,False,,28.013600000000004,-82.4704,-180.0,-180.0,True,0.1
IMG_2310.JPG,,B9999F23-CBCF-4E56-8E36-6C74D993A9BA,_/IMG_2310.JPG.xmp,True,73219256.0,,,Unknown,False,False,,28.013600000000004,-82.4704,-180.0,-180.0,True,0.1
IMG_2346.JPG,,C7D87EA5-D039-4148-91CB-24910C966B3F,_/IMG_2346_edited (5).jpeg.xmp,True,210691763.44899988,,,Unknown,False,False,,28.014699999999998,-82.46979999999999,-180.0,-180.0,True,0.1
IMG_2273.JPG,,22023E10-7E32-49BA-B058-A76C487E8688,_/IMG_2273_edited (5).jpeg.xmp,True,210699168.17999983,,,Unknown,False,False,,28.013399999999997,-82.4699,-180.0,-180.0,True,0.1
IMG_2273.JPG,,EC09C14C-2A47-40CB-B5B8-19DD35AFA972,_/IMG_2273.JPG.xmp,True,99556165.52438688,,,Unknown,False,False,,28.013399999999997,-82.4699,-180.0,-180.0,True,0.1
IMG_2275.JPG,,950CE425-22FD-4A03-8780-72E14843DCAA,_/IMG_2275_edited (5).jpeg.xmp,True,210699155.38199997,,,Unknown,False,False,,28.013299999999997,-82.4699,-180.0,-180.0,True,0.1
IMG_2332.JPG,,E2BA2FAD-667A-4153-96DD-666D046856E7,_/IMG_2332_edited (6).jpeg.xmp,True,210693301.99100018,,,Unknown,False,False,,28.014499999999998,-82.4704,-180.0,-180.0,True,0.1
IMG_2280.JPG,,47F1A697-9658-4773-A3FC-79DE7B20DBA0,_/IMG_2280_edited (6).jpeg.xmp,True,210698499.16900015,,,Unknown,False,False,,28.013499999999997,-82.4708,-180.0,-180.0,True,0.1
IMG_2280.JPG,,2CF9CED2-6A8F-44DA-A5EE-F49707830449,_/IMG_2280 (5).JPG.xmp,True,194855429.61776495,,,Unknown,False,False,,28.013499999999997,-82.4708,-180.0,-180.0,True,0.1
IMG_2295.JPG,,148B4C11-A791-4C48-8C7F-565A91BD27CA,_/IMG_2295 (8).JPG.xmp,True,219385965.10779476,,,Unknown,False,False,,28.0137,-82.4704,-180.0,-180.0,True,0.1
IMG_2295.JPG,,1D3BAF3C-95E7-4489-BE6E-609EF7405E3E,_/IMG_2295_edited (7).jpeg.xmp,True,210697921.06599998,,,Unknown,False,False,,28.0137,-82.4704,-180.0,-180.0,True,0.1
IMG_2295.JPG,,939537B0-1D5E-4BFC-A41D-1256E8B1CF2E,_/IMG_2295 (6).JPG.xmp,True,195019727.39584303,,,Unknown,False,False,,28.0137,-82.4704,-180.0,-180.0,True,0.1
IMG_2341.JPG,,16F96746-2E2A-4A2B-9346-AAEA8D184245,_/IMG_2341_edited (6).jpeg.xmp,True,210693272.98600006,,,Unknown,False,False,,28.0144,-82.4704,-180.0,-180.0,True,0.1
IMG_2347.JPG,,6C6BA954-25DF-4FF3-89BA-484F9EF3075F,_/IMG_2347_edited (5).jpeg.xmp,True,210691751.55900002,,,Unknown,False,False,,28.014699999999998,-82.46979999999999,-180.0,-180.0,True,0.1
IMG_2308.JPG,,7B87FD68-CBC4-47F9-9AD2-C669DBE6D10C,_/IMG_2308 (4).JPG.xmp,True,181388795.533,,,Unknown,False,False,,28.013600000000004,-82.4704,43.08390833333333,-79.07133616666667,False,0.1
IMG_2308.JPG,,D6CBB925-969A-428B-80E2-53A6DF4782F8,_/IMG_2308_edited (5).jpeg.xmp,True,210698440.42199993,,,Unknown,False,False,,28.013600000000004,-82.4704,-180.0,-180.0,True,0.1
IMG_2308.JPG,,CF871627-9527-47B1-A47B-51BF529B0D01,_/IMG_2308.JPG.xmp,True,73219251.0,,,Unknown,False,False,,28.013600000000004,-82.4704,-180.0,-180.0,True,0.1
IMG_2335.JPG,,546426BD-34BC-493D-908B-5C258328671B,_/IMG_2335_edited (6).jpeg.xmp,True,210693283.32000017,,,Unknown,False,False,,28.014499999999998,-82.4704,-180.0,-180.0,True,0.1
IMG_2333.JPG,,F7A90B92-A482-4630-A334-CA54FE88B809,_/IMG_2333_edited (6).jpeg.xmp,True,210693296.089,,,Unknown,False,False,,28.014499999999998,-82.4704,-180.0,-180.0,True,0.1
IMG_2344.JPG,,6711173B-D993-4339-8EC8-A7A3C620222B,_/IMG_2344_edited (6).jpeg.xmp,True,210693268.24800014,,,Unknown,False,False,,28.0144,-82.4705,-180.0,-180.0,True,0.1
IMG_2277.JPG,,34F472E4-975C-40C1-A567-CBE40C0D4E61,_/IMG_2277_edited (5).jpeg.xmp,True,210698439.58099985,,,Unknown,False,False,,28.013499999999997,-82.4708,-180.0,-180.0,True,0.1
IMG_2283.JPG,,C8BBEF56-0B37-4350-88BF-40E6B9C05AA8,_/IMG_2283_edited (5).jpeg.xmp,True,210698472.42299986,,,Unknown,False,False,,28.013499999999997,-82.4708,-180.0,-180.0,True,0.1
IMG_2301.JPG,,E03650F3-149B-47BB-9028-30C2E57EF1B4,_/IMG_2301 (8).JPG.xmp,True,219397442.0,,,Unknown,False,False,,28.013600000000004,-82.4705,-180.0,-180.0,True,0.1
IMG_2301.JPG,,48D98B14-8A19-45E3-9CBF-842183D6E55D,_/IMG_2301_edited (7).jpeg.xmp,True,210698472.78900003,,,Unknown,False,False,,28.013600000000004,-82.4705,-180.0,-180.0,True,0.1
IMG_2301.JPG,,D010AA82-B9E1-4EFF-ABD1-400F59E12E6D,_/IMG_2301.JPG.xmp,True,73219150.0,,,Unknown,False,False,,28.013600000000004,-82.4705,-180.0,-180.0,True,0.1
IMG_2330.JPG,,C316E331-0D82-40FA-A9E8-B536FC8B736F,_/IMG_2330_edited (6).jpeg.xmp,True,210697038.73399997,,,Unknown,False,False,,28.0143,-82.4691,-180.0,-180.0,True,0.1
IMG_2343.JPG,,079F831B-0D01-4335-AC9C-00B1F40ACCD2,_/IMG_2343_edited (5).jpeg.xmp,True,210693270.13399982,,,Unknown,False,False,,28.0144,-82.4705,-180.0,-180.0,True,0.1
IMG_2350.JPG,,E541542E-0366-4B23-AE2E-03E272927669,_/IMG_2350_edited (5).jpeg.xmp,True,210690511.8540001,,,Unknown,False,False,,28.014599999999998,-82.47019999999999,-180.0,-180.0,True,0.1
IMG_2270.JPG,,51ABC702-F864-4D3E-A826-7B56F8C20C5F,_/IMG_2270_edited (6).jpeg.xmp,True,210699168.92600012,,,Unknown,False,False,,28.013399999999997,-82.4699,-180.0,-180.0,True,0.1
IMG_2270.JPG,,F83DEE29-6CC9-4442-99DD-B79E90F631D6,_/IMG_2270.JPG.xmp,True,99556166.2243793,,,Unknown,False,False,,28.013399999999997,-82.4699,-180.0,-180.0,True,0.1
IMG_2300.JPG,,D4DA79DC-5F08-4644-8BA1-128916EFB395,_/IMG_2300.JPG.xmp,True,73219145.0,,,Unknown,False,False,,28.013600000000004,-82.4704,-180.0,-180.0,True,0.1
IMG_2284.JPG,,BDE32AB4-BBA8-42CD-9E20-ED63AFD86F94,_/IMG_2284_edited (5).jpeg.xmp,True,210698463.51100016,,,Unknown,False,False,,28.013499999999997,-82.4708,-180.0,-180.0,True,0.1
IMG_2297.JPG,,EAF6091F-B59B-4659-BEBB-69C7BDA8765E,_/IMG_2297_edited (8).jpeg.xmp,True,210697911.26600003,,,Unknown,False,False,,28.013600000000004,-82.4705,-180.0,-180.0,True,0.1
IMG_2328.JPG,,C50E7E55-40E9-4ADD-BB63-224DB2BF9FF5,_/IMG_2328_edited (5).jpeg.xmp,True,210697058.50099993,,,Unknown,False,False,,28.0143,-82.4695,-180.0,-180.0,True,0.1
IMG_2337.JPG,,DCE4DE25-C4AC-484E-8600-0B15978834EB,_/IMG_2337_edited (5).jpeg.xmp,True,210693279.50300002,,,Unknown,False,False,,28.014499999999998,-82.4705,-180.0,-180.0,True,0.1
IMG_2324.JPG,,F602AD1A-65A6-4C21-8C9F-55FA8B092D58,_/IMG_2324_edited (4).jpeg.xmp,True,210697171.10500002,,,Unknown,False,False,,28.0143,-82.46929999999999,-180.0,-180.0,True,0.1
IMG_2331.JPG,,921D63E5-F218-4BE6-95A8-FBA4BBDCC606,_/IMG_2331_edited (6).jpeg.xmp,True,210697037.9419999,,,Unknown,False,False,,28.0143,-82.4692,-180.0,-180.0,True,0.1
IMG_0504.HEIC,,5A513323-8752-4AAA-B362-643669D7A002,_/IMG_0504_edited (4).heic.xmp,True,213550453.46300006,,,Unknown,False,False,,28.190199999999997,-82.35730000000001,-180.0,-180.0,True,0.1
IMG_0504.HEIC,,08B96248-2CC2-4F5D-91AD-630008FE61AF,_/IMG_0504_edited (3).heic.xmp,True,161465167.39699984,,,Unknown,False,False,,28.190199999999997,-82.35730000000001,-180.0,-180.0,True,0.1
IMG_0504.HEIC,,D35AF04B-EA4B-447F-B1B3-568AF3F42F99,_/IMG_0504_edited (2).heic.xmp,True,143559624.0580001,,,Unknown,False,False,,28.190199999999997,-82.35730000000001,-180.0,-180.0,True,0.1
IMG_0504.HEIC,,57BEC5B2-9204-430E-B640-D9D43CF45632,_/IMG_0504.HEIC.xmp,True,39986470.10532951,,,Unknown,False,False,,28.190199999999997,-82.35730000000001,-180.0,-180.0,True,0.1
IMG_0482.HEIC,,C8AB033E-9236-40E3-B62E-E1A314E12630,_/IMG_0482_edited (7).heic.xmp,True,182626728.90700006,,,Unknown,False,False,,28.144499999999997,-82.7907,-180.0,-180.0,True,0.1
IMG_0482.HEIC,,A028E523-BEA4-4643-92C4-0EBE3FF5D19A,_/IMG_0482_edited (6).heic.xmp,True,143702612.786,,,Unknown,False,False,,28.144499999999997,-82.7907,-180.0,-180.0,True,0.1
IMG_0482.HEIC,,45E43FB2-7165-4D56-9A7B-99178FEC7FE6,_/IMG_0482_edited (5).heic.xmp,True,121622498.89882135,,,Unknown,False,False,,28.144499999999997,-82.7907,-180.0,-180.0,True,0.1
IMG_0482.HEIC,,D661D670-11DC-4F20-8064-A6E0634A58CC,_/IMG_0482 (3).HEIC.xmp,True,116037954.62158108,,,Unknown,False,False,,28.144499999999997,-82.7907,-180.0,-180.0,True,0.1
IMG_0482.HEIC,,DFE761E4-8AF0-4140-A3AF-46DA8882BB4D,_/IMG_0482.HEIC.xmp,True,40163828.48406601,,,Unknown,False,False,,28.144499999999997,-82.7907,-180.0,-180.0,True,0.1
IMG_0479.HEIC,,D5AC7BFA-9B00-48B3-B963-93EEA727CD03,_/IMG_0479_edited (6).heic.xmp,True,182626939.21899986,,,Unknown,False,False,,28.1438,-82.79039999999999,-180.0,-180.0,True,0.1
IMG_0479.HEIC,,CE4A9C45-0C45-454B-87C5-CCAF65673783,_/IMG_0479_edited (5).heic.xmp,True,121622691.34899282,,,Unknown,False,False,,28.1438,-82.79039999999999,-180.0,-180.0,True,0.1
IMG_0479.HEIC,,B050550C-5DF3-4B16-B929-E2A37CC4A229,_/IMG_0479 (3).HEIC.xmp,True,116038114.12545753,,,Unknown,False,False,,28.1438,-82.79039999999999,-180.0,-180.0,True,0.1
IMG_0479.HEIC,,AE0E6AAB-781A-4AC2-B1F6-DD0EE2AF3742,_/IMG_0479.HEIC.xmp,True,40163858.61795282,,,Unknown,False,False,,28.1438,-82.79039999999999,-180.0,-180.0,True,0.1
00DF57CF-F162-44AE-BB48-1541B85D01C2.jpg,,,,,,,,,,,,0.0,0.0,,,False,0.0
IMG_0495.HEIC,,2F6DE79D-2DA3-475E-B3F5-1A64EB32A95D,_/IMG_0495_edited (9).heic.xmp,True,213720178.76699996,,,Unknown,False,False,,28.145899999999997,-82.7426,-180.0,-180.0,True,0.1
IMG_0495.HEIC,,3336B34D-49B2-42F2-8C36-BD0F9AA94152,_/IMG_0495_edited (8).heic.xmp,True,182620800.73600006,,,Unknown,False,False,,28.145899999999997,-82.7426,-180.0,-180.0,True,0.1
IMG_0495.HEIC,,D376FD25-4FEE-4B3A-B0F5-6C2720CA4B7F,_/IMG_0495_edited (6).heic.xmp,True,161619471.77400017,,,Unknown,False,False,,28.145899999999997,-82.7426,-180.0,-180.0,True,0.1
IMG_0495.HEIC,,1FD6848F-4376-4D96-8751-4F10CA12A45B,_/IMG_0495_edited (5).heic.xmp,True,143730976.82800007,,,Unknown,False,False,,28.145899999999997,-82.7426,-180.0,-180.0,True,0.1
IMG_0495.HEIC,,12829DCD-1138-4AA2-A18E-31DE293846D0,_/IMG_0495 (2).HEIC.xmp,True,86981342.48934436,,,Unknown,False,False,,28.145899999999997,-82.7426,-180.0,-180.0,True,0.1
IMG_0495.HEIC,,3C3C22CA-9935-4827-82C8-B53E359CB353,_/IMG_0495_edited.jpeg.xmp,True,40158008.016057014,,,Unknown,False,False,,28.145899999999997,-82.7426,-180.0,-180.0,True,0.1
IMG_0471.HEIC,,1D38E404-555C-43D2-BC21-5A13FAD05CB7,_/IMG_0471 (3).HEIC.xmp,True,119139251.62520027,,,Unknown,False,False,,28.144499999999997,-82.7906,42.35595,-71.0668555,False,0.1
IMG_0471.HEIC,,20605B6E-5D9A-4E4F-8CC4-265FEDCF7DF0,_/IMG_0471 (8).HEIC.xmp,True,213559785.21000004,,,Unknown,False,False,,28.144499999999997,-82.7906,-180.0,-180.0,True,0.1
IMG_0471.HEIC,,F26B0803-35FB-4453-8008-DF2704E10605,_/IMG_0471_edited (7).heic.xmp,True,182627037.13100004,,,Unknown,False,False,,28.144499999999997,-82.7906,-180.0,-180.0,True,0.1
IMG_0471.HEIC,,5C045799-2194-4774-956A-93405D5FDDDC,_/IMG_0471_edited (6).heic.xmp,True,177782697.0079999,,,Unknown,False,False,,28.144499999999997,-82.7906,-180.0,-180.0,True,0.1
IMG_0471.HEIC,,06A42370-9731-459A-A5CE-4479846D9D7F,_/IMG_0471_edited (4).heic.xmp,True,121622841.11426067,,,Unknown,False,False,,28.144499999999997,-82.7906,-180.0,-180.0,True,0.1
IMG_0471.HEIC,,BFDFA25D-2E24-42F6-B8A2-F8A67A8A3770,_/IMG_0471 (2).HEIC.xmp,True,116038129.82902193,,,Unknown,False,False,,28.144499999999997,-82.7906,-180.0,-180.0,True,0.1
IMG_0471.HEIC,,66EA4F12-5098-4F3F-84B2-286F1D1C281D,_/IMG_0471.HEIC.xmp,True,40109083.500896215,,,Unknown,False,False,,28.144499999999997,-82.7906,-180.0,-180.0,True,0.1
IMG_0485.MOV,,C7DA71FA-B26F-4F57-A771-A235A04D4BC4,_/IMG_0485 (6).MOV.xmp,True,177781000.0,,,Unknown,False,False,,28.1438,-82.7905,-180.0,-180.0,True,0.1
28570884-9F03-4962-AB19-2EF7066F35B1.jpg,,,,,,,,,,,,0.0,0.0,,,False,0.0
IMG_0489.HEIC,,E3FB162E-23DD-4798-8209-0EFB14513C74,_/IMG_0489_edited (8).heic.xmp,True,213725295.07700014,,,Unknown,False,False,,28.1438,-82.7905,-180.0,-180.0,True,0.1
IMG_0489.HEIC,,AD144069-37D7-4EA1-B631-9B1245A5EAEE,_/IMG_0489_edited (7).heic.xmp,True,182626408.19799995,,,Unknown,False,False,,28.1438,-82.7905,-180.0,-180.0,True,0.1
IMG_0489.HEIC,,73D62337-1829-48D8-B009-9098AD00AB7B,_/IMG_0489_edited (6).heic.xmp,True,177801484.92799997,,,Unknown,False,False,,28.1438,-82.7905,-180.0,-180.0,True,0.1
IMG_0489.HEIC,,0B14EE86-B5E9-4F4E-978C-54FF68181D3A,_/IMG_0489_edited (5).heic.xmp,True,121627751.69245672,,,Unknown,False,False,,28.1438,-82.7905,-180.0,-180.0,True,0.1
IMG_0489.HEIC,,D6D339F1-C552-4A61-801E-BC43F5842795,_/IMG_0489 (3).HEIC.xmp,True,116037617.68335962,,,Unknown,False,False,,28.1438,-82.7905,-180.0,-180.0,True,0.1
IMG_0489.HEIC,,6226FCE2-3FBF-482E-BF44-EABF528F229A,_/IMG_0489 (2).HEIC.xmp,True,86986853.69154882,,,Unknown,False,False,,28.1438,-82.7905,-180.0,-180.0,True,0.1
IMG_0489.HEIC,,D0EABAD0-551D-40BE-B509-710E09D995A4,_/IMG_0489_edited.jpeg.xmp,True,40163547.99304438,,,Unknown,False,False,,28.1438,-82.7905,-180.0,-180.0,True,0.1
IMG_0468.HEIC,,4F509A4D-872C-473D-ACC7-C92E8876FE4D,_/IMG_0468 (3).HEIC.xmp,True,119152864.05937195,,,Unknown,False,False,,28.234499999999997,-82.3509,42.35599166666667,-71.06681116666667,False,0.1
IMG_0468.HEIC,,4346F1DB-C1A5-425F-867E-1A464C453505,_/IMG_0468_edited (5).heic.xmp,True,182640696.89199996,,,Unknown,False,False,,28.234499999999997,-82.3509,-180.0,-180.0,True,0.1
IMG_0468.HEIC,,21F9A228-77F2-4F0F-BEA1-8C4BA5C6A7C1,_/IMG_0468 (2).HEIC.xmp,True,116037095.30482435,,,Unknown,False,False,,28.234499999999997,-82.3509,-180.0,-180.0,True,0.1
IMG_0481.HEIC,,6C23A55C-920B-4DC3-9ED3-894DC7F6E50B,_/IMG_0481_edited (6).heic.xmp,True,182626739.48500013,,,Unknown,False,False,,28.144499999999997,-82.7907,-180.0,-180.0,True,0.1
IMG_0481.HEIC,,273E388B-53C5-46D0-82F4-AB152D133E8F,_/IMG_0481_edited (5).heic.xmp,True,121622509.36528587,,,Unknown,False,False,,28.144499999999997,-82.7907,-180.0,-180.0,True,0.1
IMG_0481.HEIC,,1FDDB744-E119-483E-BA46-A6A9F1ACF2F1,_/IMG_0481 (3).HEIC.xmp,True,116037938.47763872,,,Unknown,False,False,,28.144499999999997,-82.7907,-180.0,-180.0,True,0.1
IMG_0481.HEIC,,CFD77D80-CAC9-4C56-A167-C3B3D3820C0B,_/IMG_0481_edited.jpeg.xmp,True,40163685.60459137,,,Unknown,False,False,,28.144499999999997,-82.7907,-180.0,-180.0,True,0.1
IMG_0463.MOV,,5563A1D2-C988-4D70-8EE9-D7E3FD983767,_/IMG_0463 (4).MOV.xmp,True,161487242.0,,,Unknown,False,False,,28.2346,-82.3511,-180.0,-180.0,True,0.1
IMG_0496.HEIC,,43DC5CF4-C361-4586-9D34-A9B179316C43,_/IMG_0496_edited (7).heic.xmp,True,213719474.22099996,,,Unknown,False,False,,28.145599999999998,-82.7426,-180.0,-180.0,True,0.1
IMG_0496.HEIC,,DB719DF5-6307-4309-B868-E47189419488,_/IMG_0496_edited (6).heic.xmp,True,182620095.84700012,,,Unknown,False,False,,28.145599999999998,-82.7426,-180.0,-180.0,True,0.1
IMG_0496.HEIC,,978EA99E-D5E9-4E9C-9236-781680003250,_/IMG_0496_edited (5).heic.xmp,True,143730281.97300005,,,Unknown,False,False,,28.145599999999998,-82.7426,-180.0,-180.0,True,0.1
IMG_0496.HEIC,,27B1B665-E464-44B6-A0FA-634892404468,_/IMG_0496 (4).HEIC.xmp,True,116080620.79494643,,,Unknown,False,False,,28.145599999999998,-82.7426,-180.0,-180.0,True,0.1
IMG_0496.HEIC,,600049CD-D526-4398-A2AB-92DE19EB243A,_/IMG_0496_edited (1).jpeg.xmp,True,62954785.525000095,,,Unknown,False,False,,28.145599999999998,-82.7426,-180.0,-180.0,True,0.1
IMG_0496.HEIC,,B4EA00CF-5C18-466B-9DE5-DC19E9780AF7,_/IMG_0496_edited.jpeg.xmp,True,40157308.55676031,,,Unknown,False,False,,28.145599999999998,-82.7426,-180.0,-180.0,True,0.1
IMG_0476.HEIC,,FA519B98-29B5-437C-860C-E3294A8BB424,_/IMG_0476 (3).HEIC.xmp,True,119139148.62681627,,,Unknown,False,False,,28.1438,-82.79039999999999,42.35597,-71.06677216666667,False,0.1
IMG_0476.HEIC,,43AC9825-76AD-40A8-8886-4C4A0E9F4670,_/IMG_0476_edited (5).heic.xmp,True,182626946.37300014,,,Unknown,False,False,,28.1438,-82.79039999999999,-180.0,-180.0,True,0.1
IMG_0476.HEIC,,2C7486C4-086C-441A-870E-8D9C97CC2A4E,_/IMG_0476_edited (4).heic.xmp,True,121622700.04846048,,,Unknown,False,False,,28.1438,-82.79039999999999,-180.0,-180.0,True,0.1
IMG_0476.HEIC,,C96FC13D-26F2-4A7B-A92D-B1225F615601,_/IMG_0476 (2).HEIC.xmp,True,116038117.26872516,,,Unknown,False,False,,28.1438,-82.79039999999999,-180.0,-180.0,True,0.1
IMG_0476.HEIC,,34879EEC-9552-43A3-8941-AC0F4371DA80,_/IMG_0476.HEIC.xmp,True,40163791.80752802,,,Unknown,False,False,,28.1438,-82.79039999999999,-180.0,-180.0,True,0.1
IMG_0488.HEIC,,D08B86ED-1254-44C2-B8BD-80D75971E5A8,_/IMG_0488 (4).HEIC.xmp,True,119217843.3163352,,,Unknown,False,False,,28.1438,-82.7905,42.34518,-71.08283883333333,False,0.1
IMG_0488.HEIC,,89546FE5-E6B5-49FF-A6BE-091A3B7F00F2,_/IMG_0488_edited (8).heic.xmp,True,213725296.66900015,,,Unknown,False,False,,28.1438,-82.7905,-180.0,-180.0,True,0.1
IMG_0488.HEIC,,D2FDD1CC-9F7E-4BF8-8D7E-76D9043C7C84,_/IMG_0488_edited (7).heic.xmp,True,182626405.362,,,Unknown,False,False,,28.1438,-82.7905,-180.0,-180.0,True,0.1
IMG_0488.HEIC,,1984AAA4-676C-4804-BC69-03080B67F7B1,_/IMG_0488_edited (6).heic.xmp,True,177801486.50699997,,,Unknown,False,False,,28.1438,-82.7905,-180.0,-180.0,True,0.1
IMG_0488.HEIC,,EBB4D128-A074-48B6-8AE8-B56D2617C2B1,_/IMG_0488 (3).HEIC.xmp,True,116037619.07473087,,,Unknown,False,False,,28.1438,-82.7905,-180.0,-180.0,True,0.1
IMG_0488.HEIC,,3BE41996-3AEC-4962-ACE5-552EF905CA66,_/IMG_0488 (2).HEIC.xmp,True,86986851.12018323,,,Unknown,False,False,,28.1438,-82.7905,-180.0,-180.0,True,0.1
IMG_0488.HEIC,,706678D6-073D-4064-8594-59C29B2FE5A6,_/IMG_0488.HEIC.xmp,True,40163524.1823957,,,Unknown,False,False,,28.1438,-82.7905,-180.0,-180.0,True,0.1
IMG_0473.HEIC,,8905FDAE-FE5B-478A-BF56-9742460357FB,_/IMG_0473 (2).HEIC.xmp,True,119139266.9517467,,,Unknown,False,False,,28.144499999999997,-82.7906,42.355958333333334,-71.06678883333333,False,0.1
IMG_0473.HEIC,,77162949-1C2A-4C13-94CE-F3DF0B5F2F6F,_/IMG_0473_edited (6).heic.xmp,True,213561025.51900005,,,Unknown,False,False,,28.144499999999997,-82.7906,-180.0,-180.0,True,0.1
IMG_0473.HEIC,,3E939746-AFC5-4FE2-832E-700CF07F63F3,_/IMG_0473_edited (5).heic.xmp,True,182627032.13999987,,,Unknown,False,False,,28.144499999999997,-82.7906,-180.0,-180.0,True,0.1
IMG_0473.HEIC,,84ABA865-CCE7-420C-BD36-17B11F117FAB,_/IMG_0473_edited (3).heic.xmp,True,121622825.58100033,,,Unknown,False,False,,28.144499999999997,-82.7906,-180.0,-180.0,True,0.1
IMG_0473.HEIC,,6D6A9BD8-1A75-4AD2-80C3-21CEBEBB70CA,_/IMG_0473 (1).HEIC.xmp,True,116038150.18147969,,,Unknown,False,False,,28.144499999999997,-82.7906,-180.0,-180.0,True,0.1
811DA20D-743C-4598-8537-58D1ADDCB089.jpg,,,,,,,,,,,,0.0,0.0,,,False,0.0
IMG_0497.HEIC,,BDAA65A9-60B9-4454-9ECB-B84FA557D229,_/IMG_0497_edited (6).heic.xmp,True,182620128.737,,,Unknown,False,False,,28.145599999999998,-82.7427,-180.0,-180.0,True,0.1
IMG_0497.HEIC,,FFB0DB66-1257-4FE9-97C5-1EA4DABCF54F,_/IMG_0497 (5).HEIC.xmp,True,177870921.41900015,,,Unknown,False,False,,28.145599999999998,-82.7427,-180.0,-180.0,True,0.1
IMG_0497.HEIC,,7F840D53-3864-41ED-A324-2B485D220223,_/IMG_0497_edited (4).heic.xmp,True,143730291.59399986,,,Unknown,False,False,,28.145599999999998,-82.7427,-180.0,-180.0,True,0.1
IMG_0497.HEIC,,6D38A117-481B-4789-8282-3835FDD20D2D,_/IMG_0497 (3).HEIC.xmp,True,116080634.42531395,,,Unknown,False,False,,28.145599999999998,-82.7427,-180.0,-180.0,True,0.1
IMG_0497.HEIC,,C9842ACA-8D26-4533-9DE8-B0D54872783A,_/IMG_0497_edited.jpeg.xmp,True,40157305.09820175,,,Unknown,False,False,,28.145599999999998,-82.7427,-180.0,-180.0,True,0.1
IMG_0503.MOV,,5B09FE51-B4A1-4276-B099-F349AE9F74EB,_/IMG_0503 (2).MOV.xmp,True,119128461.0,,,Unknown,False,False,,28.190199999999997,-82.3574,41.4674,-71.298,False,0.1
IMG_0500.HEIC,,EB929997-16A1-400C-8423-9AF90695EFD4,_/IMG_0500_edited (6).heic.xmp,True,213723680.54900002,,,Unknown,False,False,,28.1455,-82.7426,-180.0,-180.0,True,0.1
IMG_0500.HEIC,,F69E6E6A-87BA-4F19-AAE1-1C0E02319269,_/IMG_0500_edited (5).heic.xmp,True,182620132.03399992,,,Unknown,False,False,,28.1455,-82.7426,-180.0,-180.0,True,0.1
IMG_0500.HEIC,,DE24CA75-8CE8-40A9-9F41-B53DD6A95B47,_/IMG_0500_edited (4).heic.xmp,True,177881252.43700004,,,Unknown,False,False,,28.1455,-82.7426,-180.0,-180.0,True,0.1
IMG_0500.HEIC,,26169E98-CEA9-46E5-A1CC-5FD66AB9CB0A,_/IMG_0500_edited (3).heic.xmp,True,143732686.60899997,,,Unknown,False,False,,28.1455,-82.7426,-180.0,-180.0,True,0.1
IMG_0500.HEIC,,D756EDCB-27F0-413D-9458-F672C59936C2,_/IMG_0500_edited (2).heic.xmp,True,121622882.68677878,,,Unknown,False,False,,28.1455,-82.7426,-180.0,-180.0,True,0.1
IMG_0500.HEIC,,08B70353-BF44-4759-BDAC-D2234606D63B,_/IMG_0500.HEIC.xmp,True,40157388.73337889,,,Unknown,False,False,,28.1455,-82.7426,-180.0,-180.0,True,0.1
IMG_0491.HEIC,,7A61B482-E539-460C-ACE8-635E21336E80,_/IMG_0491 (2).HEIC.xmp,True,119216762.24750566,,,Unknown,False,False,,28.144099999999998,-82.7909,42.34673333333333,-71.0826195,False,0.1
IMG_0491.HEIC,,A51C9854-9394-4B4E-BA28-93A7DC473BF2,_/IMG_0491_edited (6).heic.xmp,True,213721391.64199996,,,Unknown,False,False,,28.144099999999998,-82.7909,-180.0,-180.0,True,0.1
IMG_0491.HEIC,,DCA1B034-A248-4B8A-BA2A-0D99ED22D12E,_/IMG_0491_edited (5).heic.xmp,True,182622496.67000008,,,Unknown,False,False,,28.144099999999998,-82.7909,-180.0,-180.0,True,0.1
IMG_0491.HEIC,,0D3372BD-528B-418D-9BE2-BA257ADC21E7,_/IMG_0491_edited (4).heic.xmp,True,143732641.68200016,,,Unknown,False,False,,28.144099999999998,-82.7909,-180.0,-180.0,True,0.1
IMG_0491.HEIC,,58D0E7D2-3820-4DC8-88C5-91A69140AE3B,_/IMG_0491 (1).HEIC.xmp,True,86982945.56401205,,,Unknown,False,False,,28.144099999999998,-82.7909,-180.0,-180.0,True,0.1
IMG_0491.HEIC,,ABDA4C98-AD9D-4D2F-A49A-6088E1332D84,_/IMG_0491_edited.jpeg.xmp,True,40159637.53404236,,,Unknown,False,False,,28.144099999999998,-82.7909,-180.0,-180.0,True,0.1
IMG_0467.HEIC,,7BDB384E-2AA2-4AD8-AB72-86097E3B507C,_/IMG_0467 (3).HEIC.xmp,True,119152867.19197202,,,Unknown,False,False,,28.234499999999997,-82.3509,42.35599166666667,-71.06680283333333,False,0.1
IMG_0467.HEIC,,62DC4415-8D6C-4365-BC26-F6553BC624A1,_/IMG_0467_edited (6).heic.xmp,True,213509948.27900004,,,Unknown,False,False,,28.234499999999997,-82.3509,-180.0,-180.0,True,0.1
IMG_0467.HEIC,,6DA22F9A-A10F-4764-8D5F-7AF1B0A29147,_/IMG_0467_edited (5).heic.xmp,True,182640699.4330001,,,Unknown,False,False,,28.234499999999997,-82.3509,-180.0,-180.0,True,0.1
IMG_0467.HEIC,,257007D9-BF8D-448B-9A6C-99601011BA5A,_/IMG_0467 (2).HEIC.xmp,True,116036802.07204938,,,Unknown,False,False,,28.234499999999997,-82.3509,-180.0,-180.0,True,0.1
IMG_0467.HEIC,,77662827-605C-4D6F-8C79-A7EAB40BD064,_/IMG_0467.HEIC.xmp,True,40122754.34604168,,,Unknown,False,False,,28.234499999999997,-82.3509,-180.0,-180.0,True,0.1
10C2F278-1B28-4EAB-A34D-B570EC446076.jpg,,,,,,,,,,,,0.0,0.0,,,False,0.0
IMG_0470.HEIC,,B7DF70EC-C26D-4464-8DE4-EC0335B61710,_/IMG_0470 (3).HEIC.xmp,True,119139865.98975515,,,Unknown,False,False,,28.144399999999997,-82.79079999999999,42.35597166666667,-71.06684166666666,False,0.1
IMG_0470.HEIC,,C72B8E3F-6C47-44EA-8FEC-52AABFF81B73,_/IMG_0470_edited (7).heic.xmp,True,182627654.2420001,,,Unknown,False,False,,28.144399999999997,-82.79079999999999,-180.0,-180.0,True,0.1
IMG_0470.HEIC,,1DA86326-9FB7-446A-BEF1-DFEBC02A95C8,_/IMG_0470_edited (6).heic.xmp,True,177783308.2090001,,,Unknown,False,False,,28.144399999999997,-82.79079999999999,-180.0,-180.0,True,0.1
IMG_0470.HEIC,,E8E99575-3EA2-4464-8A2D-C00AD317E781,_/IMG_0470_edited (4).heic.xmp,True,121623458.78088427,,,Unknown,False,False,,28.144399999999997,-82.79079999999999,-180.0,-180.0,True,0.1
IMG_0470.HEIC,,4012A987-7195-4700-8E2C-A49F60CE597D,_/IMG_0470 (2).HEIC.xmp,True,116038745.02126789,,,Unknown,False,False,,28.144399999999997,-82.79079999999999,-180.0,-180.0,True,0.1
IMG_0470.HEIC,,485D8858-08EE-4A4C-B366-B610B8133A68,_/IMG_0470.HEIC.xmp,True,40109697.837013006,,,Unknown,False,False,,28.144399999999997,-82.79079999999999,-180.0,-180.0,True,0.1
IMG_8144.JPG,,,,,,,,,,,,28.191100000000002,-82.3933,,,True,0.0
IMG_2151.MOV,,C79DF7B0-5B68-4143-B7EE-8453200BF21C,_/IMG_2151 (2).MOV.xmp,True,247107053.0,,,Unknown,False,False,,27.949299999999997,-82.4615,-180.0,-180.0,True,0.1
IMG_2151.MOV,,7F5A4B63-1C5F-425E-B7DB-D1C619466114,_/IMG_2151 (1).MOV.xmp,True,150760638.0,,,Unknown,False,False,,27.949299999999997,-82.4615,-180.0,-180.0,True,0.1
IMG_2150.JPG,,,,,,,,,,,,27.949399999999997,-82.4614,,,True,0.0
IMG_2167.JPG,,334D9E5C-0E58-41B6-94DD-C9370545D3F7,_/IMG_2167 (4).JPG.xmp,True,180500764.62310934,,,Unknown,False,False,,27.949399999999997,-82.46159999999999,-180.0,-180.0,True,0.1
IMG_2144.JPG,,2F141E5F-A2B1-4DB8-AEDF-3C7D2DD11568,_/IMG_2144 (2).JPG.xmp,True,157321522.0,,,Unknown,False,False,,27.949399999999997,-82.4613,-180.0,-180.0,True,0.1
IMG_2172.MOV,,66C8D8EA-6A2D-47DB-A085-E5CE77D42B5C,_/IMG_2172 (6).MOV.xmp,True,247152599.0,,,Unknown,False,False,,27.949399999999997,-82.46119999999999,-180.0,-180.0,True,0.1
IMG_2172.MOV,,35079467-C61A-4195-8A65-B236AD2970F1,_/IMG_2172 (5).MOV.xmp,True,211902345.0,,,Unknown,False,False,,27.949399999999997,-82.46119999999999,-180.0,-180.0,True,0.1
IMG_2172.MOV,,ED69E572-C5B9-4A6F-B4A5-69E83F692E7E,_/IMG_2172 (1).MOV.xmp,True,150766775.0,,,Unknown,False,False,,27.949399999999997,-82.46119999999999,-180.0,-180.0,True,0.1
IMG_2152.JPG,,,,,,,,,,,,27.949299999999997,-82.4617,,,True,0.0
IMG_2154.JPG,,,,,,,,,,,,27.949299999999997,-82.4617,,,True,0.0
IMG_2171.MOV,,67FD3591-CF00-4F6A-B067-B7AA87FBE74F,_/IMG_2171 (7).MOV.xmp,True,247156784.0,,,Unknown,False,False,,27.949399999999997,-82.46159999999999,-180.0,-180.0,True,0.1
IMG_2171.MOV,,8112CCB1-799E-4C7C-A7C2-71B06584611A,_/IMG_2171 (6).MOV.xmp,True,219772798.0,,,Unknown,False,False,,27.949399999999997,-82.46159999999999,-180.0,-180.0,True,0.1
IMG_2171.MOV,,4A72F9B7-74A7-4C21-9B32-97292BB96AE8,_/IMG_2171 (5).MOV.xmp,True,211907520.0,,,Unknown,False,False,,27.949399999999997,-82.46159999999999,-180.0,-180.0,True,0.1
IMG_2171.MOV,,25D35EE9-5081-4A5A-9771-625C4F2F7337,_/IMG_2171 (1).MOV.xmp,True,150771964.0,,,Unknown,False,False,,27.949399999999997,-82.46159999999999,-180.0,-180.0,True,0.1
IMG_2169.JPG,,,,,,,,,,,,27.949399999999997,-82.4615,,,True,0.0
IMG_2133.JPG,,8D061B43-272A-4DAA-A374-99A3753E5F0C,_/IMG_2133 (3).JPG.xmp,True,157323004.0,,,Unknown,False,False,,27.9492,-82.4614,-180.0,-180.0,True,0.1
IMG_2140.JPG,,,,,,,,,,,,27.949299999999997,-82.4615,,,True,0.0
IMG_2132.JPG,,,,,,,,,,,,27.949399999999997,-82.46119999999999,,,True,0.0
IMG_2168.JPG,,,,,,,,,,,,27.949399999999997,-82.4615,,,True,0.0
IMG_0785.JPG,,,,,,,,,,,,28.0494,-82.6959,,,True,0.0
IMG_0796.JPG,,,,,,,,,,,,28.089399999999998,-82.7028,,,True,0.0
IMG_0783.JPG,,,,,,,,,,,,28.049599999999998,-82.6959,,,True,0.0
IMG_0789.JPG,,,,,,,,,,,,28.089299999999998,-82.7029,,,True,0.0
IMG_0802.JPG,,,,,,,,,,,,28.253899999999998,-82.7576,,,True,0.0
IMG_0804.JPG,,,,,,,,,,,,28.253999999999998,-82.7576,,,True,0.0
IMG_0782.JPG,,,,,,,,,,,,28.049599999999998,-82.6959,,,True,0.0
IMG_0771.MOV,,3B5E0855-EB49-46FB-8126-9D709B279BE6,_/IMG_0771 (9).MOV.xmp,True,220575569.0,,,Unknown,False,False,,28.195800000000002,-82.3699,-180.0,-180.0,True,0.1
IMG_0771.MOV,,1FEA2A65-6FDA-4748-A656-0AB77592A72D,_/IMG_0771 (8).MOV.xmp,True,216255418.0,,,Unknown,False,False,,28.195800000000002,-82.3699,-180.0,-180.0,True,0.1
IMG_0771.MOV,,2E0E5060-32E9-484C-B057-1D34BF1E9B13,_/IMG_0771 (5).MOV.xmp,True,159474451.0,,,Unknown,False,False,,28.195800000000002,-82.3699,-180.0,-180.0,True,0.1
IMG_0771.MOV,,50D79C9D-5EB2-40AD-B9FE-903C238ACB10,_/IMG_0771 (3).MOV.xmp,True,154824666.0,,,Unknown,False,False,,28.195800000000002,-82.3699,-180.0,-180.0,True,0.1
IMG_0770.JPG,,,,,,,,,,,,28.1989,-82.3641,,,True,0.0
IMG_0805.JPG,,,,,,,,,,,,28.253999999999998,-82.7573,,,True,0.0
IMG_0803.JPG,,17404B3E-0926-4E57-8F2C-BF43E545B414,_/IMG_0803 (6).JPG.xmp,True,199665940.66856384,,,Unknown,False,False,,28.253899999999998,-82.75739999999999,-180.0,-180.0,True,0.1
IMG_0809.JPG,,,,,,,,,,,,28.1905,-82.3772,,,True,0.0
IMG_0773.JPG,,,,,,,,,,,,28.0886,-82.70049999999999,,,True,0.0
IMG_0787.JPG,,,,,,,,,,,,28.089299999999998,-82.7029,,,True,0.0
IMG_0799.MOV,,67EA67DA-7C10-445B-84CE-5F5C3498404A,_/IMG_0799 (6).MOV.xmp,True,216241160.0,,,Unknown,False,False,,28.089299999999998,-82.7029,-180.0,-180.0,True,0.1
IMG_0800.JPG,,,,,,,,,,,,28.089299999999998,-82.7028,,,True,0.0
IMG_0806.JPG,,,,,,,,,,,,28.2544,-82.75699999999999,,,True,0.0
IMG_0774.JPG,,,,,,,,,,,,28.0886,-82.70049999999999,,,True,0.0
IMG_0778.JPG,,,,,,,,,,,,28.0886,-82.70060000000001,,,True,0.0
IMG_0807.JPG,,,,,,,,,,,,28.1905,-82.3772,,,True,0.0
IMG_1408.MOV,,D36CACE0-097F-4216-9250-A09BEAB67D54,_/IMG_1408 (4).MOV.xmp,True,70206286.0,,,Unknown,False,False,,28.217399999999998,-82.3548,25.8975,-81.3353,False,0.1
IMG_1408.MOV,,D2694527-4AA4-4320-B0F9-CC87416DBD02,_/IMG_1408 (7).MOV.xmp,True,160218447.0,,,Unknown,False,False,,28.217399999999998,-82.3548,-180.0,-180.0,True,0.1
IMG_1408.MOV,,4070EA39-8CD7-4FC3-88B2-AC7DCA90AA50,_/IMG_1408 (5).MOV.xmp,True,108394933.0,,,Unknown,False,False,,28.217399999999998,-82.3548,-180.0,-180.0,True,0.1
IMG_1408.MOV,,326F385F-CF10-42BB-A64E-0D009BD289BD,_/IMG_1408 (3).MOV.xmp,True,68421793.0,,,Unknown,False,False,,28.217399999999998,-82.3548,-180.0,-180.0,True,0.1
IMG_1411.MOV,,E94D36A1-572C-4A2E-927D-2730240336B7,_/IMG_1411 (2).MOV.xmp,True,70205175.0,,,Unknown,False,False,,28.217499999999998,-82.3548,25.8945,-81.3367,False,0.1
IMG_1411.MOV,,25C0B513-4E84-4173-8739-AC5990E5C569,_/IMG_1411 (6).MOV.xmp,True,160218542.0,,,Unknown,False,False,,28.217499999999998,-82.3548,-180.0,-180.0,True,0.1
IMG_1411.MOV,,1041D18B-5AB8-4C78-870B-3208D9C283B6,_/IMG_1411 (1).MOV.xmp,True,68420552.0,,,Unknown,False,False,,28.217499999999998,-82.3548,-180.0,-180.0,True,0.1
camphoto_342241519.jpg,,977E3ED3-CEF1-4F9D-8CBA-1167561DA996,_/camphoto_342241519 (15).jpg.xmp,True,66680034.38730669,,,Unknown,False,False,,0.0,0.0,-180.0,-180.0,False,0.1
camphoto_342241519.jpg,,30BD512A-9576-4BED-B131-C280E03E5916,_/camphoto_342241519 (16).jpg.xmp,True,66734403.130030155,,,Unknown,False,False,,0.0,0.0,-180.0,-180.0,False,0.1
camphoto_342241519.jpg,,B134A9F4-F1DD-4871-A10D-5115E83A7D0C,_/camphoto_342241519 (20).jpg.xmp,True,70293841.82870889,,,Unknown,False,False,,0.0,0.0,-180.0,-180.0,False,0.1
camphoto_342241519.jpg,,526CC9B9-AA41-4B47-847F-71BA5CAB1E33,_/camphoto_342241519 (32).jpg.xmp,True,88903052.01742268,,,Unknown,False,False,,0.0,0.0,-180.0,-180.0,False,0.1
camphoto_342241519.jpg,,AD606C3E-E7A0-47FF-9843-634E2F1A2895,_/camphoto_342241519 (43).jpg.xmp,True,104431576.16564393,,,Unknown,False,False,,0.0,0.0,-180.0,-180.0,False,0.1
camphoto_342241519.jpg,,CA8695DA-4F1C-4479-A076-1574EE14BECB,_/camphoto_342241519 (49).jpg.xmp,True,112677926.74784136,,,Unknown,False,False,,0.0,0.0,-180.0,-180.0,False,0.1
camphoto_342241519.jpg,,B93CA12C-BB25-4384-8BBF-4D49161805CF,_/camphoto_342241519 (51).jpg.xmp,True,116110444.59965134,,,Unknown,False,False,,0.0,0.0,-180.0,-180.0,False,0.1
camphoto_342241519.jpg,,7383360B-EECF-48A8-9B37-CE6266709754,_/camphoto_342241519 (53).jpg.xmp,True,117323814.07007933,,,Unknown,False,False,,0.0,0.0,-180.0,-180.0,False,0.1
camphoto_342241519.jpg,,2E9ACCBF-E491-4E7B-A4B0-CE19B065309C,_/camphoto_342241519 (54).jpg.xmp,True,118117127.95276141,,,Unknown,False,False,,0.0,0.0,-180.0,-180.0,False,0.1
camphoto_342241519.jpg,,68D989D4-891A-47E3-9334-40EA7B128B88,_/camphoto_342241519 (72).jpg.xmp,True,181408529.06089878,,,Unknown,False,False,,0.0,0.0,-180.0,-180.0,False,0.1
camphoto_342241519.jpg,,B51F4281-EFD6-4284-B8A5-CEBF11C3CE79,_/camphoto_342241519 (71).jpg.xmp,True,175805090.03444362,,,Unknown,False,False,,0.0,0.0,-180.0,-180.0,False,0.1
camphoto_342241519.jpg,,63DBD345-ABA9-48BF-98CA-924FB06FC01F,_/camphoto_342241519 (70).jpg.xmp,True,173920296.88270044,,,Unknown,False,False,,0.0,0.0,-180.0,-180.0,False,0.1
camphoto_342241519.jpg,,7F3CDDCF-1680-4C1A-99A6-57E95737441E,_/camphoto_342241519 (69).jpg.xmp,True,161366109.2033043,,,Unknown,False,False,,0.0,0.0,-180.0,-180.0,False,0.1
camphoto_342241519.jpg,,A25E7FA5-A892-4B4B-9C25-93C65AB3D756,_/camphoto_342241519 (68).jpg.xmp,True,159747228.77386475,,,Unknown,False,False,,0.0,0.0,-180.0,-180.0,False,0.1
camphoto_342241519.jpg,,57D00F9C-FF0F-4574-B9E6-4B9DF3C9E6B4,_/camphoto_342241519 (67).jpg.xmp,True,159655718.54078913,,,Unknown,False,False,,0.0,0.0,-180.0,-180.0,False,0.1
camphoto_342241519.jpg,,B623BD3A-0CAD-43FA-AC11-867063C3042C,_/camphoto_342241519 (66).jpg.xmp,True,144706308.58724523,,,Unknown,False,False,,0.0,0.0,-180.0,-180.0,False,0.1
camphoto_342241519.jpg,,0D7CA191-B7F0-4846-BDEB-DEA1B0929EAA,_/camphoto_342241519 (65).jpg.xmp,True,142134620.76731443,,,Unknown,False,False,,0.0,0.0,-180.0,-180.0,False,0.1
camphoto_342241519.jpg,,DBB1602E-B38C-473B-B72D-0E27CB5AFC30,_/camphoto_342241519 (64).jpg.xmp,True,141200226.14618826,,,Unknown,False,False,,0.0,0.0,-180.0,-180.0,False,0.1
camphoto_342241519.jpg,,D5ED84A3-6129-4536-9275-B2829085E69E,_/camphoto_342241519 (63).jpg.xmp,True,128445575.24328542,,,Unknown,False,False,,0.0,0.0,-180.0,-180.0,False,0.1
camphoto_342241519.jpg,,AD082B30-6BF6-4A1A-9471-834103C61EB7,_/camphoto_342241519 (62).jpg.xmp,True,127740287.43935823,,,Unknown,False,False,,0.0,0.0,-180.0,-180.0,False,0.1
camphoto_342241519.jpg,,9FC32735-84BE-48C7-AF69-9826F3A339DD,_/camphoto_342241519 (61).jpg.xmp,True,127610038.17850828,,,Unknown,False,False,,0.0,0.0,-180.0,-180.0,False,0.1
camphoto_342241519.jpg,,7487755B-B7D0-46F4-953E-D1DED8EEECA0,_/camphoto_342241519 (60).jpg.xmp,True,125662145.40691924,,,Unknown,False,False,,0.0,0.0,-180.0,-180.0,False,0.1
camphoto_342241519.jpg,,0D299057-56B3-4486-A038-E81FB8E2DB30,_/camphoto_342241519 (59).jpg.xmp,True,125177700.15647292,,,Unknown,False,False,,0.0,0.0,-180.0,-180.0,False,0.1
camphoto_342241519.jpg,,86EABA32-CD2D-4BCB-81C2-19E5A21ADD32,_/camphoto_342241519 (58).jpg.xmp,True,124900394.11974001,,,Unknown,False,False,,0.0,0.0,-180.0,-180.0,False,0.1
camphoto_342241519.jpg,,45E61EE9-1A76-410F-96B9-215D9F3F7EA4,_/camphoto_342241519 (57).jpg.xmp,True,124397596.81250477,,,Unknown,False,False,,0.0,0.0,-180.0,-180.0,False,0.1
camphoto_342241519.jpg,,30853DA9-53BA-4F46-8512-0FD58CF23869,_/camphoto_342241519 (56).jpg.xmp,True,120678233.77074718,,,Unknown,False,False,,0.0,0.0,-180.0,-180.0,False,0.1
camphoto_342241519.jpg,,ED96D414-FB87-4166-B1A5-7ABA0415EA0B,_/camphoto_342241519 (55).jpg.xmp,True,118626760.61493683,,,Unknown,False,False,,0.0,0.0,-180.0,-180.0,False,0.1
camphoto_342241519.jpg,,663088CB-6B75-4859-BA88-C417F8259B15,_/camphoto_342241519 (52).jpg.xmp,True,116294779.4966712,,,Unknown,False,False,,0.0,0.0,-180.0,-180.0,False,0.1
camphoto_342241519.jpg,,8E69C586-6DB6-4B83-A167-06E281058E7F,_/camphoto_342241519 (50).jpg.xmp,True,114310926.89959478,,,Unknown,False,False,,0.0,0.0,-180.0,-180.0,False,0.1
camphoto_342241519.jpg,,B7419C1D-F435-4A33-B27C-7F8A4A231555,_/camphoto_342241519 (47).jpg.xmp,True,112080411.7608676,,,Unknown,False,False,,0.0,0.0,-180.0,-180.0,False,0.1
camphoto_342241519.jpg,,B8154939-E149-4620-A71B-B62406F6CD52,_/camphoto_342241519 (48).jpg.xmp,True,112136621.99826527,,,Unknown,False,False,,0.0,0.0,-180.0,-180.0,False,0.1
camphoto_342241519.jpg,,12BD420C-7B06-4B85-A219-BF394CB4E3DA,_/camphoto_342241519 (46).jpg.xmp,True,111979985.91013241,,,Unknown,False,False,,0.0,0.0,-180.0,-180.0,False,0.1
camphoto_342241519.jpg,,C77C14C9-7181-45BD-87C9-746EAA6C1493,_/camphoto_342241519 (45).jpg.xmp,True,105733912.92163777,,,Unknown,False,False,,0.0,0.0,-180.0,-180.0,False,0.1
camphoto_342241519.jpg,,2963E9F2-3E62-40E2-8CA3-6E3159C5B1C8,_/camphoto_342241519 (44).jpg.xmp,True,105476820.1001687,,,Unknown,False,False,,0.0,0.0,-180.0,-180.0,False,0.1
camphoto_342241519.jpg,,0FDF276E-84BC-43A6-B12E-1FC86A9D7E4E,_/camphoto_342241519 (42).jpg.xmp,True,103904741.86890054,,,Unknown,False,False,,0.0,0.0,-180.0,-180.0,False,0.1
camphoto_342241519.jpg,,8D964791-DA0F-43EB-9022-00C0D06DD4D0,_/camphoto_342241519 (41).jpg.xmp,True,102574271.65737462,,,Unknown,False,False,,0.0,0.0,-180.0,-180.0,False,0.1
camphoto_342241519.jpg,,922B09F1-49E3-4E3A-BFD6-9C08DB7E9BE7,_/camphoto_342241519 (40).jpg.xmp,True,101154716.69687033,,,Unknown,False,False,,0.0,0.0,-180.0,-180.0,False,0.1
camphoto_342241519.jpg,,7726E6DE-1532-4288-A047-976D2CE34EF8,_/camphoto_342241519 (39).jpg.xmp,True,94322216.3885889,,,Unknown,False,False,,0.0,0.0,-180.0,-180.0,False,0.1
camphoto_342241519.jpg,,B55A1E67-34BD-4D08-A8CB-4D55A895B7F3,_/camphoto_342241519 (38).jpg.xmp,True,93562712.97943425,,,Unknown,False,False,,0.0,0.0,-180.0,-180.0,False,0.1
camphoto_342241519.jpg,,D8CD019D-2EA0-4629-9EEE-EBBF4517D98E,_/camphoto_342241519 (37).jpg.xmp,True,92876652.53056097,,,Unknown,False,False,,0.0,0.0,-180.0,-180.0,False,0.1
camphoto_342241519.jpg,,F4245105-FFE5-4E3A-A023-6B2F13765376,_/camphoto_342241519 (36).jpg.xmp,True,92099990.5799923,,,Unknown,False,False,,0.0,0.0,-180.0,-180.0,False,0.1
camphoto_342241519.jpg,,BFBE42C0-D23C-4EDD-8A23-D14019DA3B5A,_/camphoto_342241519 (35).jpg.xmp,True,90372407.27574086,,,Unknown,False,False,,0.0,0.0,-180.0,-180.0,False,0.1
camphoto_342241519.jpg,,10632342-5A63-4506-860F-3D7E42402E0B,_/camphoto_342241519 (33).jpg.xmp,True,89057996.78954482,,,Unknown,False,False,,0.0,0.0,-180.0,-180.0,False,0.1
camphoto_342241519.jpg,,6B7677BA-674F-4CCF-9722-30170D9A06E9,_/camphoto_342241519 (34).jpg.xmp,True,89222017.12693453,,,Unknown,False,False,,0.0,0.0,-180.0,-180.0,False,0.1
camphoto_342241519.jpg,,6EC41145-91FC-4661-8807-08689B703E60,_/camphoto_342241519 (31).jpg.xmp,True,87102035.4840393,,,Unknown,False,False,,0.0,0.0,-180.0,-180.0,False,0.1
camphoto_342241519.jpg,,F9F92D2C-108F-4833-861A-F16D363F9643,_/camphoto_342241519 (30).jpg.xmp,True,84830504.01067448,,,Unknown,False,False,,0.0,0.0,-180.0,-180.0,False,0.1
camphoto_342241519.jpg,,FFCA81BF-2687-4A0A-8F42-98CB862E3F44,_/camphoto_342241519 (29).jpg.xmp,True,82702770.60263014,,,Unknown,False,False,,0.0,0.0,-180.0,-180.0,False,0.1
camphoto_342241519.jpg,,1055158B-FFBF-4BCD-BCDF-760715FF02CF,_/camphoto_342241519 (28).jpg.xmp,True,79212590.8722806,,,Unknown,False,False,,0.0,0.0,-180.0,-180.0,False,0.1
camphoto_342241519.jpg,,8E31F369-1D60-466B-8163-EA67665102DB,_/camphoto_342241519 (27).jpg.xmp,True,79070283.14697719,,,Unknown,False,False,,0.0,0.0,-180.0,-180.0,False,0.1
camphoto_342241519.jpg,,1C9901CA-399A-417D-8B25-8D75CD8A0FC1,_/camphoto_342241519 (26).jpg.xmp,True,78895502.63338351,,,Unknown,False,False,,0.0,0.0,-180.0,-180.0,False,0.1
camphoto_342241519.jpg,,3ACE3D45-DAAF-473A-9E0B-F56C66320932,_/camphoto_342241519 (25).jpg.xmp,True,78191299.24129438,,,Unknown,False,False,,0.0,0.0,-180.0,-180.0,False,0.1
camphoto_342241519.jpg,,D345A8CE-D03C-49D4-A45E-3228490C35FB,_/camphoto_342241519 (24).jpg.xmp,True,77569621.45004654,,,Unknown,False,False,,0.0,0.0,-180.0,-180.0,False,0.1
camphoto_342241519.jpg,,B9F21448-F68A-4BAC-B85D-F0B374E4DF96,_/camphoto_342241519 (23).jpg.xmp,True,74026774.62442684,,,Unknown,False,False,,0.0,0.0,-180.0,-180.0,False,0.1
camphoto_342241519.jpg,,B8649224-4A76-447A-935B-8730585A517E,_/camphoto_342241519 (21).jpg.xmp,True,72679331.34366417,,,Unknown,False,False,,0.0,0.0,-180.0,-180.0,False,0.1
camphoto_342241519.jpg,,FB153186-4393-4786-96C6-C890F3C1DB92,_/camphoto_342241519 (22).jpg.xmp,True,72834882.05438137,,,Unknown,False,False,,0.0,0.0,-180.0,-180.0,False,0.1
camphoto_342241519.jpg,,3714AD55-E19D-4B7D-B48B-B2797C627851,_/camphoto_342241519 (19).jpg.xmp,True,67263468.15199089,,,Unknown,False,False,,0.0,0.0,-180.0,-180.0,False,0.1
camphoto_342241519.jpg,,FE2A30E7-65E9-4C64-B647-A451557774B0,_/camphoto_342241519 (18).jpg.xmp,True,67188064.42209029,,,Unknown,False,False,,0.0,0.0,-180.0,-180.0,False,0.1
camphoto_342241519.jpg,,109B6CEB-92A5-49FE-A3D7-B8AB6DD02A4A,_/camphoto_342241519 (17).jpg.xmp,True,66773223.36824298,,,Unknown,False,False,,0.0,0.0,-180.0,-180.0,False,0.1
camphoto_342241519.jpg,,0679593A-DEA4-4036-953B-FE7A2A209C06,_/camphoto_342241519 (14).jpg.xmp,True,66670750.93506813,,,Unknown,False,False,,0.0,0.0,-180.0,-180.0,False,0.1
camphoto_342241519.jpg,,D0275B2A-181B-4BB1-9C13-D48B223010E1,_/camphoto_342241519 (13).jpg.xmp,True,66391950.93031025,,,Unknown,False,False,,0.0,0.0,-180.0,-180.0,False,0.1
camphoto_342241519.jpg,,33C4A203-9AA2-44F7-826B-955FF95AD06C,_/camphoto_342241519 (12).jpg.xmp,True,63132050.79920173,,,Unknown,False,False,,0.0,0.0,-180.0,-180.0,False,0.1
camphoto_342241519.jpg,,9D5645FC-BCE0-41C4-A665-01C5BCE1CFCF,_/camphoto_342241519 (11).jpg.xmp,True,62632539.89899254,,,Unknown,False,False,,0.0,0.0,-180.0,-180.0,False,0.1
camphoto_342241519.jpg,,D21ECCB0-5725-4C71-B0CA-7D52E8BF57EF,_/camphoto_342241519 (10).jpg.xmp,True,61175032.99887633,,,Unknown,False,False,,0.0,0.0,-180.0,-180.0,False,0.1
camphoto_342241519.jpg,,2F94FA5B-0BC5-4B75-8C24-E9B29895A2A5,_/camphoto_342241519 (9).jpg.xmp,True,58128149.740673065,,,Unknown,False,False,,0.0,0.0,-180.0,-180.0,False,0.1
camphoto_342241519.jpg,,1617091F-7249-4AB3-915F-CEE148F02421,_/camphoto_342241519 (8).jpg.xmp,True,58047158.6922524,,,Unknown,False,False,,0.0,0.0,-180.0,-180.0,False,0.1
camphoto_342241519.jpg,,C5F15A79-374F-46E9-B9F6-2FB03BC2A0E8,_/camphoto_342241519 (7).jpg.xmp,True,52691348.80700779,,,Unknown,False,False,,0.0,0.0,-180.0,-180.0,False,0.1
camphoto_342241519.jpg,,EE56B89E-517A-437B-B5D4-85D88D80DE07,_/camphoto_342241519 (6).jpg.xmp,True,48116970.53422499,,,Unknown,False,False,,0.0,0.0,-180.0,-180.0,False,0.1
camphoto_342241519.jpg,,CF52F0E6-07CC-4510-A595-88D820C6DD82,_/camphoto_342241519 (5).jpg.xmp,True,47598287.317005634,,,Unknown,False,False,,0.0,0.0,-180.0,-180.0,False,0.1
camphoto_342241519.jpg,,C7AA4935-10C2-49CD-8599-B4379ACF6866,_/camphoto_342241519 (4).jpg.xmp,True,44400662.61675477,,,Unknown,False,False,,0.0,0.0,-180.0,-180.0,False,0.1
camphoto_342241519.jpg,,17CA912C-CD09-4D23-BF03-9470DA95D8BB,_/camphoto_342241519 (3).jpg.xmp,True,41874776.05925846,,,Unknown,False,False,,0.0,0.0,-180.0,-180.0,False,0.1
camphoto_342241519.jpg,,5531D137-5048-4C66-A369-0437BB20F113,_/camphoto_342241519 (2).jpg.xmp,True,40513095.77374363,,,Unknown,False,False,,0.0,0.0,-180.0,-180.0,False,0.1
camphoto_342241519.jpg,,728E96D5-0245-479C-B3CE-7A4CEDC03209,_/camphoto_342241519 (1).jpg.xmp,True,28424718.536484957,,,Unknown,False,False,,0.0,0.0,-180.0,-180.0,False,0.1
camphoto_342241519.jpg,,57B9A020-B252-4B00-81EF-DE319DF84801,_/camphoto_342241519.jpg.xmp,True,27969263.242932796,,,Unknown,False,False,,0.0,0.0,-180.0,-180.0,False,0.1
IMG_1426.MOV,,C5B6F794-563E-484F-94D2-82DD6D5C74E6,_/IMG_1426 (3).MOV.xmp,True,70124630.0,,,Unknown,False,False,,28.217499999999998,-82.35470000000001,25.9005,-81.3358,False,0.1
IMG_1426.MOV,,D6809CD5-38F9-4CA1-9099-45610DFE7F9A,_/IMG_1426_edited (5).mov.xmp,True,108316827.0,,,Unknown,False,False,,28.217499999999998,-82.35470000000001,-180.0,-180.0,True,0.1
IMG_1426.MOV,,7A75B307-CDA1-4878-A022-1C67F86EF898,_/IMG_1426 (4).MOV.xmp,True,91576947.0,,,Unknown,False,False,,28.217499999999998,-82.35470000000001,-180.0,-180.0,True,0.1
IMG_1409.MOV,,9E76E2C9-0B9E-458F-85FF-B4F0D70496FA,_/IMG_1409 (4).MOV.xmp,True,70206249.0,,,Unknown,False,False,,28.217499999999998,-82.35470000000001,25.8958,-81.3331,False,0.1
IMG_1409.MOV,,FA9B5826-F34C-435E-9EF8-3DCBCA6B3AE3,_/IMG_1409 (8).MOV.xmp,True,160218375.0,,,Unknown,False,False,,28.217499999999998,-82.35470000000001,-180.0,-180.0,True,0.1
IMG_1409.MOV,,A28A3499-EB08-40A4-9650-B2DA6CE8971F,_/IMG_1409 (6).MOV.xmp,True,108394821.0,,,Unknown,False,False,,28.217499999999998,-82.35470000000001,-180.0,-180.0,True,0.1
IMG_1409.MOV,,C16984FA-6D8D-4662-8F1A-EEE31A10064B,_/IMG_1409 (3).MOV.xmp,True,68421674.0,,,Unknown,False,False,,28.217499999999998,-82.35470000000001,-180.0,-180.0,True,0.1
IMG_1409.MOV,,804E257A-7529-4328-8C7C-7FF0EBECE903,_/IMG_1409 (1).MOV.xmp,True,33264966.0,,,Unknown,False,False,,28.217499999999998,-82.35470000000001,-180.0,-180.0,True,0.1
IMG_1416.MOV,,70881772-DF11-46AC-9E48-C18392A1F144,_/IMG_1416 (2).MOV.xmp,True,70203569.0,,,Unknown,False,False,,28.217499999999998,-82.35470000000001,25.8935,-81.3365,False,0.1
IMG_1410.MOV,,3D9FAF30-8715-4698-A9FF-BF92E637456A,_/IMG_1410 (2).MOV.xmp,True,70206168.0,,,Unknown,False,False,,28.217499999999998,-82.35470000000001,25.8946,-81.3345,False,0.1
IMG_1410.MOV,,1D43E9C6-A3C7-4C95-AB65-991585AC0236,_/IMG_1410 (5).MOV.xmp,True,160218481.0,,,Unknown,False,False,,28.217499999999998,-82.35470000000001,-180.0,-180.0,True,0.1
IMG_1410.MOV,,22808066-8584-4C72-91E2-0B3327086428,_/IMG_1410 (3).MOV.xmp,True,108397946.0,,,Unknown,False,False,,28.217499999999998,-82.35470000000001,-180.0,-180.0,True,0.1
IMG_1410.MOV,,CCEA3CB9-8937-4E6C-99CF-DD8338F9C628,_/IMG_1410 (1).MOV.xmp,True,68421625.0,,,Unknown,False,False,,28.217499999999998,-82.35470000000001,-180.0,-180.0,True,0.1
IMG_1413.MOV,,4E5EF13D-3FCB-4818-AAAB-E349E0020211,_/IMG_1413 (2).MOV.xmp,True,70203643.0,,,Unknown,False,False,,28.217499999999998,-82.35470000000001,25.8944,-81.3367,False,0.1
IMG_1413.MOV,,0E1885FA-66C4-4689-9A03-58616CDA5944,_/IMG_1413 (5).MOV.xmp,True,160217053.0,,,Unknown,False,False,,28.217499999999998,-82.35470000000001,-180.0,-180.0,True,0.1
IMG_1413.MOV,,931930DC-8EDE-4C1A-A5CD-D2D51B94A8DC,_/IMG_1413 (4).MOV.xmp,True,124726684.0,,,Unknown,False,False,,28.217499999999998,-82.35470000000001,-180.0,-180.0,True,0.1
IMG_1413.MOV,,A31EEFA8-5E86-45AE-9A13-C5C57F23FD3D,_/IMG_1413 (3).MOV.xmp,True,108396236.0,,,Unknown,False,False,,28.217499999999998,-82.35470000000001,-180.0,-180.0,True,0.1
IMG_1406.MOV,,0EE7F938-47DA-4FA5-A285-E290AFCF08E7,_/IMG_1406 (4).MOV.xmp,True,70206706.0,,,Unknown,False,False,,28.217399999999998,-82.35470000000001,25.9005,-81.335,False,0.1
IMG_1406.MOV,,32F4739B-0E45-4500-8850-5E96C90AED24,_/IMG_1406 (7).MOV.xmp,True,160217690.0,,,Unknown,False,False,,28.217399999999998,-82.35470000000001,-180.0,-180.0,True,0.1
IMG_1406.MOV,,A33E07A9-F694-4C8D-AC4D-189F1C8CDB48,_/IMG_1406 (6).MOV.xmp,True,124728683.0,,,Unknown,False,False,,28.217399999999998,-82.35470000000001,-180.0,-180.0,True,0.1
IMG_1406.MOV,,1BEEB22C-7E9A-4EA2-A3AA-9162B0F30D87,_/IMG_1406 (5).MOV.xmp,True,108395244.0,,,Unknown,False,False,,28.217399999999998,-82.35470000000001,-180.0,-180.0,True,0.1
IMG_1415.MOV,,5D173782-7E8F-4BA5-9A3E-24FB81E8EE85,_/IMG_1415 (4).MOV.xmp,True,70203586.0,,,Unknown,False,False,,28.217499999999998,-82.35470000000001,25.8941,-81.3367,False,0.1
IMG_1415.MOV,,F6EAECF1-290D-4091-B402-50DB8DEA9EF5,_/IMG_1415 (8).MOV.xmp,True,160217192.0,,,Unknown,False,False,,28.217499999999998,-82.35470000000001,-180.0,-180.0,True,0.1
IMG_1415.MOV,,E3DFFD98-2912-4A60-9E8C-B2EC5E181702,_/IMG_1415 (5).MOV.xmp,True,91625503.0,,,Unknown,False,False,,28.217499999999998,-82.35470000000001,-180.0,-180.0,True,0.1
IMG_1424.MOV,,9F518097-BA12-447D-8F20-47960FF5A908,_/IMG_1424 (8).MOV.xmp,True,160136680.0,,,Unknown,False,False,,28.217499999999998,-82.35470000000001,-180.0,-180.0,True,0.1
IMG_1424.MOV,,7F62C841-9BEE-4EB7-809E-1C348D418582,_/IMG_1424 (7).MOV.xmp,True,124645767.0,,,Unknown,False,False,,28.217499999999998,-82.35470000000001,-180.0,-180.0,True,0.1
IMG_1424.MOV,,38B6829C-7DAF-44D5-95D4-16EF320E7B70,_/IMG_1424 (6).MOV.xmp,True,108316896.0,,,Unknown,False,False,,28.217499999999998,-82.35470000000001,-180.0,-180.0,True,0.1
IMG_1424.MOV,,DE733FA4-33CF-4F66-ACBA-360600369874,_/IMG_1424 (5).MOV.xmp,True,91564689.0,,,Unknown,False,False,,28.217499999999998,-82.35470000000001,-180.0,-180.0,True,0.1
IMG_1424.MOV,,D843A7A0-5FF7-43F3-878C-AAD64FE87FEA,_/IMG_1424 (1).MOV.xmp,True,33258666.0,,,Unknown,False,False,,28.217499999999998,-82.35470000000001,-180.0,-180.0,True,0.1
IMG_1414.MOV,,08D8484B-00AB-44FE-9348-832E5BCD51A8,_/IMG_1414 (2).MOV.xmp,True,70203610.0,,,Unknown,False,False,,28.217599999999997,-82.35459999999999,25.8944,-81.3368,False,0.1
IMG_1414.MOV,,0DEE0CC5-AB50-4CE3-8D47-D7E34BCB284C,_/IMG_1414 (6).MOV.xmp,True,160216916.0,,,Unknown,False,False,,28.217599999999997,-82.35459999999999,-180.0,-180.0,True,0.1
IMG_1414.MOV,,9BC56404-74DC-43E4-9CA4-4A76A38A7E04,_/IMG_1414 (5).MOV.xmp,True,124726570.0,,,Unknown,False,False,,28.217599999999997,-82.35459999999999,-180.0,-180.0,True,0.1
IMG_1407.MOV,,AB720953-BAEB-493D-AD06-0CCCDFC0BD1D,_/IMG_1407 (4).MOV.xmp,True,70206686.0,,,Unknown,False,False,,28.217499999999998,-82.35470000000001,25.8998,-81.3349,False,0.1
IMG_1407.MOV,,16E53956-F28B-4881-8CB2-FE8EB6A14306,_/IMG_1407 (7).MOV.xmp,True,160218804.0,,,Unknown,False,False,,28.217499999999998,-82.35470000000001,-180.0,-180.0,True,0.1
IMG_1407.MOV,,5D71DC6C-322F-4769-81A4-165426C1624F,_/IMG_1407 (6).MOV.xmp,True,124728644.0,,,Unknown,False,False,,28.217499999999998,-82.35470000000001,-180.0,-180.0,True,0.1
IMG_1407.MOV,,13A90E73-E928-4E55-A20B-5A32BB19F0EB,_/IMG_1407 (5).MOV.xmp,True,108395200.0,,,Unknown,False,False,,28.217499999999998,-82.35470000000001,-180.0,-180.0,True,0.1
IMG_1407.MOV,,55EF9B0A-6F55-478E-A8DF-C482C1228CF5,_/IMG_1407.MOV.xmp,True,11565869.0,,,Unknown,False,False,,28.217499999999998,-82.35470000000001,-180.0,-180.0,True,0.1
IMG_1412.MOV,,7EFFF740-EF82-4337-94D4-7311D3908A10,_/IMG_1412 (3).MOV.xmp,True,70204507.0,,,Unknown,False,False,,28.217299999999998,-82.3549,25.8945,-81.3367,False,0.1
IMG_1412.MOV,,5DBA96F1-F8CB-4799-8A93-AD42203F625B,_/IMG_1412 (7).MOV.xmp,True,160217930.0,,,Unknown,False,False,,28.217299999999998,-82.3549,-180.0,-180.0,True,0.1
IMG_1412.MOV,,147227B6-BED3-4FD1-9EB3-CC2E3127F740,_/IMG_1412 (6).MOV.xmp,True,124727500.0,,,Unknown,False,False,,28.217299999999998,-82.3549,-180.0,-180.0,True,0.1
IMG_1412.MOV,,A4E4759F-9CC7-46A7-A890-9EE8BC8C296E,_/IMG_1412 (2).MOV.xmp,True,68420080.0,,,Unknown,False,False,,28.217299999999998,-82.3549,-180.0,-180.0,True,0.1
IMG_1425.MOV,,0DFC47D3-36CB-4EC2-A43E-67A9A767FBE1,_/IMG_1425 (3).MOV.xmp,True,70124650.0,,,Unknown,False,False,,28.217499999999998,-82.35470000000001,25.9005,-81.3358,False,0.1
IMG_1425.MOV,,6FE83397-79AB-4BD1-BD87-6CC810B0EED3,_/IMG_1425 (6).MOV.xmp,True,160136583.0,,,Unknown,False,False,,28.217499999999998,-82.35470000000001,-180.0,-180.0,True,0.1
IMG_1425.MOV,,014ABE03-581A-423B-A01B-018FD2BFCBDA,_/IMG_1425 (5).MOV.xmp,True,108316802.0,,,Unknown,False,False,,28.217499999999998,-82.35470000000001,-180.0,-180.0,True,0.1
IMG_1425.MOV,,4F923985-1F65-4A82-9E7C-C6ED603BC7C4,_/IMG_1425 (4).MOV.xmp,True,91564590.0,,,Unknown,False,False,,28.217499999999998,-82.35470000000001,-180.0,-180.0,True,0.1
IMG_1160.JPG,,,,,,,,,,,,28.189999999999998,-82.3557,,,True,0.0
IMG_1181.JPG,,,,,,,,,,,,28.049699999999998,-82.45980000000002,,,True,0.0
IMG_1192.JPG,,,,,,,,,,,,0.0,0.0,,,False,0.0
IMG_1179.JPG,,,,,,,,,,,,28.049599999999998,-82.4597,,,True,0.0
IMG_1187.JPG,,,,,,,,,,,,28.049599999999998,-82.4597,,,True,0.0
Dijkstra's Algorithm.mp4,,,,,,,,,,,,0.0,0.0,,,False,0.0
Supplementary Material - Minimum Velocity Trajectories.mp4,,,,,,,,,,,,0.0,0.0,,,False,0.0
IMG_1167.JPG,,,,,,,,,,,,28.0491,-82.6954,,,True,0.0
IMG_1186.JPG,,,,,,,,,,,,28.049999999999997,-82.4596,,,True,0.0
Adjourn.mp4,,,,,,,,,,,,0.0,0.0,,,False,0.0
IMG_1166.MOV,,DF4D509B-AEBD-414F-8896-8EF55CA3EF0D,_/IMG_1166 (3).MOV.xmp,True,158061670.0,,,Unknown,False,False,,28.089299999999998,-82.7029,43.2848,5.3717,False,0.1
IMG_1166.MOV,,59C06636-05C9-4A5D-AF7B-8055257ACC50,_/IMG_1166 (7).MOV.xmp,True,250706667.0,,,Unknown,False,False,,28.089299999999998,-82.7029,-180.0,-180.0,True,0.1
IMG_1166.MOV,,BD9D606F-6D69-4605-99B8-B43FD8055F36,_/IMG_1166 (6).MOV.xmp,True,219516804.0,,,Unknown,False,False,,28.089299999999998,-82.7029,-180.0,-180.0,True,0.1
IMG_1166.MOV,,E836C8F6-EB8D-445C-AB16-A4093634E9A4,_/IMG_1166 (4).MOV.xmp,True,158632234.0,,,Unknown,False,False,,28.089299999999998,-82.7029,-180.0,-180.0,True,0.1
IMG_1166.MOV,,2C1F4A9A-EE17-44DC-B58C-3D2C9AFF6483,_/IMG_1166 (2).MOV.xmp,True,154123962.0,,,Unknown,False,False,,28.089299999999998,-82.7029,-180.0,-180.0,True,0.1
IMG_1180.JPG,,,,,,,,,,,,28.049599999999998,-82.4597,,,True,0.0
IMG_1178.JPG,,,,,,,,,,,,28.049599999999998,-82.45980000000002,,,True,0.0
Supplementary Material - Introduction to the Motion Capture System by Matthew Turpin.mp4,,,,,,,,,,,,0.0,0.0,,,False,0.0
IMG_1168.JPG,,,,,,,,,,,,28.0491,-82.6954,,,True,0.0
IMG_1183.JPG,,,,,,,,,,,,28.049699999999998,-82.45980000000002,,,True,0.0
IMG_1165.MOV,,626A8C89-8FF6-4004-BF3E-73A8B694C836,_/IMG_1165 (3).MOV.xmp,True,158061768.0,,,Unknown,False,False,,28.089199999999998,-82.7029,43.2848,5.3716,False,0.1
IMG_1165.MOV,,660A1F9C-6A57-4DC4-804C-9BA3A05E66E9,_/IMG_1165 (7).MOV.xmp,True,250706764.0,,,Unknown,False,False,,28.089199999999998,-82.7029,-180.0,-180.0,True,0.1
IMG_1165.MOV,,348E5731-A672-4646-B0E6-EFB253784C1D,_/IMG_1165 (6).MOV.xmp,True,219503630.0,,,Unknown,False,False,,28.089199999999998,-82.7029,-180.0,-180.0,True,0.1
IMG_1165.MOV,,76E7C59B-DDE6-4780-AB1D-8DF264ADA5EF,_/IMG_1165 (2).MOV.xmp,True,154123987.0,,,Unknown,False,False,,28.089199999999998,-82.7029,-180.0,-180.0,True,0.1
IMG_1164.JPG,,,,,,,,,,,,28.088099999999997,-82.7023,,,True,0.0
"Time, Motion, and Trajectories.mp4",,,,,,,,,,,,0.0,0.0,,,False,0.0
IMG_1169.JPG,,,,,,,,,,,,28.0491,-82.6957,,,True,0.0
IMG_1163.JPG,,,,,,,,,,,,28.189999999999998,-82.3557,,,True,0.0
IMG_1170.JPG,,,,,,,,,,,,28.0492,-82.69579999999999,,,True,0.0
IMG_1185.MOV,,5FEAFABA-B3E3-47B3-AAE4-9E9E2F4B119E,_/IMG_1185 (1).MOV.xmp,True,158011526.0,,,Unknown,False,False,,28.049699999999998,-82.45989999999999,46.582300000000004,7.0728,False,0.1
IMG_1185.MOV,,A5FBEF6C-7792-4274-9DC4-E78093093754,_/IMG_1185 (6).MOV.xmp,True,265172531.0,,,Unknown,False,False,,28.049699999999998,-82.45989999999999,-180.0,-180.0,True,0.1
IMG_1185.MOV,,62E20B47-C662-4036-B508-592A41365E98,_/IMG_1185 (4).MOV.xmp,True,219363699.0,,,Unknown,False,False,,28.049699999999998,-82.45989999999999,-180.0,-180.0,True,0.1
IMG_1185.MOV,,9E4A3579-9350-4BB2-902D-19BF58C76212,_/IMG_1185 (2).MOV.xmp,True,158474449.0,,,Unknown,False,False,,28.049699999999998,-82.45989999999999,-180.0,-180.0,True,0.1
IMG_1185.MOV,,BE7F9C72-DD0A-44D3-82EA-4DF3EC5B97F0,_/IMG_1185.MOV.xmp,True,101550619.0,,,Unknown,False,False,,28.049699999999998,-82.45989999999999,-180.0,-180.0,True,0.1
IMG_1176.JPG,,,,,,,,,,,,27.9288,-82.3271,,,True,0.0
Supplementary Material - Linearization of Quadrotor Equations of Motion.mp4,,,,,,,,,,,,0.0,0.0,,,False,0.0
027FB81A-7372-4681-A8C4-0A0BC544A332-Vehicle-4.jpg,,,,,,,,,,,,28.19035,-82.3568167,,,True,0.0
IMG_2698.JPG,,,,,,,,,,,,28.1894,-82.362,,,True,0.0
IMG_2703.JPG,,F650F8F7-E7C7-4240-94C6-28A87F80BB15,_/IMG_2703_edited (4).jpeg.xmp,True,209036588.74300003,,,Unknown,False,False,,28.1893,-82.3621,-180.0,-180.0,True,0.1
IMG_2699.JPG,,6E57E3C0-09C0-45A8-9055-F902B5F2FD70,_/IMG_2699 (4).JPG.xmp,True,194495903.2915678,,,Unknown,False,False,,28.1894,-82.362,-180.0,-180.0,True,0.1
027FB81A-7372-4681-A8C4-0A0BC544A332-Vehicle-2.jpg,,,,,,,,,,,,28.19035,-82.3568083,,,True,0.0
IMG_2693.JPG,,,,,,,,,,,,28.1892,-82.362,,,True,0.0
027FB81A-7372-4681-A8C4-0A0BC544A332-Damage-1.jpg,,,,,,,,,,,,28.190369399999998,-82.3568667,,,True,0.0
027FB81A-7372-4681-A8C4-0A0BC544A332-Vehicle-3.jpg,,,,,,,,,,,,28.1903861,-82.3568306,,,True,0.0
IMG_2696.JPG,,,,,,,,,,,,28.1894,-82.362,,,True,0.0
027FB81A-7372-4681-A8C4-0A0BC544A332-Vehicle-0.jpg,,,,,,,,,,,,28.1903139,-82.35688329999999,,,True,0.0
IMG_2691.MOV,,87548675-8600-42E1-9C32-267B634CD5EA,_/IMG_2691 (1).MOV.xmp,True,147922206.0,,,Unknown,False,False,,28.1893,-82.3621,-180.0,-180.0,True,0.1
027FB81A-7372-4681-A8C4-0A0BC544A332-Vehicle-1.jpg,,,,,,,,,,,,28.190302799999998,-82.3568583,,,True,0.0
IMG_2697.JPG,,,,,,,,,,,,28.1893,-82.3621,,,True,0.0
IMG_2682.JPG,,9990EB46-BB75-45B2-9822-B0E82505DF32,_/IMG_2682_edited (6).jpeg.xmp,True,209049405.47000003,,,Unknown,False,False,,28.0198,-82.1617,-180.0,-180.0,True,0.1
IMG_2700.JPG,,A47F6B9F-6368-4FEC-9682-F6B54C1A936E,_/IMG_2700 (3).JPG.xmp,True,194495881.448905,,,Unknown,False,False,,28.1893,-82.3621,-180.0,-180.0,True,0.1
IMG_2722.JPG,,,,,,,,,,,,28.1987,-82.3629,,,True,0.0
IMG_3384.JPG,,EFA3B5C0-099E-4EDD-B217-76AF0BA0D026,_/IMG_3384_edited (2).jpeg.xmp,True,176861892.49800014,,,Unknown,False,False,,28.2103,-82.35849999999999,-180.0,-180.0,True,0.1
IMG_3376.JPG,,F53AD52B-7BB7-49E9-BA23-70650DD7B00D,_/IMG_3376_edited (3).jpeg.xmp,True,176862408.58599997,,,Unknown,False,False,,28.2105,-82.3584,-180.0,-180.0,True,0.1
IMG_3390.JPG,,739F1456-F76D-4D16-A2AC-1D704F342D13,_/IMG_3390_edited (2).jpeg.xmp,True,176861843.09599996,,,Unknown,False,False,,28.210400000000003,-82.35849999999999,-180.0,-180.0,True,0.1
IMG_3389.JPG,,E7A25E9A-DC8E-480F-A9D8-1F199FB87ACD,_/IMG_3389_edited (2).jpeg.xmp,True,176861846.0,,,Unknown,False,False,,28.210400000000003,-82.35849999999999,-180.0,-180.0,True,0.1
IMG_3378.JPG,,AE39303F-EA7F-4708-A143-2FFF51B7856A,_/IMG_3378_edited (2).jpeg.xmp,True,176862239.79799986,,,Unknown,False,False,,28.210400000000003,-82.35849999999999,-180.0,-180.0,True,0.1
IMG_3395.JPG,,F719604E-1165-4F26-A8BA-ABF24A8D1982,_/IMG_3395_edited (2).jpeg.xmp,True,176861579.04500008,,,Unknown,False,False,,28.210400000000003,-82.35849999999999,-180.0,-180.0,True,0.1
IMG_3386.JPG,,FED041BA-854F-41D1-9BF4-A5CA095C3719,_/IMG_3386_edited (2).jpeg.xmp,True,176861870.69299984,,,Unknown,False,False,,28.210400000000003,-82.35849999999999,-180.0,-180.0,True,0.1
IMG_3398.JPG,,77A2E86F-BFA4-43F5-AD14-9D38A4AC0421,_/IMG_3398_edited (2).jpeg.xmp,True,176856064.3340001,,,Unknown,False,False,,28.4178972,-82.23211669999999,-180.0,-180.0,True,0.1
IMG_3381.JPG,,C13C2D2C-5FCE-40C4-81EA-53DEF725BC62,_/IMG_3381_edited (1).jpeg.xmp,True,176862228.09299994,,,Unknown,False,False,,28.210400000000003,-82.35849999999999,-180.0,-180.0,True,0.1
IMG_2740.JPG,,,,,,,,,,,,28.014599999999998,-82.4696,,,True,0.0
IMG_2755.JPG,,,,,,,,,,,,28.0162,-82.4705,,,True,0.0
IMG_2762.JPG,,8AE8F662-076D-4869-855B-88EADE8066AD,_/IMG_2762 (1).JPG.xmp,True,117369357.0,,,Unknown,False,False,,28.016499999999997,-82.4712,-180.0,-180.0,True,0.1
IMG_2747.JPG,,,,,,,,,,,,28.0144,-82.4695,,,True,0.0
IMG_2763.JPG,,D0E994B3-5FB3-416D-B2CF-54F25F54E9BC,_/IMG_2763 (1).JPG.xmp,True,117365290.0,,,Unknown,False,False,,28.0154,-82.4699,-180.0,-180.0,True,0.1
IMG_2733.JPG,,,,,,,,,,,,28.0129,-82.46929999999999,,,True,0.0
IMG_2744.JPG,,,,,,,,,,,,28.0144,-82.4695,,,True,0.0
IMG_2757.JPG,,,,,,,,,,,,28.0169,-82.47059999999999,,,True,0.0
IMG_2760.JPG,,,,,,,,,,,,28.0169,-82.47059999999999,,,True,0.0
IMG_2743.JPG,,,,,,,,,,,,28.0144,-82.4694,,,True,0.0
IMG_2728.JPG,,,,,,,,,,,,28.0122,-82.4694,,,True,0.0
IMG_1490.JPG,,,,,,,,,,,,28.191,-82.39529999999999,,,True,0.0
IMG_1500.JPG,,CAEFDCEA-631B-42DA-9747-C881326081D0,_/IMG_1500 (1).JPG.xmp,True,122857176.74459553,,,Unknown,False,False,,27.9489,-82.4626,-180.0,-180.0,True,0.1
IMG_1469.JPG,,,,,,,,,,,,28.191100000000002,-82.3951,,,True,0.0
IMG_1497.JPG,,26657B8D-8E02-499C-AF2C-93E4665033F5,_/IMG_1497 (1).JPG.xmp,True,122858401.47792101,,,Unknown,False,False,,27.949099999999998,-82.4618,-180.0,-180.0,True,0.1
IMG_1476.JPG,,,,,,,,,,,,28.191100000000002,-82.39529999999999,,,True,0.0
IMG_1521.JPG,,18A2046A-2DFC-4B42-8E94-C4F12A9A4AD9,_/IMG_1521.JPG.xmp,True,122853473.01172113,,,Unknown,False,False,,27.949399999999997,-82.4613,-180.0,-180.0,True,0.1
IMG_1494.JPG,,,,,,,,,,,,27.949099999999998,-82.4617,,,True,0.0
IMG_1510.JPG,,70EE2700-E123-4AAF-85EB-1EBE0A4CD0AA,_/IMG_1510.JPG.xmp,True,122854400.47821379,,,Unknown,False,False,,27.949500000000004,-82.46119999999999,-180.0,-180.0,True,0.1
IMG_1461.JPG,,,,,,,,,,,,28.1987,-82.3643,,,True,0.0
IMG_1472.JPG,,9AF75931-1760-4851-AF9F-02F75D42F4A7,_/IMG_1472 (5).JPG.xmp,True,181207035.1118927,,,Unknown,False,False,,28.191100000000002,-82.3952,-180.0,-180.0,True,0.1
IMG_1478.JPG,,,,,,,,,,,,28.191,-82.39529999999999,,,True,0.0
IMG_1511.JPG,,978E594B-2C84-4972-ADF7-148A7DF13A41,_/IMG_1511.JPG.xmp,True,122854394.57821822,,,Unknown,False,False,,27.949399999999997,-82.4613,-180.0,-180.0,True,0.1
IMG_1486.JPG,,,,,,,,,,,,28.1912,-82.3951,,,True,0.0
IMG_1504.JPG,,1BC5A03F-3173-4078-AF09-B08B60C0A8B0,_/IMG_1504 (2).JPG.xmp,True,181253112.47520113,,,Unknown,False,False,,27.948999999999998,-82.4626,-180.0,-180.0,True,0.1
IMG_1504.JPG,,381A775C-6AF8-4303-961C-76AA3E76F298,_/IMG_1504.JPG.xmp,True,122857167.14460659,,,Unknown,False,False,,27.948999999999998,-82.4626,-180.0,-180.0,True,0.1
IMG_9519.HEIC,,6AD159ED-A1B3-42B4-A94E-D3B2125C3A61,_/IMG_9519_edited (5).heic.xmp,True,238133080.12899995,,,Unknown,False,False,,0.0,0.0,-180.0,-180.0,False,0.1
IMG_9519.HEIC,,3B88CF81-BBFB-426B-94AD-63EB49A7DFBB,_/IMG_9519_edited (4).heic.xmp,True,210201355.7119999,,,Unknown,False,False,,0.0,0.0,-180.0,-180.0,False,0.1
IMG_9519.HEIC,,2E1F945D-0663-4681-B06F-E8810A8D38AA,_/IMG_9519_edited (2).heic.xmp,True,149293558.8963294,,,Unknown,False,False,,0.0,0.0,-180.0,-180.0,False,0.1
IMG_9519.HEIC,,7063F892-C782-4E8D-A11D-E8A3554B9E84,_/IMG_9519_edited (1).heic.xmp,True,112746262.78243685,,,Unknown,False,False,,0.0,0.0,-180.0,-180.0,False,0.1
IMG_9519.HEIC,,54D4587A-3001-456D-86B0-E3329BB86BAD,_/IMG_9519.HEIC.xmp,True,88208300.1500001,,,Unknown,False,False,,0.0,0.0,-180.0,-180.0,False,0.1
IMG_9488.HEIC,,8C6FD483-3DB4-4773-A0E4-59E65DEFDB90,_/IMG_9488_edited.jpeg.xmp,True,88053233.9000001,,,Unknown,False,False,,0.0,0.0,-180.0,-180.0,False,0.1
IMG_9485.HEIC,,0FDC4D89-AA11-4290-B867-3C5E73FFD449,_/IMG_9485_edited (1).heic.xmp,True,149287554.29009652,,,Unknown,False,False,,0.0,0.0,-180.0,-180.0,False,0.1
IMG_9485.HEIC,,73E2FAF8-CEBA-4C9B-AD6F-FEE5143EC2EB,_/IMG_9485.HEIC.xmp,True,135237984.77850533,,,Unknown,False,False,,0.0,0.0,-180.0,-180.0,False,0.1
IMG_9554.HEIC,,0896CBEB-EAC1-45E3-AF32-720B819E66C7,_/IMG_9554_edited (6).heic.xmp,True,210202426.84700012,,,Unknown,False,False,,0.0,0.0,-180.0,-180.0,False,0.1
IMG_9554.HEIC,,67F67370-9B5A-4211-AFD6-B9A92A8266E5,_/IMG_9554_edited (3).heic.xmp,True,149299224.3937223,,,Unknown,False,False,,0.0,0.0,-180.0,-180.0,False,0.1
IMG_9554.HEIC,,7E933D95-34BA-4FA4-8A3A-1D4F27A2201A,_/IMG_9554 (2).HEIC.xmp,True,112930460.58189058,,,Unknown,False,False,,0.0,0.0,-180.0,-180.0,False,0.1
IMG_9554.HEIC,,290050B1-7A4A-4EFB-819C-04CCA77FAD2B,_/IMG_9554_edited (1).jpeg.xmp,True,88227310.96899986,,,Unknown,False,False,,0.0,0.0,-180.0,-180.0,False,0.1
IMG_9478.MOV,,9BC862F6-3B69-4EC4-887D-C592EB2A227C,_/IMG_9478 (6).MOV.xmp,True,253697240.0,,,Unknown,False,False,,0.0,0.0,-180.0,-180.0,False,0.1
IMG_9478.MOV,,C1A22565-AA05-4B32-8021-3B7429841325,_/IMG_9478 (5).MOV.xmp,True,210200257.0,,,Unknown,False,False,,0.0,0.0,-180.0,-180.0,False,0.1
IMG_9478.MOV,,C0226B14-ABBC-4FA6-9ADD-45BCED9C8FA9,_/IMG_9478 (4).MOV.xmp,True,186377113.0,,,Unknown,False,False,,0.0,0.0,-180.0,-180.0,False,0.1
IMG_9478.MOV,,B88A617E-CDA9-487B-BE48-1145C9F16485,_/IMG_9478 (2).MOV.xmp,True,149282111.0,,,Unknown,False,False,,0.0,0.0,-180.0,-180.0,False,0.1
IMG_3250.JPG,,,,,,,,,,,,28.2111,-82.35889999999999,,,True,0.0
IMG_9492.HEIC,,72F6D63A-0E17-42A2-B482-8B8522615013,_/IMG_9492_edited (5).heic.xmp,True,238130061.17700005,,,Unknown,False,False,,0.0,0.0,-180.0,-180.0,False,0.1
IMG_9492.HEIC,,20EF4FC2-E1D4-43F7-BEEC-8BA6D365E590,_/IMG_9492_edited (3).heic.xmp,True,186379334.62800002,,,Unknown,False,False,,0.0,0.0,-180.0,-180.0,False,0.1
IMG_9492.HEIC,,F1FAACC8-72AD-4D3E-A327-1EB800B187A5,_/IMG_9492_edited.heic.xmp,True,135244673.44595385,,,Unknown,False,False,,0.0,0.0,-180.0,-180.0,False,0.1
IMG_9512.HEIC,,F54F3141-AF6A-484C-BF78-60CDEDEB4F84,_/IMG_9512_edited (6).heic.xmp,True,238131914.4159999,,,Unknown,False,False,,0.0,0.0,-180.0,-180.0,False,0.1
IMG_9512.HEIC,,E6ABD4CF-04B6-4059-BE73-237B36946911,_/IMG_9512_edited (5).heic.xmp,True,210201338.71500015,,,Unknown,False,False,,0.0,0.0,-180.0,-180.0,False,0.1
IMG_9512.HEIC,,3FADD441-E2FC-41FC-947D-D9627EE1359B,_/IMG_9512_edited (3).heic.xmp,True,149293158.47471166,,,Unknown,False,False,,0.0,0.0,-180.0,-180.0,False,0.1
IMG_9512.HEIC,,9A1A5641-A12C-457B-BF1C-E5B4567549C9,_/IMG_9512_edited (2).heic.xmp,True,135244731.2379856,,,Unknown,False,False,,0.0,0.0,-180.0,-180.0,False,0.1
IMG_9512.HEIC,,A930DAE2-F457-43CF-986E-A0B0CA55BF9C,_/IMG_9512 (1).HEIC.xmp,True,88202187.52900004,,,Unknown,False,False,,0.0,0.0,-180.0,-180.0,False,0.1
IMG_9564.HEIC,,7C86345A-DDD4-446F-B893-4DB98914003E,_/IMG_9564_edited (5).heic.xmp,True,210198512.3169999,,,Unknown,False,False,,0.0,0.0,-180.0,-180.0,False,0.1
IMG_9564.HEIC,,62CB25A0-2FEB-4281-B4BC-6D290C004020,_/IMG_9564_edited (2).heic.xmp,True,135387631.15577364,,,Unknown,False,False,,0.0,0.0,-180.0,-180.0,False,0.1
IMG_9564.HEIC,,ECC4FC70-AFAD-49AE-BA7C-F5BB58BF8069,_/IMG_9564_edited (1).heic.xmp,True,112927730.8124981,,,Unknown,False,False,,0.0,0.0,-180.0,-180.0,False,0.1
IMG_9564.HEIC,,93FB97DB-9CFF-482D-BF68-687DDB733D13,_/IMG_9564_edited.jpeg.xmp,True,88225210.47300005,,,Unknown,False,False,,0.0,0.0,-180.0,-180.0,False,0.1
IMG_9494.HEIC,,B4D38CDA-369D-429A-9AC2-751FF9EB6F75,_/IMG_9494_edited (5).heic.xmp,True,238129747.50399995,,,Unknown,False,False,,0.0,0.0,-180.0,-180.0,False,0.1
IMG_9494.HEIC,,D0F12085-F96B-4F28-BB1C-938539AA9BEC,_/IMG_9494.HEIC.xmp,True,135244364.49080086,,,Unknown,False,False,,0.0,0.0,-180.0,-180.0,False,0.1
IMG_9483.HEIC,,05192974-3E26-49BD-81C0-2370A65F2BD1,_/IMG_9483_edited (6).heic.xmp,True,238123447.46300006,,,Unknown,False,False,,0.0,0.0,-180.0,-180.0,False,0.1
IMG_9483.HEIC,,FFF36E49-3EA0-4A92-A851-2FCAC4BFEA13,_/IMG_9483_edited (2).heic.xmp,True,149286610.48723555,,,Unknown,False,False,,0.0,0.0,-180.0,-180.0,False,0.1
IMG_9483.HEIC,,E389BF62-C642-48A4-A650-A09DA466175C,_/IMG_9483 (1).HEIC.xmp,True,135237979.5781479,,,Unknown,False,False,,0.0,0.0,-180.0,-180.0,False,0.1
IMG_9483.HEIC,,7ADA2F06-77A8-4FF3-B6C6-556BBD5CAE14,_/IMG_9483_edited.jpeg.xmp,True,88053297.50300002,,,Unknown,False,False,,0.0,0.0,-180.0,-180.0,False,0.1
IMG_9585.HEIC,,97442E27-BCAB-4408-8291-01E5CB931345,_/IMG_9585_edited (6).heic.xmp,True,253731672.6170001,,,Unknown,False,False,,0.0,0.0,-180.0,-180.0,False,0.1
IMG_9585.HEIC,,B0F79680-036D-481A-A967-4D6B4FBC729F,_/IMG_9585_edited (5).heic.xmp,True,210176040.10099983,,,Unknown,False,False,,0.0,0.0,-180.0,-180.0,False,0.1
IMG_3251.JPG,,,,,,,,,,,,28.2111,-82.35889999999999,,,True,0.0
IMG_9504.HEIC,,5A2E0594-7926-4587-81F1-09134FB4943F,_/IMG_9504_edited (6).heic.xmp,True,238131791.66799998,,,Unknown,False,False,,0.0,0.0,-180.0,-180.0,False,0.1
IMG_9504.HEIC,,C2289C2B-0710-41BD-9A9E-74B823C3801B,_/IMG_9504_edited (5).heic.xmp,True,210201276.80999994,,,Unknown,False,False,,0.0,0.0,-180.0,-180.0,False,0.1
IMG_9504.HEIC,,162A4E4B-F6F1-42EC-AACD-22916DEBC04C,_/IMG_9504_edited (1).heic.xmp,True,135244708.76121163,,,Unknown,False,False,,0.0,0.0,-180.0,-180.0,False,0.1
IMG_9504.HEIC,,16FC8019-919A-41A2-922C-CB21C45B1A22,_/IMG_9504.HEIC.xmp,True,112691893.69216919,,,Unknown,False,False,,0.0,0.0,-180.0,-180.0,False,0.1
IMG_9589.HEIC,,9D1F7C8F-1F02-4E12-B243-6F450D013C5A,_/IMG_9589_edited (5).heic.xmp,True,210176038.59899998,,,Unknown,False,False,,0.0,0.0,-180.0,-180.0,False,0.1
IMG_9589.HEIC,,7B96938B-B8CB-4ADF-A200-4D4EA5258CD9,_/IMG_9589_edited (3).heic.xmp,True,149272026.00686765,,,Unknown,False,False,,0.0,0.0,-180.0,-180.0,False,0.1
IMG_9589.HEIC,,CC0B4A3C-B07A-46F7-8DE5-14E1F7FFDD3E,_/IMG_9589_edited (2).heic.xmp,True,135368019.2644124,,,Unknown,False,False,,0.0,0.0,-180.0,-180.0,False,0.1
IMG_9516.HEIC,,340CEB4C-14C9-4358-8123-49786FAEE8A6,_/IMG_9516_edited (6).heic.xmp,True,238131985.99800014,,,Unknown,False,False,,0.0,0.0,-180.0,-180.0,False,0.1
IMG_9516.HEIC,,629F28D4-18FC-47A7-BC62-9DFD0849FD93,_/IMG_9516_edited (5).heic.xmp,True,210201357.35599995,,,Unknown,False,False,,0.0,0.0,-180.0,-180.0,False,0.1
IMG_9516.HEIC,,CA4BB2F4-5A00-4465-8321-E03D8AEFB286,_/IMG_9516 (3).HEIC.xmp,True,135294296.75572538,,,Unknown,False,False,,0.0,0.0,-180.0,-180.0,False,0.1
IMG_9516.HEIC,,677D61F3-9BF4-4331-BE31-B984C67A75E2,_/IMG_9516_edited (2).heic.xmp,True,112746219.83121586,,,Unknown,False,False,,0.0,0.0,-180.0,-180.0,False,0.1
IMG_9516.HEIC,,91072317-6000-493A-8307-952AF3A3FBC4,_/IMG_9516 (1).HEIC.xmp,True,88207866.63499999,,,Unknown,False,False,,0.0,0.0,-180.0,-180.0,False,0.1
IMG_9577.HEIC,,27D102BA-30B5-4183-A7BA-7B42659A8F3C,_/IMG_9577_edited (5).heic.xmp,True,253731669.70000005,,,Unknown,False,False,,0.0,0.0,-180.0,-180.0,False,0.1
IMG_9577.HEIC,,38DCD4E3-E990-46BD-81E2-C66456D93C56,_/IMG_9577 (4).HEIC.xmp,True,238180449.81799984,,,Unknown,False,False,,0.0,0.0,-180.0,-180.0,False,0.1
IMG_9591-COLLAGE.jpg,,,,,,,,,,,,0.0,0.0,,,False,0.0
IMG_3254.JPG,,,,,,,,,,,,28.2111,-82.35889999999999,,,True,0.0
IMG_9509.HEIC,,B30C9CBB-9D68-4C46-ABE1-DEAB6E2B4F18,_/IMG_9509_edited (6).heic.xmp,True,238131801.431,,,Unknown,False,False,,0.0,0.0,-180.0,-180.0,False,0.1
IMG_9509.HEIC,,045732C1-E3F1-413D-A6EB-2A7E376E372C,_/IMG_9509_edited (5).heic.xmp,True,210201330.48099995,,,Unknown,False,False,,0.0,0.0,-180.0,-180.0,False,0.1
IMG_9509.HEIC,,9CC07AEB-AF1D-4445-B1F9-20049030F907,_/IMG_9509_edited (3).heic.xmp,True,149291539.82440424,,,Unknown,False,False,,0.0,0.0,-180.0,-180.0,False,0.1
IMG_9509.HEIC,,08D6A5CD-2CAC-4FBE-90A7-8CFE0F5BF15D,_/IMG_9509_edited (2).heic.xmp,True,135244743.84428596,,,Unknown,False,False,,0.0,0.0,-180.0,-180.0,False,0.1
IMG_9509.HEIC,,6E07DB83-571F-43F4-9220-47851659CD08,_/IMG_9509 (1).HEIC.xmp,True,88202207.38700008,,,Unknown,False,False,,0.0,0.0,-180.0,-180.0,False,0.1
IMG_9584.HEIC,,60AB8EAC-FFDA-4867-88AA-CA026748945B,_/IMG_9584_edited (6).heic.xmp,True,253731671.97000003,,,Unknown,False,False,,0.0,0.0,-180.0,-180.0,False,0.1
IMG_9584.HEIC,,1814669A-8AC2-4039-B5DE-0B902B7B5D23,_/IMG_9584_edited (5).heic.xmp,True,238185668.50399995,,,Unknown,False,False,,0.0,0.0,-180.0,-180.0,False,0.1
IMG_9584.HEIC,,A147CCAC-8939-4DE6-88AF-82594BFBB59D,_/IMG_9584_edited (4).heic.xmp,True,210176037.25,,,Unknown,False,False,,0.0,0.0,-180.0,-180.0,False,0.1
IMG_9584.HEIC,,B494EDC4-8484-447B-BE12-B17B74E12EF1,_/IMG_9584_edited (2).heic.xmp,True,135367732.77640104,,,Unknown,False,False,,0.0,0.0,-180.0,-180.0,False,0.1
IMG_9528.HEIC,,CEEB54E0-02BE-4C0D-9879-21DE0143086E,_/IMG_9528_edited (6).heic.xmp,True,238138457.23300004,,,Unknown,False,False,,0.0,0.0,-180.0,-180.0,False,0.1
IMG_9528.HEIC,,9542650C-F751-4EA6-907C-33C5156B097D,_/IMG_9528_edited (5).heic.xmp,True,210201374.17999983,,,Unknown,False,False,,0.0,0.0,-180.0,-180.0,False,0.1
IMG_9528.HEIC,,11BEF2A0-95EC-416C-83BB-6A9E14DF8634,_/IMG_9528 (1).HEIC.xmp,True,135315252.90353274,,,Unknown,False,False,,0.0,0.0,-180.0,-180.0,False,0.1
IMG_9528.HEIC,,9E5D461B-E656-4D5E-8D51-D52E26CD0596,_/IMG_9528.HEIC.xmp,True,88209671.22000003,,,Unknown,False,False,,0.0,0.0,-180.0,-180.0,False,0.1
IMG_9489.HEIC,,A3953159-52A7-45ED-8882-06F5D4BA0272,_/IMG_9489_edited (5).heic.xmp,True,238130025.85899997,,,Unknown,False,False,,0.0,0.0,-180.0,-180.0,False,0.1
IMG_9489.HEIC,,0ED20CD9-AA17-4968-A4D1-B77844DC2F89,_/IMG_9489_edited.jpeg.xmp,True,88053212.18200016,,,Unknown,False,False,,0.0,0.0,-180.0,-180.0,False,0.1
IMG_9595.HEIC,,AA960403-B261-4511-99D3-A1B3A1EFAB78,_/IMG_9595_edited (6).heic.xmp,True,210176218.29500008,,,Unknown,False,False,,0.0,0.0,-180.0,-180.0,False,0.1
IMG_9595.HEIC,,5D7302C9-1AF4-4820-A771-69F9B444CEDA,_/IMG_9595_edited (4).heic.xmp,True,149271897.97815704,,,Unknown,False,False,,0.0,0.0,-180.0,-180.0,False,0.1
IMG_9595.HEIC,,04F631D5-DAF0-4174-B0F9-3D00519404DB,_/IMG_9595_edited (3).heic.xmp,True,135367882.01273823,,,Unknown,False,False,,0.0,0.0,-180.0,-180.0,False,0.1
IMG_9539.HEIC,,73782552-16A7-4CD3-8727-5C2A58A7419B,_/IMG_9539_edited (8).heic.xmp,True,238142086.467,,,Unknown,False,False,,0.0,0.0,-180.0,-180.0,False,0.1
IMG_9539.HEIC,,03F6CE07-F3DF-4345-9F4F-5843E7EA7AF3,_/IMG_9539 (3).HEIC.xmp,True,135325190.07018375,,,Unknown,False,False,,0.0,0.0,-180.0,-180.0,False,0.1
IMG_9539.HEIC,,39A155DD-5DF9-451B-B3F7-E48AE8B006D4,_/IMG_9539 (2).HEIC.xmp,True,112749630.99188137,,,Unknown,False,False,,0.0,0.0,-180.0,-180.0,False,0.1
IMG_9539.HEIC,,BDAC3459-E0DB-48B7-B3FF-0956595C7402,_/IMG_9539 (1).HEIC.xmp,True,88213991.23500013,,,Unknown,False,False,,0.0,0.0,-180.0,-180.0,False,0.1
IMG_3268.JPG,,02C73F57-D8F6-4415-BC23-83F0CECEF5DB,_/IMG_3268 (3).JPG.xmp,True,190354557.48000002,,,Unknown,False,False,,28.190199999999997,-82.35719999999999,39.626371666666664,-106.06555833333333,False,0.1
IMG_3268.JPG,,AC9919FC-61C3-49BF-8F03-C8BB507297E9,_/IMG_3268_edited (2).jpeg.xmp,True,177689854.342,,,Unknown,False,False,,28.190199999999997,-82.35719999999999,-180.0,-180.0,True,0.1
IMG_3246.JPG,,,,,,,,,,,,28.2108,-82.3586,,,True,0.0
IMG_9526.HEIC,,7D357663-AB87-4FEC-A3C9-8EB923F91488,_/IMG_9526_edited (4).heic.xmp,True,210201394.65100002,,,Unknown,False,False,,0.0,0.0,-180.0,-180.0,False,0.1
IMG_9526.HEIC,,5F7DAA0F-DA05-427B-9A55-341BB1F873C6,_/IMG_9526_edited.heic.xmp,True,135314463.00863838,,,Unknown,False,False,,0.0,0.0,-180.0,-180.0,False,0.1
IMG_9555.HEIC,,FE9DF304-5F71-4A47-A172-0D76E57C8723,_/IMG_9555_edited (6).heic.xmp,True,210202428.50199986,,,Unknown,False,False,,0.0,0.0,-180.0,-180.0,False,0.1
IMG_9555.HEIC,,D922E116-FAC7-47E3-BB80-240EB17C51CC,_/IMG_9555_edited (4).heic.xmp,True,149299277.26730442,,,Unknown,False,False,,0.0,0.0,-180.0,-180.0,False,0.1
IMG_9555.HEIC,,A55D0A7A-E9EF-4DFD-B480-51CBDA869F05,_/IMG_9555_edited (3).heic.xmp,True,135391486.4610896,,,Unknown,False,False,,0.0,0.0,-180.0,-180.0,False,0.1
IMG_9555.HEIC,,8C633517-F24E-4A15-AEDF-6D9FA8356079,_/IMG_9555 (2).HEIC.xmp,True,112930466.12441134,,,Unknown,False,False,,0.0,0.0,-180.0,-180.0,False,0.1
IMG_9555.HEIC,,90CE2DC7-68B5-4FE9-872D-937A81E35D22,_/IMG_9555_edited (1).jpeg.xmp,True,88227413.13600016,,,Unknown,False,False,,0.0,0.0,-180.0,-180.0,False,0.1
IMG_9502.HEIC,,C528CB89-9536-42C6-98D7-A441CAD68D76,_/IMG_9502_edited (6).heic.xmp,True,238131790.77699995,,,Unknown,False,False,,0.0,0.0,-180.0,-180.0,False,0.1
IMG_9502.HEIC,,87A9FB2F-A514-4D3C-B74E-491ED179685A,_/IMG_9502_edited (5).heic.xmp,True,210201229.25099993,,,Unknown,False,False,,0.0,0.0,-180.0,-180.0,False,0.1
IMG_9502.HEIC,,229F12CA-AEB5-4847-9544-5E2AE9B339A7,_/IMG_9502 (1).HEIC.xmp,True,135244522.94887972,,,Unknown,False,False,,0.0,0.0,-180.0,-180.0,False,0.1
IMG_9502.HEIC,,083BDFEA-6296-4DE6-A720-3F3F8D788A65,_/IMG_9502.HEIC.xmp,True,112691525.38615823,,,Unknown,False,False,,0.0,0.0,-180.0,-180.0,False,0.1
IMG_9523.HEIC,,4DDC7DE7-0114-4F8A-B2A3-6FED03E22286,_/IMG_9523_edited (6).heic.xmp,True,210201398.5669999,,,Unknown,False,False,,0.0,0.0,-180.0,-180.0,False,0.1
IMG_9523.HEIC,,267843F1-ACB3-4FBC-B6DF-2E46C9661563,_/IMG_9523_edited (3).heic.xmp,True,135314453.47570372,,,Unknown,False,False,,0.0,0.0,-180.0,-180.0,False,0.1
IMG_9523.HEIC,,DEEEDB60-781C-400A-B19C-25D95178CFE9,_/IMG_9523_edited (2).heic.xmp,True,112746281.30417776,,,Unknown,False,False,,0.0,0.0,-180.0,-180.0,False,0.1
IMG_9523.HEIC,,459CF3F7-D63C-4DBC-A916-0B505E25B512,_/IMG_9523 (1).HEIC.xmp,True,88208385.21799994,,,Unknown,False,False,,0.0,0.0,-180.0,-180.0,False,0.1
DSC_0159.jpg,,,,,,,,,,,,0.0,0.0,,,False,0.0
DSC_0127.jpg,,,,,,,,,,,,0.0,0.0,,,False,0.0
DSC_0154.jpg,,,,,,,,,,,,0.0,0.0,,,False,0.0
DSC_0080.jpg,,,,,,,,,,,,0.0,0.0,,,False,0.0
DSC_0093.jpg,,,,,,,,,,,,0.0,0.0,,,False,0.0
DSC_0078.jpg,,,,,,,,,,,,0.0,0.0,,,False,0.0
DSC_0120.jpg,,,,,,,,,,,,0.0,0.0,,,False,0.0
DSC_0135.jpg,,,,,,,,,,,,0.0,0.0,,,False,0.0
DSC_0090.jpg,,,,,,,,,,,,0.0,0.0,,,False,0.0
DSC_0096.jpg,,,,,,,,,,,,0.0,0.0,,,False,0.0
DSC_0148.jpg,,,,,,,,,,,,0.0,0.0,,,False,0.0
DSC_0149.jpg,,,,,,,,,,,,0.0,0.0,,,False,0.0
DSC_0088.jpg,,,,,,,,,,,,0.0,0.0,,,False,0.0
P2.jpg,,,,,,,,,,,,0.0,0.0,,,False,0.0
P1.jpg,,,,,,,,,,,,0.0,0.0,,,False,0.0
IMG_3438.JPG,,9E12FB42-6C5D-40D8-BD0B-E988948EE5A5,_/IMG_3438_edited (3).jpeg.xmp,True,176764858.26600003,,,Unknown,False,False,,28.014899999999997,-82.4699,-180.0,-180.0,True,0.1
IMG_3477.JPG,,86264356-DD5C-4A56-A7E9-B77FBF46BF15,_/IMG_3477 (1).JPG.xmp,True,145828331.4010353,,,Unknown,False,False,,27.944399999999998,-82.5239,-180.0,-180.0,True,0.1
IMG_3464.JPG,,4B241CBD-279E-4D8B-BFCD-65005819F174,_/IMG_3464_edited (3).jpeg.xmp,True,176759185.30700016,,,Unknown,False,False,,27.950999999999997,-82.5455,-180.0,-180.0,True,0.1
IMG_3432.JPG,,30BCC618-37DC-4ED9-BD49-734F84554F31,_/IMG_3432_edited (3).jpeg.xmp,True,176766650.69700003,,,Unknown,False,False,,28.014499999999998,-82.47019999999999,-180.0,-180.0,True,0.1
IMG_9934.JPG,,,,,,,,,,,,0.0,0.0,,,False,0.0
IMG_3455.JPG,,843B2525-ACAF-4D9C-8192-02C8CFF43609,_/IMG_3455_edited (2).jpeg.xmp,True,176760887.35300016,,,Unknown,False,False,,27.950899999999997,-82.5455,-180.0,-180.0,True,0.1
IMG_3470.JPG,,5406B1CA-7AE1-4630-86CA-C7107C10352D,_/IMG_3470_edited (3).jpeg.xmp,True,176754826.90499997,,,Unknown,False,False,,27.944399999999998,-82.5239,-180.0,-180.0,True,0.1
IMG_3433.JPG,,BD0AE65A-B9F7-4960-B462-805B7A747EBA,_/IMG_3433_edited (3).jpeg.xmp,True,176766648.75099993,,,Unknown,False,False,,28.014499999999998,-82.47019999999999,-180.0,-180.0,True,0.1
IMG_3435.JPG,,487222DE-24FD-46BC-BC04-9CE8D88743CB,_/IMG_3435_edited (3).jpeg.xmp,True,176765659.96099997,,,Unknown,False,False,,28.014499999999998,-82.4696,-180.0,-180.0,True,0.1
IMG_9933.JPG,,66C79AF5-6B0E-44AB-A12F-E82495B0D322,_/IMG_9933.JPG.xmp,True,16496019.492645264,,,Unknown,False,False,,0.0,0.0,-180.0,-180.0,False,0.1
IMG_3417.JPG,,D87EFF0E-4FEA-4B51-947A-76CD914507A3,_/IMG_3417_edited (3).jpeg.xmp,True,176766894.3829999,,,Unknown,False,False,,28.013499999999997,-82.4699,-180.0,-180.0,True,0.1
IMG_3430.JPG,,F432238F-86A6-4E51-9847-8F8ED1E99000,_/IMG_3430_edited (3).jpeg.xmp,True,176766730.19000006,,,Unknown,False,False,,28.013499999999997,-82.4701,-180.0,-180.0,True,0.1
IMG_3429.JPG,,3A926F42-64FF-4099-A8C0-0994EA5BEE26,_/IMG_3429_edited (2).jpeg.xmp,True,176766853.08599997,,,Unknown,False,False,,28.013499999999997,-82.4699,-180.0,-180.0,True,0.1
IMG_3473.JPG,,,,,,,,,,,,27.9442,-82.5239,,,True,0.0
IMG_3448.JPG,,3588BE29-69A3-4390-B3AD-854E8878F027,_/IMG_3448 (6).JPG.xmp,True,250586082.90999985,,,Unknown,False,False,,28.014599999999998,-82.46979999999999,-180.0,-180.0,True,0.1
IMG_3448.JPG,,50CBE8CC-CF78-4083-91CA-20A24755576D,_/IMG_3448_edited (3).jpeg.xmp,True,176764793.05499983,,,Unknown,False,False,,28.014599999999998,-82.46979999999999,-180.0,-180.0,True,0.1
IMG_3451.JPG,,8B269A05-EC02-44EF-A3E4-8CA3CE7B2D2F,_/IMG_3451_edited (3).jpeg.xmp,True,176760992.36899996,,,Unknown,False,False,,27.950899999999997,-82.5455,-180.0,-180.0,True,0.1
IMG_3451.JPG,,52403803-310E-405E-B06C-007D123E10F4,_/IMG_3451 (1).JPG.xmp,True,145825967.29354095,,,Unknown,False,False,,27.950899999999997,-82.5455,-180.0,-180.0,True,0.1
IMG_9936.JPG,,46DD3474-F5D5-49AB-BA65-19BA5C716341,_/IMG_9936.JPG.xmp,True,16496787.33128643,,,Unknown,False,False,,0.0,0.0,-180.0,-180.0,False,0.1
IMG_3461.JPG,,F7DB6881-1292-4FA3-B2F0-DDA2C1F101AC,_/IMG_3461_edited (3).jpeg.xmp,True,176760022.96500015,,,Unknown,False,False,,27.950999999999997,-82.5454,-180.0,-180.0,True,0.1
IMG_3450.JPG,,878982AE-0E1A-4667-ABAF-07220ADBBEC6,_/IMG_3450_edited (2).jpeg.xmp,True,176760995.25600004,,,Unknown,False,False,,27.950899999999997,-82.5455,-180.0,-180.0,True,0.1
IMG_3443.JPG,,2AB717F5-E92C-4FA6-9CE7-BA201DA5E717,_/IMG_3443_edited (3).jpeg.xmp,True,176764908.5539999,,,Unknown,False,False,,28.014699999999998,-82.4699,-180.0,-180.0,True,0.1
Chicago 531.jpg,,,,,,,,,,,,0.0,0.0,,,False,0.0
Chicago 586.jpg,,,,,,,,,,,,0.0,0.0,,,False,0.0
Chicago 574.jpg,,,,,,,,,,,,0.0,0.0,,,False,0.0
Chicago 528.jpg,,,,,,,,,,,,0.0,0.0,,,False,0.0
Chicago 567.jpg,,,,,,,,,,,,0.0,0.0,,,False,0.0
Chicago 599.jpg,,,,,,,,,,,,0.0,0.0,,,False,0.0
Chicago 572.jpg,,,,,,,,,,,,0.0,0.0,,,False,0.0
Chicago 500.jpg,,,,,,,,,,,,0.0,0.0,,,False,0.0
Chicago 491.jpg,,,,,,,,,,,,0.0,0.0,,,False,0.0
Chicago 497.jpg,,,,,,,,,,,,0.0,0.0,,,False,0.0
Chicago 484.jpg,,,,,,,,,,,,0.0,0.0,,,False,0.0
Chicago 465.jpg,,,,,,,,,,,,0.0,0.0,,,False,0.0
Chicago 550.jpg,,,,,,,,,,,,0.0,0.0,,,False,0.0
Chicago 543.jpg,,,,,,,,,,,,0.0,0.0,,,False,0.0
Chicago 545.jpg,,,,,,,,,,,,0.0,0.0,,,False,0.0
Chicago 488.jpg,,,,,,,,,,,,0.0,0.0,,,False,0.0
Chicago 530.jpg,,,,,,,,,,,,0.0,0.0,,,False,0.0
Chicago 600.jpg,,,,,,,,,,,,0.0,0.0,,,False,0.0
Chicago 594.jpg,,,,,,,,,,,,0.0,0.0,,,False,0.0
Chicago 459.jpg,,,,,,,,,,,,0.0,0.0,,,False,0.0
Chicago 496.jpg,,,,,,,,,,,,0.0,0.0,,,False,0.0
Chicago 462.jpg,,,,,,,,,,,,0.0,0.0,,,False,0.0
Chicago 557.jpg,,,,,,,,,,,,0.0,0.0,,,False,0.0
Chicago 563.jpg,,,,,,,,,,,,0.0,0.0,,,False,0.0
Chicago 591.jpg,,,,,,,,,,,,0.0,0.0,,,False,0.0
Chicago 582.jpg,,,,,,,,,,,,0.0,0.0,,,False,0.0
Chicago 584.jpg,,,,,,,,,,,,0.0,0.0,,,False,0.0
Chicago 533.jpg,,,,,,,,,,,,0.0,0.0,,,False,0.0
Chicago 474.jpg,,,,,,,,,,,,0.0,0.0,,,False,0.0
Chicago 554.jpg,,,,,,,,,,,,0.0,0.0,,,False,0.0
Chicago 508.jpg,,,,,,,,,,,,0.0,0.0,,,False,0.0
Chicago 472.jpg,,,,,,,,,,,,0.0,0.0,,,False,0.0
Chicago 502.jpg,,,,,,,,,,,,0.0,0.0,,,False,0.0
Chicago 504.jpg,,,,,,,,,,,,0.0,0.0,,,False,0.0
Chicago 495.jpg,,,,,,,,,,,,0.0,0.0,,,False,0.0
Chicago 589.jpg,,,,,,,,,,,,0.0,0.0,,,False,0.0
Chicago 564.jpg,,,,,,,,,,,,0.0,0.0,,,False,0.0
Chicago 585.jpg,,,,,,,,,,,,0.0,0.0,,,False,0.0
Chicago 583.jpg,,,,,,,,,,,,0.0,0.0,,,False,0.0
Chicago 590.jpg,,,,,,,,,,,,0.0,0.0,,,False,0.0
Chicago 460.jpg,,,,,,,,,,,,0.0,0.0,,,False,0.0
Chicago 540.jpg,,,,,,,,,,,,0.0,0.0,,,False,0.0
Chicago 466.jpg,,,,,,,,,,,,0.0,0.0,,,False,0.0
Chicago 559.jpg,,,,,,,,,,,,0.0,0.0,,,False,0.0
Chicago 494.jpg,,,,,,,,,,,,0.0,0.0,,,False,0.0
Chicago 505.jpg,,,,,,,,,,,,0.0,0.0,,,False,0.0
Chicago 487.jpg,,,,,,,,,,,,0.0,0.0,,,False,0.0
Chicago 481.jpg,,,,,,,,,,,,0.0,0.0,,,False,0.0
Chicago 033.jpg,,,,,,,,,,,,0.0,0.0,,,False,0.0
Chicago 026.jpg,,,,,,,,,,,,0.0,0.0,,,False,0.0
Chicago 035.jpg,,,,,,,,,,,,0.0,0.0,,,False,0.0
Chicago 034.jpg,,,,,,,,,,,,0.0,0.0,,,False,0.0
Chicago 027.jpg,,,,,,,,,,,,0.0,0.0,,,False,0.0
Chicago 032.jpg,,,,,,,,,,,,0.0,0.0,,,False,0.0
Chicago 031.jpg,,,,,,,,,,,,0.0,0.0,,,False,0.0
Chicago 024.jpg,,,,,,,,,,,,0.0,0.0,,,False,0.0
Chicago 025.jpg,,,,,,,,,,,,0.0,0.0,,,False,0.0
Chicago 023.jpg,,,,,,,,,,,,0.0,0.0,,,False,0.0
P60508-184436.jpg,,,,,,,,,,,,0.0,0.0,,,False,0.0
V60508-143922.mp4,,,,,,,,,,,,0.0,0.0,,,False,0.0
P60508-105434.jpg,,,,,,,,,,,,0.0,0.0,,,False,0.0
P60508-212351.jpg,,,,,,,,,,,,0.0,0.0,,,False,0.0
P60508-134617.jpg,,,,,,,,,,,,0.0,0.0,,,False,0.0
V60508-123359.mp4,,,,,,,,,,,,0.0,0.0,,,False,0.0
P60508-182340.jpg,,,,,,,,,,,,0.0,0.0,,,False,0.0
V60508-121919.mp4,,,,,,,,,,,,0.0,0.0,,,False,0.0
2016-05-08 10.24.35-2.jpg,,,,,,,,,,,,28.4184833,-81.5812139,,,True,0.0
V60508-125314.mp4,,,,,,,,,,,,0.0,0.0,,,False,0.0
P60508-123245.jpg,,,,,,,,,,,,0.0,0.0,,,False,0.0
P60508-151447.jpg,,,,,,,,,,,,0.0,0.0,,,False,0.0
V60508-132046.mp4,,,,,,,,,,,,0.0,0.0,,,False,0.0
P60508-161401.jpg,,,,,,,,,,,,0.0,0.0,,,False,0.0
V60508-183223.mp4,,,,,,,,,,,,0.0,0.0,,,False,0.0
P60508-101658.jpg,,,,,,,,,,,,0.0,0.0,,,False,0.0
P60508-212830.jpg,,,,,,,,,,,,0.0,0.0,,,False,0.0
P60508-152234.jpg,,,,,,,,,,,,0.0,0.0,,,False,0.0
P60508-121718.jpg,,,,,,,,,,,,0.0,0.0,,,False,0.0
P60508-145142.jpg,,,,,,,,,,,,0.0,0.0,,,False,0.0
V60508-134245.mp4,,,,,,,,,,,,0.0,0.0,,,False,0.0
P60508-124041.jpg,,,,,,,,,,,,0.0,0.0,,,False,0.0
V60508-105722.mp4,,,,,,,,,,,,0.0,0.0,,,False,0.0
V60508-182158.mp4,,,,,,,,,,,,0.0,0.0,,,False,0.0
P60508-121126.jpg,,,,,,,,,,,,0.0,0.0,,,False,0.0
P60508-105946.jpg,,,,,,,,,,,,0.0,0.0,,,False,0.0
P60508-181843.jpg,,,,,,,,,,,,0.0,0.0,,,False,0.0
2016-05-08 10.40.26.jpg,,,,,,,,,,,,28.420872199999998,-81.5785389,,,True,0.0
2016-05-08 09.13.10.mov,,,,,,,,,,,,0.0,0.0,,,False,0.0
V60508-124112.mp4,,,,,,,,,,,,0.0,0.0,,,False,0.0
P60508-210846.jpg,,,,,,,,,,,,0.0,0.0,,,False,0.0
V60508-185645.mp4,,,,,,,,,,,,0.0,0.0,,,False,0.0
V60508-184122.mp4,,,,,,,,,,,,0.0,0.0,,,False,0.0
V60508-132349.mp4,,,,,,,,,,,,0.0,0.0,,,False,0.0
V60508-145039.mp4,,,,,,,,,,,,0.0,0.0,,,False,0.0
IMG_1607.JPG,,,,,,,,,,,,28.0628,-82.8316,,,True,0.0
IMG_1623.JPG,,,,,,,,,,,,28.062600000000003,-82.8316,,,True,0.0
IMG_1629.JPG,,EFDCFFC5-27BB-4E90-9840-95732E91B9DC,_/IMG_1629 (2).JPG.xmp,True,152803700.54441166,,,Unknown,False,False,,28.0627,-82.8316,-180.0,-180.0,True,0.1
IMG_1608.JPG,,8D2E4CCB-81D8-4FE8-9C19-2DA6DE4B8EA8,_/IMG_1608 (1).JPG.xmp,True,180779811.0,,,Unknown,False,False,,28.0628,-82.8316,-180.0,-180.0,True,0.1
IMG_1617.MOV,,DACF52BD-5C0F-4EF8-BF16-A9903053D448,_/IMG_1617 (6).MOV.xmp,True,213761215.0,,,Unknown,False,False,,28.062600000000003,-82.8316,-180.0,-180.0,True,0.1
IMG_1617.MOV,,EABD24C4-D485-4267-8415-EBA867905975,_/IMG_1617 (1).MOV.xmp,True,122262429.0,,,Unknown,False,False,,28.062600000000003,-82.8316,-180.0,-180.0,True,0.1
IMG_1605.JPG,,,,,,,,,,,,28.0628,-82.8316,,,True,0.0
IMG_1616.JPG,,,,,,,,,,,,28.062600000000003,-82.8316,,,True,0.0
IMG_1603.JPG,,,,,,,,,,,,28.0628,-82.8316,,,True,0.0
IMG_2488.JPG,,,,,,,,,,,,28.0351,-82.4255,,,True,0.0
IMG_2433.JPG,,,,,,,,,,,,28.038899999999998,-82.417,,,True,0.0
IMG_2491.JPG,,FBAB0515-1D35-4C70-8E80-2D0AF3B64513,_/IMG_2491 (4).JPG.xmp,True,177896190.39053154,,,Unknown,False,False,,28.0338,-82.4237,-180.0,-180.0,True,0.1
IMG_2435.JPG,,,,,,,,,,,,28.038999999999998,-82.417,,,True,0.0
IMG_2441.JPG,,,,,,,,,,,,28.039099999999998,-82.417,,,True,0.0
IMG_2455.JPG,,,,,,,,,,,,28.0403,-82.4178,,,True,0.0
IMG_2437.JPG,,,,,,,,,,,,28.038999999999998,-82.417,,,True,0.0
IMG_2494.JPG,,,,,,,,,,,,28.0338,-82.4237,,,True,0.0
IMG_2487.JPG,,,,,,,,,,,,28.0351,-82.4255,,,True,0.0
IMG_2444.JPG,,,,,,,,,,,,28.039199999999997,-82.417,,,True,0.0
IMG_1587.JPG,,,,,,,,,,,,28.195,-82.36229999999999,,,True,0.0
IMG_1581.JPG,,DA7A8F7E-EB87-44C5-9396-F67E7E410C40,_/IMG_1581.JPG.xmp,True,122745726.71360898,,,Unknown,False,False,,28.1988,-82.3633,-180.0,-180.0,True,0.1
IMG_1575.JPG,,0231F0E1-BF70-4C63-860E-99279B3162BC,_/IMG_1575.JPG.xmp,True,122745722.8467617,,,Unknown,False,False,,28.1988,-82.3633,-180.0,-180.0,True,0.1
IMG_1580.JPG,,08611635-3D46-4D7D-99AB-637C1386AF0A,_/IMG_1580.JPG.xmp,True,122745727.61360407,,,Unknown,False,False,,28.1988,-82.3633,-180.0,-180.0,True,0.1
IMG_1572.JPG,,D7923900-3FD7-4042-AC25-595CC7476574,_/IMG_1572.JPG.xmp,True,122745726.54675293,,,Unknown,False,False,,0.0,0.0,-180.0,-180.0,False,0.1
IMG_1577.JPG,,9A1FCDC5-0167-466C-886E-CE1BA89C8BA6,_/IMG_1577 (1).JPG.xmp,True,122745728.31359696,,,Unknown,False,False,,28.1988,-82.3633,-180.0,-180.0,True,0.1
IMG_1577.JPG,,6DF4D825-95FA-4CD2-8918-B72978B66F13,_/IMG_1577.JPG.xmp,True,75824511.64025593,,,Unknown,False,False,,28.1988,-82.3633,-180.0,-180.0,True,0.1
IMG_1583.JPG,,3E8E26FB-656F-4222-9565-BE06F5D4CE4E,_/IMG_1583.JPG.xmp,True,122745724.9136138,,,Unknown,False,False,,28.1988,-82.3633,-180.0,-180.0,True,0.1
IMG_1576.JPG,,9337F992-1FDD-4647-AEE0-23EFBF02F326,_/IMG_1576.JPG.xmp,True,122745722.94676399,,,Unknown,False,False,,28.1988,-82.3633,-180.0,-180.0,True,0.1
IMG_0544.MOV,,4D5028C6-F205-4C8F-B8E2-4673EE4BEA43,_/IMG_0544 (5).MOV.xmp,True,157927641.0,,,Unknown,False,False,,28.1903,-82.3571,41.4647,-71.3031,False,0.1
IMG_0544.MOV,,D7B4794D-1638-48CC-B7D0-7C9C6D14C0DF,_/IMG_0544 (8).MOV.xmp,True,216602865.0,,,Unknown,False,False,,28.1903,-82.3571,-180.0,-180.0,True,0.1
IMG_0544.MOV,,0B002561-FD51-4713-9997-C7BA9287B6AB,_/IMG_0544 (7).MOV.xmp,True,200316684.0,,,Unknown,False,False,,28.1903,-82.3571,-180.0,-180.0,True,0.1
IMG_0317.MOV,,A83AFB3E-4611-4FAF-A512-D63D95880C95,_/IMG_0317 (3).MOV.xmp,True,157522938.0,,,Unknown,False,False,,28.485599999999998,-81.4316,41.1107,-73.3312,False,0.1
IMG_0317.MOV,,A822031C-A506-4084-A7B0-189B06083044,_/IMG_0317 (6).MOV.xmp,True,220488126.0,,,Unknown,False,False,,28.485599999999998,-81.4316,42.1983,2.7365,False,0.1
IMG_0317.MOV,,22349F82-D284-4AA9-A05C-646E4ACEF0E8,_/IMG_0317 (7).MOV.xmp,True,221507718.0,,,Unknown,False,False,,28.485599999999998,-81.4316,-180.0,-180.0,True,0.1
IMG_0317.MOV,,27127E26-8483-44D2-A5B7-7A6060D9EA48,_/IMG_0317 (4).MOV.xmp,True,160510231.0,,,Unknown,False,False,,28.485599999999998,-81.4316,-180.0,-180.0,True,0.1
IMG_0317.MOV,,A1B76C29-991E-4301-A5AA-3D813BE9E73B,_/IMG_0317 (2).MOV.xmp,True,154758792.0,,,Unknown,False,False,,28.485599999999998,-81.4316,-180.0,-180.0,True,0.1
IMG_0542.MOV,,9438CC61-3A27-44C0-9921-A6DC76FE46D1,_/IMG_0542 (5).MOV.xmp,True,157930769.0,,,Unknown,False,False,,28.1904,-82.35660000000001,41.4671,-71.3016,False,0.1
IMG_0542.MOV,,BEB9B22E-4D3A-4109-855A-AC826CEB6ED5,_/IMG_0542 (8).MOV.xmp,True,200321391.0,,,Unknown,False,False,,28.1904,-82.35660000000001,-180.0,-180.0,True,0.1
IMG_0542.MOV,,1ED15ECE-B9F9-47D7-B34B-AC5CF57ECF2D,_/IMG_0542 (6).MOV.xmp,True,160258941.0,,,Unknown,False,False,,28.1904,-82.35660000000001,-180.0,-180.0,True,0.1
IMG_0310.JPG,,CDA08741-9D67-4540-921B-4CC1F0CDED6A,_/IMG_0310.JPG.xmp,True,78817321.88987064,,,Unknown,False,False,,28.485699999999998,-81.4316,-180.0,-180.0,True,0.1
IMG_0543.JPG,,CA40D11E-5A87-443D-840B-6E2F619F5F31,_/IMG_0543.JPG.xmp,True,78785363.08998823,,,Unknown,False,False,,28.190199999999997,-82.357,-180.0,-180.0,True,0.1
IMG_0439.JPG,,0A339E6C-7220-4333-A526-DA6284293926,_/IMG_0439 (8).JPG.xmp,True,200087899.0,,,Unknown,False,False,,28.0654,-82.8338,-180.0,-180.0,True,0.1
IMG_0439.JPG,,B8BC9D9C-6B3A-4021-81B5-42AFB3A1423B,_/IMG_0439 (2).JPG.xmp,True,125713781.23764157,,,Unknown,False,False,,28.0654,-82.8338,-180.0,-180.0,True,0.1
IMG_0305.JPG,,,,,,,,,,,,28.4852,-81.432,,,True,0.0
IMG_0316.JPG,,5EAEB8DA-EE2A-4FAE-8CB6-E577734737BF,_/IMG_0316.JPG.xmp,True,78817308.4898498,,,Unknown,False,False,,28.485599999999998,-81.4316,-180.0,-180.0,True,0.1
IMG_0519.JPG,,,,,,,,,,,,27.942899999999998,-82.45479999999999,,,True,0.0
IMG_0529.JPG,,2575127E-8DFE-4E6C-AD90-635280A435B0,_/IMG_0529 (1).JPG.xmp,True,101876901.0,,,Unknown,False,False,,27.942,-82.45439999999999,-180.0,-180.0,True,0.1
IMG_0303.MOV,,,,,,,,,,,,28.4863,-81.42949999999999,,,True,0.0
IMG_0308.JPG,,,,,,,,,,,,28.4854,-81.4324,,,True,0.0
IMG_0501.JPG,,,,,,,,,,,,28.0654,-82.8338,,,True,0.0
IMG_0358.JPG,,BF43E663-18FA-43BE-B915-C2FADA4CDCAA,_/IMG_0358 (1).JPG.xmp,True,101361862.0,,,Unknown,False,False,,28.627680599999998,-80.78870280000001,-180.0,-180.0,True,0.1
IMG_0304.JPG,,,,,,,,,,,,28.4855,-81.4309,,,True,0.0
IMG_0477.JPG,,83BD8D76-4560-4FFB-8F51-EC138739DFB2,_/IMG_0477 (2).JPG.xmp,True,125713830.30092144,,,Unknown,False,False,,28.0654,-82.8338,-180.0,-180.0,True,0.1
IMG_0477.JPG,,50EF60C0-2D12-4587-923C-E442AA244FBF,_/IMG_0477 (1).JPG.xmp,True,101636303.0,,,Unknown,False,False,,28.0654,-82.8338,-180.0,-180.0,True,0.1
IMG_0419.JPG,,D1AD4122-B677-4A49-9DEE-EDFCB46D3925,_/IMG_0419 (2).JPG.xmp,True,125862052.16957998,,,Unknown,False,False,,28.6276694,-80.78873329999999,-180.0,-180.0,True,0.1
IMG_0474.JPG,,464FA00B-5630-487A-B7F5-C73136A1DEE4,_/IMG_0474.JPG.xmp,True,125713787.17359829,,,Unknown,False,False,,28.0654,-82.8338,-180.0,-180.0,True,0.1
IMG_0498.MOV,,CDA5AD55-5C35-478B-99D7-4AECCE1D66A5,_/IMG_0498 (4).MOV.xmp,True,158028407.0,,,Unknown,False,False,,28.0654,-82.8338,41.4913,-71.3177,False,0.1
IMG_0498.MOV,,873462F5-D683-475B-8F15-1F5F32436A44,_/IMG_0498 (7).MOV.xmp,True,252453451.0,,,Unknown,False,False,,28.0654,-82.8338,-180.0,-180.0,True,0.1
IMG_0498.MOV,,E94CB02C-2A6F-4DE8-A30D-BF7A7868F205,_/IMG_0498 (5).MOV.xmp,True,182465965.0,,,Unknown,False,False,,28.0654,-82.8338,-180.0,-180.0,True,0.1
IMG_0473.MOV,,47CAC590-EAEF-4947-8904-CF42D91804AF,_/IMG_0473 (4).MOV.xmp,True,200199820.0,,,Unknown,False,False,,28.0654,-82.8338,-180.0,-180.0,True,0.1
IMG_0318.JPG,,4FB29250-2515-449D-8D37-D4255FCDC7CC,_/IMG_0318.JPG.xmp,True,78816572.6398437,,,Unknown,False,False,,28.4853,-81.4319,-180.0,-180.0,True,0.1
IMG_0306.JPG,,,,,,,,,,,,28.4851,-81.43209999999999,,,True,0.0
IMG_0475.JPG,,979FA8BE-3861-46A0-A8BE-249F32BF6436,_/IMG_0475 (1).JPG.xmp,True,125713786.27360225,,,Unknown,False,False,,28.0654,-82.8338,-180.0,-180.0,True,0.1
IMG_0313.JPG,,EA974E8E-BEBC-4075-8CEE-705B9383A439,_/IMG_0313.JPG.xmp,True,78817315.18985963,,,Unknown,False,False,,28.485599999999998,-81.4316,-180.0,-180.0,True,0.1
IMG_0301.MOV,,119DDAC8-EB07-455C-84C4-1CE1F3B299DE,_/IMG_0301 (2).MOV.xmp,True,154841683.0,,,Unknown,False,False,,27.6936,-82.73729999999999,-180.0,-180.0,True,0.1
IMG_0503.JPG,,,,,,,,,,,,28.0654,-82.8338,,,True,0.0
IMG_0492.JPG,,95345C35-42AA-4F12-ADA9-7AFEA29E9F50,_/IMG_0492 (3).JPG.xmp,True,149556062.0,,,Unknown,False,False,,28.0654,-82.8338,-180.0,-180.0,True,0.1
IMG_0492.JPG,,2E1D8992-3D6E-4AE2-AB17-83C97F84ED43,_/IMG_0492 (1).JPG.xmp,True,101637649.0,,,Unknown,False,False,,28.0654,-82.8338,-180.0,-180.0,True,0.1
IMG_2331.HEIC,,C071F213-3E0A-47D6-8A61-89CFDD3F84A0,_/IMG_2331 (5).HEIC.xmp,True,142489538.26399994,,,Unknown,False,False,,28.410899999999998,-81.46029999999999,43.08387783333333,-79.07118333333334,False,0.1
IMG_2331.HEIC,,250779BC-AC3D-4D15-9188-863C206EEDFD,_/IMG_2331_edited (9).heic.xmp,True,221459380.115,,,Unknown,False,False,,28.410899999999998,-81.46029999999999,-180.0,-180.0,True,0.1
IMG_2331.HEIC,,E385ED07-7EF9-4FD7-947B-6361E9C9B0DA,_/IMG_2331_edited (8).heic.xmp,True,206994087.35300016,,,Unknown,False,False,,28.410899999999998,-81.46029999999999,-180.0,-180.0,True,0.1
IMG_2331.HEIC,,77770E55-B12B-4498-B6F5-97E6E1814269,_/IMG_2331_edited (7).heic.xmp,True,180564107.50899982,,,Unknown,False,False,,28.410899999999998,-81.46029999999999,-180.0,-180.0,True,0.1
IMG_2331.HEIC,,92058734-5623-4BEA-913B-3B629D633A9A,_/IMG_2331_edited (4).heic.xmp,True,139453830.59100008,,,Unknown,False,False,,28.410899999999998,-81.46029999999999,-180.0,-180.0,True,0.1
IMG_2331.HEIC,,3FCFCE1E-A625-4012-B114-AD2540B25BD9,_/IMG_2331_edited (3).heic.xmp,True,117749123.07921863,,,Unknown,False,False,,28.410899999999998,-81.46029999999999,-180.0,-180.0,True,0.1
IMG_2331.HEIC,,9EEBF784-0019-4A75-9C3E-F391392F3341,_/IMG_2331 (1).HEIC.xmp,True,79913185.76505756,,,Unknown,False,False,,28.410899999999998,-81.46029999999999,-180.0,-180.0,True,0.1
IMG_2331.HEIC,,B69EF9DB-EE28-4A6B-A3A2-F96B13ECF911,_/IMG_2331.HEIC.xmp,True,60826805.885118246,,,Unknown,False,False,,28.410899999999998,-81.46029999999999,-180.0,-180.0,True,0.1
IMG_2355.HEIC,,21914518-44DD-4598-861F-B9AAAEDE8FAC,_/IMG_2355 (4).HEIC.xmp,True,142483597.34100008,,,Unknown,False,False,,28.4085306,-81.46275279999999,43.08351116666667,-79.07092216666666,False,0.1
IMG_2355.HEIC,,C5ACA68C-A558-480E-A53A-5D4877B8236B,_/IMG_2355_edited (7).heic.xmp,True,206989009.41700006,,,Unknown,False,False,,28.4085306,-81.46275279999999,-180.0,-180.0,True,0.1
IMG_2355.HEIC,,F13F1CAB-D774-4485-AA6A-725080DC57A9,_/IMG_2355_edited (6).heic.xmp,True,180560339.148,,,Unknown,False,False,,28.4085306,-81.46275279999999,-180.0,-180.0,True,0.1
IMG_2355.HEIC,,7B1C0603-7CE7-4D7F-A332-16E16E233497,_/IMG_2355_edited (3).heic.xmp,True,139451527.09100008,,,Unknown,False,False,,28.4085306,-81.46275279999999,-180.0,-180.0,True,0.1
IMG_2355.HEIC,,2D19BD71-2873-45E6-9974-84A74B1921F8,_/IMG_2355_edited (2).heic.xmp,True,117748453.07778239,,,Unknown,False,False,,28.4085306,-81.46275279999999,-180.0,-180.0,True,0.1
IMG_2355.HEIC,,10A96AF6-EAC4-41DC-80AD-D415A4D1B53A,_/IMG_2355 (1).HEIC.xmp,True,110663772.02684617,,,Unknown,False,False,,28.4085306,-81.46275279999999,-180.0,-180.0,True,0.1
IMG_2434.MOV,,78078568-9574-4CF5-88A2-4079E67FE859,_/IMG_2434 (4).MOV.xmp,True,142630993.0,,,Unknown,False,False,,28.409599999999998,-81.46379999999999,43.0828,-79.0827,False,0.1
IMG_2434.MOV,,0EA18B77-7410-4F53-8FAA-54EE37E50DB9,_/IMG_2434 (6).MOV.xmp,True,207045544.0,,,Unknown,False,False,,28.409599999999998,-81.46379999999999,-180.0,-180.0,True,0.1
IMG_2434.MOV,,99A2DBB9-B862-41EE-99F7-9FFFED0DF1A6,_/IMG_2434 (5).MOV.xmp,True,180642930.0,,,Unknown,False,False,,28.409599999999998,-81.46379999999999,-180.0,-180.0,True,0.1
IMG_2296.HEIC,,29B8B2FF-3C5D-41E3-970C-2540C0EB1847,_/IMG_2296 (5).HEIC.xmp,True,142298227.4159999,,,Unknown,False,False,,28.4108,-81.461,34.70249166666667,-83.73664666666667,False,0.1
IMG_2296.HEIC,,27ED4B87-BFB8-4823-9A2B-1A78492DBD0C,_/IMG_2296_edited (8).heic.xmp,True,206998005.536,,,Unknown,False,False,,28.4108,-81.461,-180.0,-180.0,True,0.1
IMG_2296.HEIC,,BE11E1FC-048F-4981-AD62-947121B8F1BE,_/IMG_2296_edited (6).heic.xmp,True,156129390.09500003,,,Unknown,False,False,,28.4108,-81.461,-180.0,-180.0,True,0.1
IMG_2296.HEIC,,5F670574-4494-4477-8466-E22A2515EFEE,_/IMG_2296_edited (4).heic.xmp,True,139443626.00399995,,,Unknown,False,False,,28.4108,-81.461,-180.0,-180.0,True,0.1
IMG_2296.HEIC,,75939C34-F39C-4125-A432-47D5E466CA2D,_/IMG_2296_edited (3).heic.xmp,True,117748055.40955734,,,Unknown,False,False,,28.4108,-81.461,-180.0,-180.0,True,0.1
IMG_2296.HEIC,,BE2D4331-66BF-4EE3-BDEE-F1AE2F8B3723,_/IMG_2296_edited (2).heic.xmp,True,110662195.03201008,,,Unknown,False,False,,28.4108,-81.461,-180.0,-180.0,True,0.1
IMG_2296.HEIC,,6F41D9DC-DEBE-41C2-AA14-EA67DD37B5CE,_/IMG_2296.HEIC.xmp,True,60738030.84306693,,,Unknown,False,False,,28.4108,-81.461,-180.0,-180.0,True,0.1
IMG_8805.HEIC,,8FB65E3A-751D-45F1-BC4A-8B3CA8345562,_/IMG_8805_edited (7).heic.xmp,True,174082308.78999996,,,Unknown,False,False,,0.0,0.0,-180.0,-180.0,False,0.1
IMG_8805.HEIC,,D18DFFC9-070F-4F67-9733-479D6AABBECA,_/IMG_8805_edited (4).heic.xmp,True,132973586.90100002,,,Unknown,False,False,,0.0,0.0,-180.0,-180.0,False,0.1
IMG_8805.HEIC,,04045031-B019-4302-88B7-AAB01ED4B241,_/IMG_8805_edited (3).heic.xmp,True,113437643.32390118,,,Unknown,False,False,,0.0,0.0,-180.0,-180.0,False,0.1
IMG_8805.HEIC,,5CF4B5F5-E254-473B-815F-6D83237C2984,_/IMG_8805_edited (1).heic.xmp,True,75864547.85853243,,,Unknown,False,False,,0.0,0.0,-180.0,-180.0,False,0.1
IMG_2412.HEIC,,5CEC3BB0-2E52-4600-8486-CDD0C8DF5173,_/IMG_2412_edited (3).heic.xmp,True,142625612.14300013,,,Unknown,False,False,,28.4099,-81.4626,43.086597166666664,-79.07876666666667,False,0.1
IMG_2412.HEIC,,1AE0EDCA-A667-45E8-A9B2-7E68AC3FF85F,_/IMG_2412_edited (7).heic.xmp,True,221530386.90100002,,,Unknown,False,False,,28.4099,-81.4626,-180.0,-180.0,True,0.1
IMG_2412.HEIC,,932D1D69-CB7E-4D84-9C75-A1FDD5FF0A0B,_/IMG_2412_edited (5).heic.xmp,True,180570367.51100016,,,Unknown,False,False,,28.4099,-81.4626,-180.0,-180.0,True,0.1
IMG_2412.HEIC,,ACE09260-6E52-4B88-B516-F8DC9D8B5C25,_/IMG_2412_edited (4).heic.xmp,True,171792577.59800005,,,Unknown,False,False,,28.4099,-81.4626,-180.0,-180.0,True,0.1
IMG_2412.HEIC,,93C4D005-59F8-4DDA-BB17-5650211F1C29,_/IMG_2412_edited (2).heic.xmp,True,117923472.67969608,,,Unknown,False,False,,28.4099,-81.4626,-180.0,-180.0,True,0.1
IMG_2412.HEIC,,B811C471-3003-483D-B3AD-05A7A5C09A3A,_/IMG_2412 (1).HEIC.xmp,True,110667186.01020002,,,Unknown,False,False,,28.4099,-81.4626,-180.0,-180.0,True,0.1
IMG_2412.HEIC,,7B6CC8E0-0BE7-4679-A0EF-513F0038B22B,_/IMG_2412.HEIC.xmp,True,79907320.28690434,,,Unknown,False,False,,28.4099,-81.4626,-180.0,-180.0,True,0.1
IMG_2302.HEIC,,5577B895-F186-4066-AEE3-DAAD683787D5,_/IMG_2302 (5).HEIC.xmp,True,142298120.00699997,,,Unknown,False,False,,28.410719399999998,-81.46041939999999,34.70247166666667,-83.73664666666667,False,0.1
IMG_2302.HEIC,,869517A6-A3C1-4F99-B315-04E0E52703A0,_/IMG_2302_edited (9).heic.xmp,True,206998245.4159999,,,Unknown,False,False,,28.410719399999998,-81.46041939999999,-180.0,-180.0,True,0.1
IMG_2302.HEIC,,CCA88769-7716-4705-BB8E-B1D192DE21DB,_/IMG_2302_edited (6).heic.xmp,True,156129495.33200002,,,Unknown,False,False,,28.410719399999998,-81.46041939999999,-180.0,-180.0,True,0.1
IMG_2302.HEIC,,9CF17C29-E6CE-4303-8593-20EA4702F376,_/IMG_2302_edited (4).heic.xmp,True,139443515.9130001,,,Unknown,False,False,,28.410719399999998,-81.46041939999999,-180.0,-180.0,True,0.1
IMG_2302.HEIC,,126D8F97-6B9B-407C-B642-B7D4E1D40781,_/IMG_2302_edited (3).heic.xmp,True,117748504.63970375,,,Unknown,False,False,,28.410719399999998,-81.46041939999999,-180.0,-180.0,True,0.1
IMG_2302.HEIC,,F77E518B-D0A5-4AAD-9F25-D719DF3F8949,_/IMG_2302_edited (2).heic.xmp,True,110662447.61739182,,,Unknown,False,False,,28.410719399999998,-81.46041939999999,-180.0,-180.0,True,0.1
IMG_2302.HEIC,,CF4F2402-9A37-44A2-BC97-65BDBFF35C37,_/IMG_2302 (1).HEIC.xmp,True,79916324.16501379,,,Unknown,False,False,,28.410719399999998,-81.46041939999999,-180.0,-180.0,True,0.1
IMG_2366.HEIC,,1DA8E231-0D2C-4480-AC14-D943C255005E,_/IMG_2366 (3).heic.xmp,True,115438496.9460001,,,Unknown,False,False,,28.4082917,-81.4626528,37.810296666666666,-122.477555,False,0.1
IMG_2366.HEIC,,3CBF4692-564C-4970-B53E-11483A606A5B,_/IMG_2366 (6).HEIC.xmp,True,142625097.51699996,,,Unknown,False,False,,28.4082917,-81.4626528,43.0893945,-79.074875,False,0.1
IMG_2366.HEIC,,6D65E2EE-52B6-4907-9E72-946CEDD2FAFA,_/IMG_2366_edited (10).heic.xmp,True,206989369.30100012,,,Unknown,False,False,,28.4082917,-81.4626528,-180.0,-180.0,True,0.1
IMG_2366.HEIC,,F7097C44-3FCA-40A2-B17C-E5EF445E4835,_/IMG_2366_edited (7).heic.xmp,True,156388633.32200003,,,Unknown,False,False,,28.4082917,-81.4626528,-180.0,-180.0,True,0.1
IMG_2366.HEIC,,A6214B1D-F17E-4663-A6FC-5710C10C4CBD,_/IMG_2366_edited (5).heic.xmp,True,139452747.5250001,,,Unknown,False,False,,28.4082917,-81.4626528,-180.0,-180.0,True,0.1
IMG_2366.HEIC,,8DA75591-FF1B-4481-978B-F50AD34801A4,_/IMG_2366_edited (4).heic.xmp,True,117748394.46890116,,,Unknown,False,False,,28.4082917,-81.4626528,-180.0,-180.0,True,0.1
IMG_2366.HEIC,,CC45D9F7-2D5B-459A-99DC-B546F33CCCBF,_/IMG_2366 (1).HEIC.xmp,True,79906950.92149496,,,Unknown,False,False,,28.4082917,-81.4626528,-180.0,-180.0,True,0.1
IMG_2366.HEIC,,7C24EBC0-7DA2-4239-8252-3B6BD857E589,_/IMG_2366.HEIC.xmp,True,60912347.76085329,,,Unknown,False,False,,28.4082917,-81.4626528,-180.0,-180.0,True,0.1
IMG_2432.MOV,,5C5F2893-550F-459E-B3BF-42A23E8346E3,_/IMG_2432 (5).MOV.xmp,True,180641959.0,,,Unknown,False,False,,28.410899999999998,-81.4637,-180.0,-180.0,True,0.1
IMG_2432.MOV,,6A863594-B47F-4FEA-AB50-C61348990FD2,_/IMG_2432 (3).MOV.xmp,True,139610534.0,,,Unknown,False,False,,28.410899999999998,-81.4637,-180.0,-180.0,True,0.1
IMG_2374.HEIC,,8BDDF7E2-96AE-45E8-8824-50E4B8A3E1F7,_/IMG_2374_edited (5).heic.xmp,True,142625255.48300004,,,Unknown,False,False,,28.4082194,-81.46275279999999,43.089338833333336,-79.07489716666667,False,0.1
IMG_2374.HEIC,,57793211-A3C4-4EF4-8527-B82C665E19AE,_/IMG_2374_edited (4).heic.xmp,True,139453529.829,,,Unknown,False,False,,28.4082194,-81.46275279999999,-180.0,-180.0,True,0.1
IMG_2374.HEIC,,B2093CD6-D761-4E00-9541-7AFDD088975C,_/IMG_2374_edited (3).heic.xmp,True,117748333.43166971,,,Unknown,False,False,,28.4082194,-81.46275279999999,-180.0,-180.0,True,0.1
IMG_2374.HEIC,,9B52EFBD-C9C3-4F7D-A234-C6ED320088DB,_/IMG_2374 (2).HEIC.xmp,True,114657948.15700006,,,Unknown,False,False,,28.4082194,-81.46275279999999,27.356816666666667,-82.47264166666666,False,0.1
IMG_2374.HEIC,,883A3B8C-6E74-42F3-ABC1-C45245FC62D4,_/IMG_2374 (1).HEIC.xmp,True,110666040.18706083,,,Unknown,False,False,,28.4082194,-81.46275279999999,-180.0,-180.0,True,0.1
IMG_2374.HEIC,,2C389D8F-FEB4-467C-A48F-07B459742E4F,_/IMG_2374.HEIC.xmp,True,79906929.42542577,,,Unknown,False,False,,28.4082194,-81.46275279999999,-180.0,-180.0,True,0.1
IMG_2421.MOV,,85A0E5CC-C4EC-4834-95A9-CA1626CFB71F,_/IMG_2421 (8).MOV.xmp,True,221533093.0,,,Unknown,False,False,,28.411199999999997,-81.46300000000001,-180.0,-180.0,True,0.1
IMG_2421.MOV,,21B54C0C-0F5E-4726-B1D5-5CC280A38111,_/IMG_2421 (2).MOV.xmp,True,117938693.0,,,Unknown,False,False,,28.411199999999997,-81.46300000000001,-180.0,-180.0,True,0.1
IMG_2284.HEIC,,5B933B01-B608-4771-AD3E-D618DC9B7586,_/IMG_2284 (4).HEIC.xmp,True,142192675.24300003,,,Unknown,False,False,,28.4108,-81.461,34.72246666666667,-83.72277833333334,False,0.1
IMG_2284.HEIC,,395CB097-D2C0-45B7-AE49-5604DF8811F7,_/IMG_2284_edited (8).heic.xmp,True,221449077.34700012,,,Unknown,False,False,,28.4108,-81.461,-180.0,-180.0,True,0.1
IMG_2284.HEIC,,2CD09271-3F0B-4C1F-8686-AC49DB075B6E,_/IMG_2284_edited (3).heic.xmp,True,139443627.3959999,,,Unknown,False,False,,28.4108,-81.461,-180.0,-180.0,True,0.1
IMG_2284.HEIC,,33D03ADD-A1E3-492C-9DAD-4E3C1999AAB2,_/IMG_2284_edited (1).heic.xmp,True,110662189.89628983,,,Unknown,False,False,,28.4108,-81.461,-180.0,-180.0,True,0.1
IMG_2284.HEIC,,B86C56CA-3835-4902-9634-261F011E59AC,_/IMG_2284_edited.heic.xmp,True,79914585.02689314,,,Unknown,False,False,,28.4108,-81.461,-180.0,-180.0,True,0.1
IMG_2323.HEIC,,8C94E91F-6547-4E3F-BF6E-084659BE0207,_/IMG_2323_edited (7).heic.xmp,True,206994030.48000002,,,Unknown,False,False,,28.410899999999998,-81.4602,-180.0,-180.0,True,0.1
IMG_2323.HEIC,,724757D3-F7D1-48DB-B926-B6E3276FEA93,_/IMG_2323_edited (6).heic.xmp,True,180560190.9330001,,,Unknown,False,False,,28.410899999999998,-81.4602,-180.0,-180.0,True,0.1
IMG_2323.HEIC,,E8B75E1D-F681-47CD-88D6-457917D61807,_/IMG_2323_edited (1).heic.xmp,True,79912219.63902283,,,Unknown,False,False,,28.410899999999998,-81.4602,-180.0,-180.0,True,0.1
IMG_2417.HEIC,,BAD4F402-B07B-443B-9D29-F15EA19DFFD1,_/IMG_2417 (3).HEIC.xmp,True,142625819.533,,,Unknown,False,False,,28.4098444,-81.4626222,43.0856055,-79.0796055,False,0.1
IMG_2417.HEIC,,51052737-237B-44B9-BF79-1B4990CABD59,_/IMG_2417_edited (5).heic.xmp,True,171792674.89199996,,,Unknown,False,False,,28.4098444,-81.4626222,-180.0,-180.0,True,0.1
IMG_2417.HEIC,,B6E4309C-67CF-4B41-ABFA-98155B7E6580,_/IMG_2417_edited (2).heic.xmp,True,139610526.638,,,Unknown,False,False,,28.4098444,-81.4626222,-180.0,-180.0,True,0.1
IMG_2417.HEIC,,AE54F095-122A-4FC0-BB80-54154D7EDA8F,_/IMG_2417 (1).HEIC.xmp,True,110667179.2110877,,,Unknown,False,False,,28.4098444,-81.4626222,-180.0,-180.0,True,0.1
IMG_2417.HEIC,,75A08CD2-50AF-48AA-95E3-EC72367DF7B2,_/IMG_2417.HEIC.xmp,True,79907329.50546455,,,Unknown,False,False,,28.4098444,-81.4626222,-180.0,-180.0,True,0.1
IMG_8737.MOV,,,,,,,,,,,,0.0,0.0,,,False,0.0
IMG_2307.HEIC,,39B3FDB2-D08E-4D43-8AED-00052C6CFEA2,_/IMG_2307_edited (7).heic.xmp,True,206998245.0840001,,,Unknown,False,False,,28.4107,-81.4604806,-180.0,-180.0,True,0.1
IMG_2307.HEIC,,B60C5883-6EEC-4179-AE60-C33C36FAD93D,_/IMG_2307_edited (6).heic.xmp,True,180547184.91700006,,,Unknown,False,False,,28.4107,-81.4604806,-180.0,-180.0,True,0.1
IMG_2307.HEIC,,2E0774BB-3026-4042-AAB1-DCD0CCEB8B43,_/IMG_2307_edited (3).heic.xmp,True,139443537.30900002,,,Unknown,False,False,,28.4107,-81.4604806,-180.0,-180.0,True,0.1
IMG_2307.HEIC,,CC89AD28-0CD6-4CD9-9342-B5FF920DB309,_/IMG_2307_edited (2).heic.xmp,True,117749279.63214827,,,Unknown,False,False,,28.4107,-81.4604806,-180.0,-180.0,True,0.1
IMG_2307.HEIC,,28ED3DE9-D1C8-4D55-B196-73D685A40B4B,_/IMG_2307 (1).HEIC.xmp,True,79916338.84668064,,,Unknown,False,False,,28.4107,-81.4604806,-180.0,-180.0,True,0.1
IMG_2363.HEIC,,928EE68F-AF23-4CED-A585-8540372BDC9A,_/IMG_2363 (2).heic.xmp,True,115438516.99800014,,,Unknown,False,False,,28.408280599999998,-81.4626389,37.81033,-122.47756166666667,False,0.1
IMG_2363.HEIC,,AA78658F-49D3-4B6A-898A-48D602E04BA1,_/IMG_2363 (5).HEIC.xmp,True,142537210.3340001,,,Unknown,False,False,,28.408280599999998,-81.4626389,43.09391383333333,-79.07191383333333,False,0.1
IMG_2363.HEIC,,D14D2E45-1570-4D08-BD7C-3B0B05DE70B6,_/IMG_2363_edited (10).heic.xmp,True,221521953.56200004,,,Unknown,False,False,,28.408280599999998,-81.4626389,-180.0,-180.0,True,0.1
IMG_2363.HEIC,,BABD6670-9F8A-40AA-B8E7-BA3D2DB5D40A,_/IMG_2363_edited (9).heic.xmp,True,206989376.54400015,,,Unknown,False,False,,28.408280599999998,-81.4626389,-180.0,-180.0,True,0.1
IMG_2363.HEIC,,D2C83E68-61A8-42EF-8E9F-5E7B10809F35,_/IMG_2363_edited (6).heic.xmp,True,156385214.13999987,,,Unknown,False,False,,28.408280599999998,-81.4626389,-180.0,-180.0,True,0.1
IMG_2363.HEIC,,09DE1D0C-C4B7-4B09-AE59-121DC74C3F49,_/IMG_2363_edited (4).heic.xmp,True,139452759.66900015,,,Unknown,False,False,,28.408280599999998,-81.4626389,-180.0,-180.0,True,0.1
IMG_2363.HEIC,,ED5BA06D-6C3F-4D03-BAC7-4FFD95C3D16F,_/IMG_2363_edited (3).heic.xmp,True,117748418.43892074,,,Unknown,False,False,,28.408280599999998,-81.4626389,-180.0,-180.0,True,0.1
IMG_2363.HEIC,,6D1B7DD8-54B4-4412-A35C-55BE2EEF0991,_/IMG_2363 (1).HEIC.xmp,True,110663764.20512438,,,Unknown,False,False,,28.408280599999998,-81.4626389,-180.0,-180.0,True,0.1
IMG_2363.HEIC,,D91B949A-DAC9-4DEA-8772-4D27F7081F9C,_/IMG_2363.HEIC.xmp,True,79906974.3526671,,,Unknown,False,False,,28.408280599999998,-81.4626389,-180.0,-180.0,True,0.1
IMG_2438.MOV,,2848B1CA-C706-4730-A131-033E5D7F4712,_/IMG_2438 (3).MOV.xmp,True,142631138.0,,,Unknown,False,False,,28.409499999999998,-81.464,43.0794,-79.0811,False,0.1
IMG_2438.MOV,,9A814BB5-0A16-4E0E-969A-91011255FEFB,_/IMG_2438 (6).MOV.xmp,True,221538007.0,,,Unknown,False,False,,28.409499999999998,-81.464,-180.0,-180.0,True,0.1
IMG_2350.HEIC,,57E3E77D-2CD6-4B91-AD7A-EF90E81F16B8,_/IMG_2350_edited (6).heic.xmp,True,206992525.57500005,,,Unknown,False,False,,28.412130599999998,-81.4602139,-180.0,-180.0,True,0.1
IMG_2350.HEIC,,279AE907-5A34-4851-9147-C100C2751907,_/IMG_2350_edited (3).heic.xmp,True,139455029.8829999,,,Unknown,False,False,,28.412130599999998,-81.4602139,-180.0,-180.0,True,0.1
IMG_2350.HEIC,,1A61FEDB-DB30-4240-8597-B570BF9E07E9,_/IMG_2350_edited (2).heic.xmp,True,117752179.68540859,,,Unknown,False,False,,28.412130599999998,-81.4602139,-180.0,-180.0,True,0.1
IMG_2350.HEIC,,C3BB3F1B-08B9-449F-BC35-9ADB8BA29039,_/IMG_2350_edited (1).heic.xmp,True,110663932.73840165,,,Unknown,False,False,,28.412130599999998,-81.4602139,-180.0,-180.0,True,0.1
IMG_2350.HEIC,,9701A48D-F052-442D-8D48-93114DBF77F6,_/IMG_2350.HEIC.xmp,True,79910331.5739398,,,Unknown,False,False,,28.412130599999998,-81.4602139,-180.0,-180.0,True,0.1
IMG_2293.HEIC,,F9BB8162-EDBD-4C17-977C-1245DE270628,_/IMG_2293 (4).HEIC.xmp,True,142298221.02400017,,,Unknown,False,False,,28.4108,-81.461,34.70252166666667,-83.73661666666666,False,0.1
IMG_2293.HEIC,,19A5F7DA-C014-4F9F-949E-FA20CDB53025,_/IMG_2293_edited (3).heic.xmp,True,139443627.671,,,Unknown,False,False,,28.4108,-81.461,-180.0,-180.0,True,0.1
IMG_2293.HEIC,,26A71600-2AF9-4A96-899A-D4BCF519E181,_/IMG_2293_edited (2).heic.xmp,True,117748056.35344529,,,Unknown,False,False,,28.4108,-81.461,-180.0,-180.0,True,0.1
IMG_2293.HEIC,,5062805D-6D95-49C7-AC09-B472C6B9E068,_/IMG_2293_edited (1).heic.xmp,True,110662195.09813023,,,Unknown,False,False,,28.4108,-81.461,-180.0,-180.0,True,0.1
IMG_2293.HEIC,,E96488BD-AD51-4321-A190-FD9AF88D40D4,_/IMG_2293_edited.heic.xmp,True,79914596.27606249,,,Unknown,False,False,,28.4108,-81.461,-180.0,-180.0,True,0.1
IMG_2424.HEIC,,3078C93C-15B5-436E-9266-DA2B4CABBE00,_/IMG_2424_edited (3).heic.xmp,True,142629459.37199998,,,Unknown,False,False,,28.411199999999997,-81.46300000000001,43.08358333333333,-79.0850055,False,0.1
IMG_2424.HEIC,,C90A293E-B3C5-43B8-99D7-A00598FDB137,_/IMG_2424_edited (8).heic.xmp,True,221533191.60699987,,,Unknown,False,False,,28.411199999999997,-81.46300000000001,-180.0,-180.0,True,0.1
IMG_2424.HEIC,,426716E8-4FAE-480E-B11E-00176B3CA391,_/IMG_2424_edited (7).heic.xmp,True,207046538.93799996,,,Unknown,False,False,,28.411199999999997,-81.46300000000001,-180.0,-180.0,True,0.1
IMG_2424.HEIC,,43804265-EE94-4B3F-A409-0BE6433C5B20,_/IMG_2424_edited (5).heic.xmp,True,171791889.27900004,,,Unknown,False,False,,28.411199999999997,-81.46300000000001,-180.0,-180.0,True,0.1
IMG_2424.HEIC,,40083E39-F304-467F-9EDB-879206EB6294,_/IMG_2424_edited (2).heic.xmp,True,139609692.85300016,,,Unknown,False,False,,28.411199999999997,-81.46300000000001,-180.0,-180.0,True,0.1
IMG_2424.HEIC,,489CCEAE-982D-4CCD-AF28-AFF9BF59097A,_/IMG_2424 (1).HEIC.xmp,True,79906362.73632288,,,Unknown,False,False,,28.411199999999997,-81.46300000000001,-180.0,-180.0,True,0.1
IMG_2281.HEIC,,5A367F0E-EE38-4348-97D8-249452759750,_/IMG_2281_edited (8).heic.xmp,True,221449058.64699984,,,Unknown,False,False,,28.4108,-81.461,-180.0,-180.0,True,0.1
IMG_2281.HEIC,,11367F6A-3D5E-49E1-9F18-B6543E726112,_/IMG_2281_edited (6).heic.xmp,True,180415731.92299986,,,Unknown,False,False,,28.4108,-81.461,-180.0,-180.0,True,0.1
IMG_2281.HEIC,,CF758471-63BC-490D-AD6D-E7C21A9E2526,_/IMG_2281_edited (2).heic.xmp,True,139443477.6459999,,,Unknown,False,False,,28.4108,-81.461,-180.0,-180.0,True,0.1
IMG_2281.HEIC,,2DB46F68-90E2-4FB6-8118-CF9B8E02E9B0,_/IMG_2281_edited (1).heic.xmp,True,110662183.5618391,,,Unknown,False,False,,28.4108,-81.461,-180.0,-180.0,True,0.1
IMG_2281.HEIC,,1540046F-8382-46AA-8C69-56D2B288689A,_/IMG_2281_edited.heic.xmp,True,79914578.98690939,,,Unknown,False,False,,28.4108,-81.461,-180.0,-180.0,True,0.1
IMG_2326.HEIC,,52DE50C1-39C8-455C-BCCF-DA89AE1AAAC1,_/IMG_2326 (4).HEIC.xmp,True,142489536.24300003,,,Unknown,False,False,,28.410899999999998,-81.4602,43.0839,-79.07118333333334,False,0.1
IMG_2326.HEIC,,30A2E8DB-B142-4036-BD60-8E132D329132,_/IMG_2326_edited (8).heic.xmp,True,206994073.3959999,,,Unknown,False,False,,28.410899999999998,-81.4602,-180.0,-180.0,True,0.1
IMG_2326.HEIC,,8831529F-5B3C-4C5D-AF0B-4759328D8C9B,_/IMG_2326_edited (7).heic.xmp,True,180560766.99800014,,,Unknown,False,False,,28.410899999999998,-81.4602,-180.0,-180.0,True,0.1
IMG_2326.HEIC,,05002861-E47C-431C-BD1A-23FC4A7A123C,_/IMG_2326_edited (2).heic.xmp,True,110663489.94605875,,,Unknown,False,False,,28.410899999999998,-81.4602,-180.0,-180.0,True,0.1
IMG_2326.HEIC,,627E6C62-9356-43B8-B672-14E798531705,_/IMG_2326.HEIC.xmp,True,60826531.441410065,,,Unknown,False,False,,28.410899999999998,-81.4602,-180.0,-180.0,True,0.1
IMG_8729.HEIC,,035E4468-C373-4E11-B239-64FEA6DA27AB,_/IMG_8729_edited (4).heic.xmp,True,199424647.20000005,,,Unknown,False,False,,0.0,0.0,-180.0,-180.0,False,0.1
IMG_8729.HEIC,,110723E3-1BB8-43E1-B513-32C39FDB5D21,_/IMG_8729_edited (2).heic.xmp,True,149138948.21000004,,,Unknown,False,False,,0.0,0.0,-180.0,-180.0,False,0.1
IMG_8729.HEIC,,EDB33865-1147-4232-8B75-180704C08E5E,_/IMG_8729_edited (1).heic.xmp,True,132990176.694,,,Unknown,False,False,,0.0,0.0,-180.0,-180.0,False,0.1
IMG_2342.HEIC,,DC361DE8-C9C8-4CD8-BF3A-5BACCAD7255C,_/IMG_2342 (5).HEIC.xmp,True,142487283.44799995,,,Unknown,False,False,,28.4121,-81.4602,43.08363333333333,-79.0709445,False,0.1
IMG_2342.HEIC,,24F0C47C-852E-4B7F-913D-E0708B20D6E2,_/IMG_2342_edited (4).heic.xmp,True,139455193.431,,,Unknown,False,False,,28.4121,-81.4602,-180.0,-180.0,True,0.1
IMG_2342.HEIC,,5BC09AD0-CAE9-461E-970C-A4D51B2F08CF,_/IMG_2342_edited (3).heic.xmp,True,117747341.58505607,,,Unknown,False,False,,28.4121,-81.4602,-180.0,-180.0,True,0.1
IMG_2342.HEIC,,D4BDB74C-9D19-43D4-BA7E-A9D00D129309,_/IMG_2342 (1).HEIC.xmp,True,79910544.4401021,,,Unknown,False,False,,28.4121,-81.4602,-180.0,-180.0,True,0.1
IMG_2342.HEIC,,13B5BE6E-1683-48AF-9BC6-DB143D7CEADC,_/IMG_2342_edited.heic.xmp,True,60824190.18798256,,,Unknown,False,False,,28.4121,-81.4602,-180.0,-180.0,True,0.1
IMG_2371.HEIC,,49F43CE7-3ED1-4E72-9914-AB5ED3447A70,_/IMG_2371 (2).heic.xmp,True,115439724.04299998,,,Unknown,False,False,,28.4082361,-81.4627,37.83172,-122.47788833333334,False,0.1
IMG_2371.HEIC,,12C15837-3929-4FF2-BE99-AEE41EA7A992,_/IMG_2371_edited (5).heic.xmp,True,142625170.39300013,,,Unknown,False,False,,28.4082361,-81.4627,43.08942783333333,-79.07482216666666,False,0.1
IMG_2371.HEIC,,388E1DF5-B6B5-435A-AD05-B0ACBABA36CA,_/IMG_2371_edited (10).heic.xmp,True,221524936.88199997,,,Unknown,False,False,,28.4082361,-81.4627,-180.0,-180.0,True,0.1
IMG_2371.HEIC,,C6B768EE-C320-4651-9C32-326F58A33C21,_/IMG_2371_edited (6).heic.xmp,True,156394468.987,,,Unknown,False,False,,28.4082361,-81.4627,-180.0,-180.0,True,0.1
IMG_2371.HEIC,,CB19AF85-AC12-4877-8F8F-34DFA6DBED09,_/IMG_2371_edited (4).heic.xmp,True,139453540.885,,,Unknown,False,False,,28.4082361,-81.4627,-180.0,-180.0,True,0.1
IMG_2371.HEIC,,8181D5D1-A891-466C-86AF-B4FDD88D89B4,_/IMG_2371_edited (3).heic.xmp,True,117748355.70325279,,,Unknown,False,False,,28.4082361,-81.4627,-180.0,-180.0,True,0.1
IMG_2371.HEIC,,01ACA9FC-0047-4798-8F12-0BB8B33A9C8B,_/IMG_2371.HEIC.xmp,True,79906911.62376022,,,Unknown,False,False,,28.4082361,-81.4627,-180.0,-180.0,True,0.1
1545743680442352.mp4,,,,,,,,,,,,0.0,0.0,,,False,0.0
IMG_2405.HEIC,,2C03D0D0-7684-4713-8EAF-FDCDC26E9556,_/IMG_2405_edited (4).heic.xmp,True,142624968.92000008,,,Unknown,False,False,,28.4098444,-81.4626222,43.088825,-79.07571383333334,False,0.1
IMG_2405.HEIC,,6F6B254F-D1C4-47BE-95B5-0B9B6F1D0DBC,_/IMG_2405_edited (6).heic.xmp,True,180566634.5409999,,,Unknown,False,False,,28.4098444,-81.4626222,-180.0,-180.0,True,0.1
IMG_2405.HEIC,,8F933636-5494-46DA-9903-261C135E5304,_/IMG_2405_edited (5).heic.xmp,True,171792557.477,,,Unknown,False,False,,28.4098444,-81.4626222,-180.0,-180.0,True,0.1
IMG_2405.HEIC,,03035414-78ED-47D9-9C2B-3811FADE6059,_/IMG_2405_edited (3).heic.xmp,True,139609774.42299986,,,Unknown,False,False,,28.4098444,-81.4626222,-180.0,-180.0,True,0.1
IMG_2405.HEIC,,AB9976BC-1DDC-427A-B99C-AA911996DA03,_/IMG_2405 (2).HEIC.xmp,True,110667177.772964,,,Unknown,False,False,,28.4098444,-81.4626222,-180.0,-180.0,True,0.1
IMG_2405.HEIC,,89CBC160-FC1A-4193-9CBF-8863A998E0F0,_/IMG_2405 (1).HEIC.xmp,True,79907294.75130033,,,Unknown,False,False,,28.4098444,-81.4626222,-180.0,-180.0,True,0.1
IMG_2405.HEIC,,4B73D7F8-462A-440F-BBE1-54E422A6B34D,_/IMG_2405.HEIC.xmp,True,61168254.313415766,,,Unknown,False,False,,28.4098444,-81.4626222,-180.0,-180.0,True,0.1
IMG_2339.HEIC,,6FB4CF80-97DF-4FF4-A1CF-E5FFA639954E,_/IMG_2339 (5).HEIC.xmp,True,142489876.66900015,,,Unknown,False,False,,28.4109306,-81.4603278,43.083641666666665,-79.0709695,False,0.1
IMG_2339.HEIC,,4C501352-0BC9-4A5D-8861-FA835DF6CCCB,_/IMG_2339_edited (7).heic.xmp,True,180564056.3800001,,,Unknown,False,False,,28.4109306,-81.4603278,-180.0,-180.0,True,0.1
IMG_2339.HEIC,,D43EC5C4-628F-4E40-80C7-3F7585786E0B,_/IMG_2339_edited (4).heic.xmp,True,139457749.81400013,,,Unknown,False,False,,28.4109306,-81.4603278,-180.0,-180.0,True,0.1
IMG_2339.HEIC,,C2B80658-6A27-4D3F-9829-1CA8E94EA616,_/IMG_2339_edited (3).heic.xmp,True,117749278.57356215,,,Unknown,False,False,,28.4109306,-81.4603278,-180.0,-180.0,True,0.1
IMG_2339.HEIC,,1E102503-A252-40BB-9E0E-BCFB5FD10033,_/IMG_2339_edited (2).heic.xmp,True,110666232.26313353,,,Unknown,False,False,,28.4109306,-81.4603278,-180.0,-180.0,True,0.1
IMG_2339.HEIC,,D30CF47B-A84A-48AE-BEC3-E1B5A2401B94,_/IMG_2339 (1).HEIC.xmp,True,79913121.00451517,,,Unknown,False,False,,28.4109306,-81.4603278,-180.0,-180.0,True,0.1
IMG_2339.HEIC,,D22B80EF-24BD-46A3-8C0E-EA177D67BF04,_/IMG_2339.HEIC.xmp,True,60826763.410307646,,,Unknown,False,False,,28.4109306,-81.4603278,-180.0,-180.0,True,0.1
IMG_8752.HEIC,,414DC00F-7183-45EC-83E0-5DAEBE4BDCE0,_/IMG_8752_edited (4).heic.xmp,True,199427140.24699998,,,Unknown,False,False,,0.0,0.0,-180.0,-180.0,False,0.1
IMG_8752.HEIC,,357E1CEE-99D8-4C36-A049-29EDEA61D23C,_/IMG_8752_edited (3).heic.xmp,True,166665687.96000004,,,Unknown,False,False,,0.0,0.0,-180.0,-180.0,False,0.1
IMG_8752.HEIC,,3736CD95-5802-4D5F-A349-BCEB8745DCA5,_/IMG_8752_edited (1).heic.xmp,True,132966362.76399994,,,Unknown,False,False,,0.0,0.0,-180.0,-180.0,False,0.1
IMG_8752.HEIC,,7B5626BC-9799-4E86-B2CB-7013887FEC77,_/IMG_8752_edited.heic.xmp,True,113446347.43461847,,,Unknown,False,False,,0.0,0.0,-180.0,-180.0,False,0.1
IMG_2395.HEIC,,BBB0A7FA-7330-4ACE-A44A-981379C799FF,_/IMG_2395 (4).HEIC.xmp,True,142625175.296,,,Unknown,False,False,,28.4089417,-81.4619056,43.0888555,-79.07568333333333,False,0.1
IMG_2395.HEIC,,74B4D29B-B0C0-4B34-8FA6-FCF63B990D3F,_/IMG_2395_edited (8).heic.xmp,True,221527561.53399992,,,Unknown,False,False,,28.4089417,-81.4619056,-180.0,-180.0,True,0.1
IMG_2395.HEIC,,5FF89E67-64DD-44D6-989C-AD4EF516595B,_/IMG_2395_edited (6).heic.xmp,True,180564441.8169999,,,Unknown,False,False,,28.4089417,-81.4619056,-180.0,-180.0,True,0.1
IMG_2395.HEIC,,D2E1C358-4599-4423-BF5A-9F50BDC1E6EB,_/IMG_2395_edited (3).heic.xmp,True,139609929.93400002,,,Unknown,False,False,,28.4089417,-81.4619056,-180.0,-180.0,True,0.1
IMG_2395.HEIC,,B8CDB558-8D81-4176-9AAE-BB3F16DE22DB,_/IMG_2395_edited (2).heic.xmp,True,110667269.51372623,,,Unknown,False,False,,28.4089417,-81.4619056,-180.0,-180.0,True,0.1
IMG_2395.HEIC,,DCE0471C-D26D-40ED-9681-DE95DB692EE2,_/IMG_2395 (1).HEIC.xmp,True,79907524.06018233,,,Unknown,False,False,,28.4089417,-81.4619056,-180.0,-180.0,True,0.1
IMG_8800.JPG,,,,,,,,,,,,0.0,0.0,,,False,0.0
IMG_2387.HEIC,,DB847113-5F6C-4A2F-A28E-AAEC88B108F7,_/IMG_2387_edited (3).heic.xmp,True,142625377.51800013,,,Unknown,False,False,,28.4084,-81.46249999999999,43.08889716666667,-79.07572216666667,False,0.1
IMG_2387.HEIC,,541FECEE-7A18-4D21-B491-7E74A62D35BB,_/IMG_2387_edited (7).heic.xmp,True,221526524.42499995,,,Unknown,False,False,,28.4084,-81.46249999999999,-180.0,-180.0,True,0.1
IMG_2387.HEIC,,BB0E6A79-CD3A-4AB5-B257-1653F10C83AA,_/IMG_2387_edited (6).heic.xmp,True,206994800.87100005,,,Unknown,False,False,,28.4084,-81.46249999999999,-180.0,-180.0,True,0.1
IMG_2387.HEIC,,BB78C4A0-50E7-4074-BE5F-6EF11732E8F9,_/IMG_2387_edited (5).heic.xmp,True,180564625.01900005,,,Unknown,False,False,,28.4084,-81.46249999999999,-180.0,-180.0,True,0.1
IMG_2387.HEIC,,71128BE6-EAE9-4E73-B7A7-5A42B1BC2E06,_/IMG_2387_edited (2).heic.xmp,True,117748517.94973898,,,Unknown,False,False,,28.4084,-81.46249999999999,-180.0,-180.0,True,0.1
IMG_2387.HEIC,,C53ED114-7656-4BF3-AA59-5FB3565A4BBD,_/IMG_2387_edited (1).heic.xmp,True,110667288.9396174,,,Unknown,False,False,,28.4084,-81.46249999999999,-180.0,-180.0,True,0.1
IMG_2387.HEIC,,F705F671-C874-4229-B427-7C9645FE8DCD,_/IMG_2387.HEIC.xmp,True,79907757.47954941,,,Unknown,False,False,,28.4084,-81.46249999999999,-180.0,-180.0,True,0.1
IMG_8724.HEIC,,620C5D8B-A0CB-45E2-B940-087E71672489,_/IMG_8724_edited (5).heic.xmp,True,174083156.74600005,,,Unknown,False,False,,0.0,0.0,-180.0,-180.0,False,0.1
IMG_8724.HEIC,,9A55C3BC-51C7-4133-9B21-ED6BA87A1C82,_/IMG_8724_edited (4).heic.xmp,True,166376974.74600005,,,Unknown,False,False,,0.0,0.0,-180.0,-180.0,False,0.1
IMG_8724.HEIC,,CCE6457B-2ED9-4327-838E-9C0CA88A5AAD,_/IMG_8724_edited (3).heic.xmp,True,149136641.82999992,,,Unknown,False,False,,0.0,0.0,-180.0,-180.0,False,0.1
IMG_8724.HEIC,,EB4B02A9-1971-4F35-A8AE-6B0F7115DF0C,_/IMG_8724_edited (2).heic.xmp,True,132990427.02400017,,,Unknown,False,False,,0.0,0.0,-180.0,-180.0,False,0.1
IMG_8724.HEIC,,2474CD01-C191-4D52-A5F0-38265E1D00E0,_/IMG_8724_edited.heic.xmp,True,75724559.93211555,,,Unknown,False,False,,0.0,0.0,-180.0,-180.0,False,0.1
IMG_8740.HEIC,,AE14239A-7035-4C44-8EB6-4954DE2D43BF,_/IMG_8740_edited (3).heic.xmp,True,149117792.15299988,,,Unknown,False,False,,0.0,0.0,-180.0,-180.0,False,0.1
IMG_8740.HEIC,,80087B48-947E-4982-8CE0-2998E78EE546,_/IMG_8740_edited (2).heic.xmp,True,132968732.31500006,,,Unknown,False,False,,0.0,0.0,-180.0,-180.0,False,0.1
IMG_8740.HEIC,,D21C12FC-5102-4347-BDDA-3E9A5720D862,_/IMG_8740_edited (1).heic.xmp,True,113445143.38764,,,Unknown,False,False,,0.0,0.0,-180.0,-180.0,False,0.1
IMG_8740.HEIC,,F09B9956-839F-406E-A386-E9FC8B43DA61,_/IMG_8740.HEIC.xmp,True,96753979.79397225,,,Unknown,False,False,,0.0,0.0,-180.0,-180.0,False,0.1
IMG_2277.HEIC,,FBBC41A6-DE89-43B5-9FA8-763C9D30F59D,_/IMG_2277 (4).HEIC.xmp,True,142031271.00399995,,,Unknown,False,False,,28.4105,-81.4613,33.78181333333333,-84.38046333333334,False,0.1
IMG_2277.HEIC,,CC611494-8970-4950-86F9-8699BDDC34D0,_/IMG_2277_edited (8).heic.xmp,True,221450236.91499996,,,Unknown,False,False,,28.4105,-81.4613,-180.0,-180.0,True,0.1
IMG_2277.HEIC,,2217B7F1-AA99-48E6-8617-70C566A47ACA,_/IMG_2277_edited (7).heic.xmp,True,206997659.77900004,,,Unknown,False,False,,28.4105,-81.4613,-180.0,-180.0,True,0.1
IMG_2277.HEIC,,6D7E1D86-741D-4ACE-B3C3-3683B1E0BD4F,_/IMG_2277_edited (3).heic.xmp,True,139444796.29699993,,,Unknown,False,False,,28.4105,-81.4613,-180.0,-180.0,True,0.1
IMG_2277.HEIC,,11CB92DC-B778-4B07-B301-EF661860409A,_/IMG_2277_edited (2).heic.xmp,True,117667939.06286764,,,Unknown,False,False,,28.4105,-81.4613,-180.0,-180.0,True,0.1
IMG_2277.HEIC,,B0083B4E-46B6-40E7-874C-4E9499E487A5,_/IMG_2277_edited (1).heic.xmp,True,110663483.79223251,,,Unknown,False,False,,28.4105,-81.4613,-180.0,-180.0,True,0.1
IMG_2277.HEIC,,ABAC5D00-AB99-4865-BE9D-C655B7E86AE4,_/IMG_2277.HEIC.xmp,True,79915865.31715703,,,Unknown,False,False,,28.4105,-81.4613,-180.0,-180.0,True,0.1
IMG_2318.HEIC,,240F2971-450F-4A7A-9D58-9CC764A7CA40,_/IMG_2318 (3).HEIC.xmp,True,142489382.60099983,,,Unknown,False,False,,28.410899999999998,-81.4602,43.083866666666665,-79.0713195,False,0.1
IMG_2318.HEIC,,B8B3352F-3C1B-4D29-A9E9-A9CCB6A37E26,_/IMG_2318 (1).HEIC.xmp,True,110659279.62564993,,,Unknown,False,False,,28.410899999999998,-81.4602,-180.0,-180.0,True,0.1
IMG_2318.HEIC,,D7564514-0C9C-481F-A7CD-27F2313389BA,_/IMG_2318_edited.heic.xmp,True,79912032.1890974,,,Unknown,False,False,,28.410899999999998,-81.4602,-180.0,-180.0,True,0.1
5d3fb00c-4c69-49c6-8e31-875bb4744e22.mp4,,,,,,,,,,,,0.0,0.0,,,False,0.0
IMG_2408.HEIC,,27563B6C-B526-4B9B-B3AE-437550F76146,_/IMG_2408 (3).HEIC.xmp,True,142625487.54200006,,,Unknown,False,False,,28.4099,-81.4626,43.086738833333335,-79.0778195,False,0.1
IMG_2408.HEIC,,5C225FCE-81AC-4C04-8ADC-D1EC90D1B305,_/IMG_2408_edited (6).heic.xmp,True,207002637.81099987,,,Unknown,False,False,,28.4099,-81.4626,-180.0,-180.0,True,0.1
IMG_2408.HEIC,,45F09E01-A21E-4813-B7C6-03066F3F06D4,_/IMG_2408_edited (5).heic.xmp,True,180570365.49,,,Unknown,False,False,,28.4099,-81.4626,-180.0,-180.0,True,0.1
IMG_2408.HEIC,,F6229A62-0ECF-4C8C-BD8D-32E18B700AB3,_/IMG_2408_edited (4).heic.xmp,True,171792562.44899988,,,Unknown,False,False,,28.4099,-81.4626,-180.0,-180.0,True,0.1
IMG_2408.HEIC,,CD525B1A-D1BD-45D0-8DD8-C0CA1DE0D6E9,_/IMG_2408 (1).HEIC.xmp,True,110667190.37589598,,,Unknown,False,False,,28.4099,-81.4626,-180.0,-180.0,True,0.1
IMG_2408.HEIC,,4061E2F1-6E2D-4952-B454-30B0170BA0E7,_/IMG_2408.HEIC.xmp,True,79907300.52783012,,,Unknown,False,False,,28.4099,-81.4626,-180.0,-180.0,True,0.1
IMG_2358.HEIC,,8F119359-E162-4CAB-A57B-8B987418F2AA,_/IMG_2358_edited (10).heic.xmp,True,221521919.4000001,,,Unknown,False,False,,28.408383299999997,-81.4626694,-180.0,-180.0,True,0.1
IMG_2358.HEIC,,E743F943-C286-4D3F-BAF0-420BDEE7B4D6,_/IMG_2358_edited (9).heic.xmp,True,206989298.19500017,,,Unknown,False,False,,28.408383299999997,-81.4626694,-180.0,-180.0,True,0.1
IMG_2358.HEIC,,C7C00E08-3FC1-4DBB-AC51-AD1B2FB9ED8F,_/IMG_2358_edited (4).heic.xmp,True,139451582.954,,,Unknown,False,False,,28.408383299999997,-81.4626694,-180.0,-180.0,True,0.1
IMG_2358.HEIC,,5E3028D0-A2CA-475A-BE81-E465158EB4EB,_/IMG_2358_edited (3).heic.xmp,True,117748436.78745174,,,Unknown,False,False,,28.408383299999997,-81.4626694,-180.0,-180.0,True,0.1
IMG_2358.HEIC,,9F356A11-F925-4A61-887B-40D39AE4F204,_/IMG_2358 (2).HEIC.xmp,True,110663781.33782387,,,Unknown,False,False,,28.408383299999997,-81.4626694,-180.0,-180.0,True,0.1
IMG_2358.HEIC,,651C769D-9C38-493E-8021-06DBE3F73A65,_/IMG_2358 (1).HEIC.xmp,True,79906940.78800392,,,Unknown,False,False,,28.408383299999997,-81.4626694,-180.0,-180.0,True,0.1
IMG_2358.HEIC,,CD6CCA24-D519-4E85-A997-04EFF807DD5A,_/IMG_2358.HEIC.xmp,True,60911387.51814628,,,Unknown,False,False,,28.408383299999997,-81.4626694,-180.0,-180.0,True,0.1
IMG_2390.HEIC,,B6CDE649-4117-4645-9454-8636DC0F6ECA,_/IMG_2390 (3).HEIC.xmp,True,142625374.04299998,,,Unknown,False,False,,28.4084,-81.46249999999999,43.088888833333336,-79.0757305,False,0.1
IMG_2390.HEIC,,0C90831C-9800-4290-8100-B68BF7C8B1BB,_/IMG_2390_edited (5).heic.xmp,True,180564645.19799995,,,Unknown,False,False,,28.4084,-81.46249999999999,-180.0,-180.0,True,0.1
IMG_2390.HEIC,,23E50AA6-9CCD-4D65-B9C3-A232CD02B7F0,_/IMG_2390_edited (2).heic.xmp,True,117748511.51738262,,,Unknown,False,False,,28.4084,-81.46249999999999,-180.0,-180.0,True,0.1
IMG_2390.HEIC,,4106B776-A3CF-428F-8CD8-5D42D06821CA,_/IMG_2390_edited (1).heic.xmp,True,110667335.0041213,,,Unknown,False,False,,28.4084,-81.46249999999999,-180.0,-180.0,True,0.1
IMG_2390.HEIC,,7911016A-7DB0-4CD3-A66D-0CDA5AE6B013,_/IMG_2390.HEIC.xmp,True,79907750.0175581,,,Unknown,False,False,,28.4084,-81.46249999999999,-180.0,-180.0,True,0.1
IMG_2440.MOV,,77315109-0FEC-480B-B015-CD4568883E5E,_/IMG_2440 (2).MOV.xmp,True,142630563.0,,,Unknown,False,False,,28.409699999999997,-81.4639,43.0795,-79.0811,False,0.1
IMG_2440.MOV,,9817C840-AEDF-48B8-94AA-980476D2AE16,_/IMG_2440 (4).MOV.xmp,True,221537470.0,,,Unknown,False,False,,28.409699999999997,-81.4639,-180.0,-180.0,True,0.1
IMG_8812.MOV,,E67C878A-9F39-49AC-A68F-CDD7A8A8546E,_/IMG_8812 (4).MOV.xmp,True,149108603.0,,,Unknown,False,False,,0.0,0.0,-180.0,-180.0,False,0.1
IMG_2379.HEIC,,A3A9043E-8901-452B-8ACF-75C6184A438B,_/IMG_2379 (3).heic.xmp,True,115441718.60099983,,,Unknown,False,False,,28.408224999999998,-81.4627306,37.85988666666667,-122.48545833333333,False,0.1
IMG_2379.HEIC,,72D08B8B-CC9E-47AB-99D6-986FC5DC8008,_/IMG_2379_edited (5).heic.xmp,True,142625240.0999999,,,Unknown,False,False,,28.408224999999998,-81.4627306,43.089325,-79.0749195,False,0.1
IMG_2379.HEIC,,C701BA76-83EE-421A-AFA1-F8E0DB0D8808,_/IMG_2379_edited (7).heic.xmp,True,180564640.97399998,,,Unknown,False,False,,28.408224999999998,-81.4627306,-180.0,-180.0,True,0.1
IMG_2379.HEIC,,959D2700-3512-4956-A4DE-DAA6ACFE9A2F,_/IMG_2379_edited (4).heic.xmp,True,117748395.49885535,,,Unknown,False,False,,28.408224999999998,-81.4627306,-180.0,-180.0,True,0.1
IMG_2379.HEIC,,17A3A8B6-6F64-423F-B8FD-1A5AFDBA7B10,_/IMG_2379_edited (1).heic.xmp,True,110667196.89565134,,,Unknown,False,False,,28.408224999999998,-81.4627306,-180.0,-180.0,True,0.1
IMG_2379.HEIC,,00595982-E5A1-4FE9-9272-96CE90D4953B,_/IMG_2379.HEIC.xmp,True,79906902.00096369,,,Unknown,False,False,,28.408224999999998,-81.4627306,-180.0,-180.0,True,0.1
IMG_2289.HEIC,,3F64815F-CB46-4F33-A0F9-67A28073EE0C,_/IMG_2289 (4).HEIC.xmp,True,142297928.39499998,,,Unknown,False,False,,28.4108,-81.461,34.70248,-83.736655,False,0.1
IMG_2289.HEIC,,39A48CE9-2ABB-46BB-AD11-469B1AF6D18A,_/IMG_2289_edited (3).heic.xmp,True,139443630.033,,,Unknown,False,False,,28.4108,-81.461,-180.0,-180.0,True,0.1
IMG_2289.HEIC,,4061D002-CEDE-4BBC-B42E-EF0D971484E3,_/IMG_2289_edited (1).heic.xmp,True,110662194.16385889,,,Unknown,False,False,,28.4108,-81.461,-180.0,-180.0,True,0.1
IMG_2289.HEIC,,D87F2D56-7FAD-48DC-9424-834DE93ACAC3,_/IMG_2289_edited.heic.xmp,True,79914593.96924067,,,Unknown,False,False,,28.4108,-81.461,-180.0,-180.0,True,0.1
IMG_2382.HEIC,,53E5A30B-DA9E-4851-B3E8-F62890A89FF7,_/IMG_2382 (2).heic.xmp,True,115441706.59200001,,,Unknown,False,False,,28.408099999999997,-81.4627,37.86001666666667,-122.48555,False,0.1
IMG_2382.HEIC,,9C137CC1-B826-42E8-8E66-72838033C6CF,_/IMG_2382 (4).HEIC.xmp,True,142625335.54799986,,,Unknown,False,False,,28.408099999999997,-81.4627,43.0890055,-79.0755,False,0.1
IMG_2382.HEIC,,32CA44F6-6391-4EF8-B08D-71700661204F,_/IMG_2382_edited (8).heic.xmp,True,206993667.19000006,,,Unknown,False,False,,28.408099999999997,-81.4627,-180.0,-180.0,True,0.1
IMG_2382.HEIC,,C081E5D6-F1C1-4840-8EEB-2E686879DE85,_/IMG_2382_edited (7).heic.xmp,True,180564629.342,,,Unknown,False,False,,28.408099999999997,-81.4627,-180.0,-180.0,True,0.1
IMG_2382.HEIC,,C0C193B7-63DF-4FE1-84FF-2B800BC0171B,_/IMG_2382_edited (3).heic.xmp,True,117748363.66595268,,,Unknown,False,False,,28.408099999999997,-81.4627,-180.0,-180.0,True,0.1
IMG_2382.HEIC,,8FFB9005-95A7-40D7-9F82-E09E1034F9BD,_/IMG_2382.HEIC.xmp,True,79906881.18369651,,,Unknown,False,False,,28.408099999999997,-81.4627,-180.0,-180.0,True,0.1
IMG_8745.HEIC,,E2753695-6A0B-4BE0-8FF1-B9C078386055,_/IMG_8745_edited (3).heic.xmp,True,166664949.36899996,,,Unknown,False,False,,0.0,0.0,-180.0,-180.0,False,0.1
IMG_8745.HEIC,,5C206D39-7F20-42D8-BD41-420E65D34D3F,_/IMG_8745_edited (2).heic.xmp,True,149114837.29699993,,,Unknown,False,False,,0.0,0.0,-180.0,-180.0,False,0.1
IMG_8745.HEIC,,DD27CB28-B053-4DA3-8A6A-60691C57E7F0,_/IMG_8745_edited (1).heic.xmp,True,132965819.569,,,Unknown,False,False,,0.0,0.0,-180.0,-180.0,False,0.1
IMG_8745.HEIC,,3C6152D2-4EB3-4107-B57B-95AEAB1E0E59,_/IMG_8745_edited.heic.xmp,True,113446497.32696843,,,Unknown,False,False,,0.0,0.0,-180.0,-180.0,False,0.1
IMG_2420.MOV,,2D1A7E83-0BD3-4D5E-8300-3B36F2666AC4,_/IMG_2420 (8).MOV.xmp,True,221533103.0,,,Unknown,False,False,,28.411199999999997,-81.46300000000001,-180.0,-180.0,True,0.1
IMG_2420.MOV,,D1C4414F-69F7-418C-926B-194330678CF9,_/IMG_2420 (6).MOV.xmp,True,180629245.0,,,Unknown,False,False,,28.411199999999997,-81.46300000000001,-180.0,-180.0,True,0.1
IMG_2309.HEIC,,BC266D4B-3A81-4C36-9D10-0EC6AE45CD65,_/IMG_2309_edited (3).heic.xmp,True,117749289.16440678,,,Unknown,False,False,,28.4107,-81.4605,-180.0,-180.0,True,0.1
IMG_2309.HEIC,,8347A9F7-C60A-4339-B643-F5BD98093F5B,_/IMG_2309_edited (2).heic.xmp,True,110663183.625978,,,Unknown,False,False,,28.4107,-81.4605,-180.0,-180.0,True,0.1
IMG_2309.HEIC,,ACF3677C-65AD-4BA0-983D-2C73C2EE7133,_/IMG_2309 (1).HEIC.xmp,True,79916352.74702382,,,Unknown,False,False,,28.4107,-81.4605,-180.0,-180.0,True,0.1
IMG_2433.MOV,,5B4F25F4-17D1-476E-B608-B36BF4B0DC74,_/IMG_2433 (4).MOV.xmp,True,142631550.0,,,Unknown,False,False,,28.410899999999998,-81.4637,43.0827,-79.0828,False,0.1
IMG_2433.MOV,,EB7360D2-72CC-4081-B26B-DC33E7B54219,_/IMG_2433 (3).MOV.xmp,True,139610511.0,,,Unknown,False,False,,28.410899999999998,-81.4637,-180.0,-180.0,True,0.1
IMG_8793.JPG,,,,,,,,,,,,0.0,0.0,,,False,0.0
IMG_2396.HEIC,,576AA337-2F28-48C4-8E26-58F886C7661F,_/IMG_2396 (4).HEIC.xmp,True,142625173.51200008,,,Unknown,False,False,,28.4089,-81.4619,43.0888555,-79.07568333333333,False,0.1
IMG_2396.HEIC,,AA32CC1F-6720-4701-9649-8A24B8E635FD,_/IMG_2396_edited (8).heic.xmp,True,221527560.16199994,,,Unknown,False,False,,28.4089,-81.4619,-180.0,-180.0,True,0.1
IMG_2396.HEIC,,592A38F9-D5E9-420E-AE06-EE4E538AC809,_/IMG_2396_edited (6).heic.xmp,True,180564441.398,,,Unknown,False,False,,28.4089,-81.4619,-180.0,-180.0,True,0.1
IMG_2396.HEIC,,A6D7D827-0FEF-476E-8822-999BDB0FA9F5,_/IMG_2396_edited (3).heic.xmp,True,139609950.135,,,Unknown,False,False,,28.4089,-81.4619,-180.0,-180.0,True,0.1
IMG_2396.HEIC,,D29D297D-383D-4BC7-8DBE-E756DEEFBCF1,_/IMG_2396 (2).HEIC.xmp,True,110667335.79098558,,,Unknown,False,False,,28.4089,-81.4619,-180.0,-180.0,True,0.1
IMG_2396.HEIC,,387A3EA3-E489-4B30-89E5-D7ED3FB1B0FC,_/IMG_2396 (1).HEIC.xmp,True,79907522.828331,,,Unknown,False,False,,28.4089,-81.4619,-180.0,-180.0,True,0.1
IMG_2396.HEIC,,EACFAF8E-76D2-41CF-B4EF-9039E055977F,_/IMG_2396.HEIC.xmp,True,61166671.26858139,,,Unknown,False,False,,28.4089,-81.4619,-180.0,-180.0,True,0.1
IMG_8751.HEIC,,F3CAADE8-C62B-432F-903E-578ED69F8A33,_/IMG_8751_edited (3).heic.xmp,True,166665698.06299996,,,Unknown,False,False,,0.0,0.0,-180.0,-180.0,False,0.1
IMG_8751.HEIC,,07977E5D-46B4-461F-8EA9-626ECB3F0425,_/IMG_8751_edited (1).heic.xmp,True,132966372.25600004,,,Unknown,False,False,,0.0,0.0,-180.0,-180.0,False,0.1
IMG_8751.HEIC,,C852E56C-76F0-44E9-B2FD-CB7C352206A0,_/IMG_8751_edited.heic.xmp,True,113446358.58902979,,,Unknown,False,False,,0.0,0.0,-180.0,-180.0,False,0.1
IMG_8735.HEIC,,8D092EE0-6808-4BDA-A44D-FA8099468B23,_/IMG_8735_edited (5).heic.xmp,True,174064741.89400005,,,Unknown,False,False,,0.0,0.0,-180.0,-180.0,False,0.1
IMG_8735.HEIC,,0B8C3A99-19F5-4012-8692-D84323155D8C,_/IMG_8735_edited (4).heic.xmp,True,166572859.931,,,Unknown,False,False,,0.0,0.0,-180.0,-180.0,False,0.1
IMG_8735.HEIC,,1A1B9762-9459-455B-9680-D9BDB8B11CD5,_/IMG_8735_edited (3).heic.xmp,True,149120255.44500017,,,Unknown,False,False,,0.0,0.0,-180.0,-180.0,False,0.1
IMG_8735.HEIC,,4B90C1B7-DF11-482C-99A4-24BF0E4CAE21,_/IMG_8735_edited (2).heic.xmp,True,132971218.11000013,,,Unknown,False,False,,0.0,0.0,-180.0,-180.0,False,0.1
IMG_8795.JPG,,,,,,,,,,,,0.0,0.0,,,False,0.0
IMG_8743.HEIC,,DDE7F590-BF34-4B62-B374-F42F8629A4A8,_/IMG_8743_edited (3).heic.xmp,True,166667420.07800007,,,Unknown,False,False,,0.0,0.0,-180.0,-180.0,False,0.1
IMG_8743.HEIC,,7EAAE231-703B-4FD4-BE48-D335DA180D5D,_/IMG_8743 (2).HEIC.xmp,True,149117310.93900013,,,Unknown,False,False,,0.0,0.0,-180.0,-180.0,False,0.1
IMG_8743.HEIC,,33B9E967-0BD8-44EA-900C-3DD4B4A75510,_/IMG_8743_edited (1).heic.xmp,True,132968247.01499987,,,Unknown,False,False,,0.0,0.0,-180.0,-180.0,False,0.1
IMG_8743.HEIC,,C2E138F9-E5B3-495C-8522-105DF0CA207F,_/IMG_8743_edited.heic.xmp,True,113448973.19941998,,,Unknown,False,False,,0.0,0.0,-180.0,-180.0,False,0.1
IMG_2328.HEIC,,9AA46A15-3977-4DBD-A933-B1EB1F4A45A7,_/IMG_2328 (4).HEIC.xmp,True,142489550.964,,,Unknown,False,False,,28.410899999999998,-81.4602,43.08387783333333,-79.071175,False,0.1
IMG_2328.HEIC,,C1DFD03F-973D-4C35-ADE2-4F3B3DA710F2,_/IMG_2328_edited (7).heic.xmp,True,206994073.96000004,,,Unknown,False,False,,28.410899999999998,-81.4602,-180.0,-180.0,True,0.1
IMG_2328.HEIC,,C5925A5A-6A0D-43EF-8983-F3A4DF09A916,_/IMG_2328_edited (6).heic.xmp,True,180564111.0669999,,,Unknown,False,False,,28.410899999999998,-81.4602,-180.0,-180.0,True,0.1
IMG_2328.HEIC,,53AD7690-4DE9-4F64-9ABC-36439CEC809A,_/IMG_2328_edited (3).heic.xmp,True,117748963.441262,,,Unknown,False,False,,28.410899999999998,-81.4602,-180.0,-180.0,True,0.1
IMG_2328.HEIC,,086507DE-62FA-45C2-9C7A-E04091DDA503,_/IMG_2328 (1).HEIC.xmp,True,79912554.28806448,,,Unknown,False,False,,28.410899999999998,-81.4602,-180.0,-180.0,True,0.1
IMG_2328.HEIC,,C1077C29-D723-4DAC-8276-C104C7B1E1FB,_/IMG_2328_edited.heic.xmp,True,60826533.37670851,,,Unknown,False,False,,28.410899999999998,-81.4602,-180.0,-180.0,True,0.1
IMG_2435.MOV,,9B902840-EE20-45BC-9D7A-22109F0FD118,_/IMG_2435 (4).MOV.xmp,True,142630806.0,,,Unknown,False,False,,28.409399999999998,-81.4639,43.0827,-79.0828,False,0.1
IMG_2435.MOV,,C7662EFB-32C4-496C-9C7E-10722EF9DC5D,_/IMG_2435 (6).MOV.xmp,True,207045426.0,,,Unknown,False,False,,28.409399999999998,-81.4639,-180.0,-180.0,True,0.1
IMG_8727.HEIC,,7D69F4CC-5BED-47BB-8C92-E6908E9D4667,_/IMG_8727_edited (2).heic.xmp,True,149139050.55700016,,,Unknown,False,False,,0.0,0.0,-180.0,-180.0,False,0.1
IMG_8727.HEIC,,A0805F98-2751-43C1-92E8-F5143E382663,_/IMG_8727_edited (1).heic.xmp,True,132990280.45099998,,,Unknown,False,False,,0.0,0.0,-180.0,-180.0,False,0.1
IMG_2393.HEIC,,3E672BE6-ABC8-4007-9026-A176975279A6,_/IMG_2393 (5).HEIC.xmp,True,142625179.5050001,,,Unknown,False,False,,28.4089472,-81.4619361,43.0888555,-79.07568333333333,False,0.1
IMG_2393.HEIC,,B6A9500F-F051-43C5-B040-EF4ADD7F5799,_/IMG_2393_edited (7).heic.xmp,True,180564427.84399986,,,Unknown,False,False,,28.4089472,-81.4619361,-180.0,-180.0,True,0.1
IMG_2393.HEIC,,9258DCF3-2E8D-425C-9A94-129568C7BB88,_/IMG_2393_edited (4).heic.xmp,True,139609927.6960001,,,Unknown,False,False,,28.4089472,-81.4619361,-180.0,-180.0,True,0.1
IMG_2393.HEIC,,FBB0BF4E-D9AF-4AE7-AE46-A3DEB9AA01E4,_/IMG_2393_edited (2).heic.xmp,True,110667186.88033295,,,Unknown,False,False,,28.4089472,-81.4619361,-180.0,-180.0,True,0.1
IMG_2393.HEIC,,794A885A-53BE-4C98-8AD4-FC017C60D4D8,_/IMG_2393 (1).HEIC.xmp,True,79907526.08933878,,,Unknown,False,False,,28.4089472,-81.4619361,-180.0,-180.0,True,0.1
IMG_2298.HEIC,,A56B2A37-2883-40AF-8011-233F15755117,_/IMG_2298 (6).HEIC.xmp,True,142298229.13899994,,,Unknown,False,False,,28.410777799999998,-81.4609917,34.702495,-83.73664666666667,False,0.1
IMG_2298.HEIC,,7CB824FF-8ACD-4228-907E-BD6F7EED89AE,_/IMG_2298_edited (9).heic.xmp,True,206998286.01,,,Unknown,False,False,,28.410777799999998,-81.4609917,-180.0,-180.0,True,0.1
IMG_2298.HEIC,,3CF20CEE-5924-4F27-AC16-7D15A8AF1BD5,_/IMG_2298_edited (7).heic.xmp,True,156129396.84500003,,,Unknown,False,False,,28.410777799999998,-81.4609917,-180.0,-180.0,True,0.1
IMG_2298.HEIC,,49A06CBD-C573-4988-A45B-329AB4471F72,_/IMG_2298_edited (5).heic.xmp,True,139443626.68799996,,,Unknown,False,False,,28.410777799999998,-81.4609917,-180.0,-180.0,True,0.1
IMG_2298.HEIC,,F758FD51-E14C-49CA-B99E-CFCC2604A590,_/IMG_2298_edited (4).heic.xmp,True,117748056.05806446,,,Unknown,False,False,,28.410777799999998,-81.4609917,-180.0,-180.0,True,0.1
IMG_2298.HEIC,,EE2B25A0-D043-431A-8ECF-14FE9DE8141C,_/IMG_2298_edited (3).heic.xmp,True,110662197.23243666,,,Unknown,False,False,,28.410777799999998,-81.4609917,-180.0,-180.0,True,0.1
IMG_2298.HEIC,,88F41352-393E-4C62-83D4-518CD0F46924,_/IMG_2298 (2).HEIC.xmp,True,79916412.74367428,,,Unknown,False,False,,28.410777799999998,-81.4609917,-180.0,-180.0,True,0.1
IMG_2298.HEIC,,B63B51FB-E778-41E3-8E87-901C680BC4A2,_/IMG_2298.HEIC.xmp,True,34316296.02400017,,,Unknown,False,False,,28.410777799999998,-81.4609917,-180.0,-180.0,True,0.1
IMG_8754.HEIC,,4C579868-5DA6-420F-A534-0B32760D56F7,_/IMG_8754_edited (5).heic.xmp,True,199427123.49100018,,,Unknown,False,False,,0.0,0.0,-180.0,-180.0,False,0.1
IMG_8754.HEIC,,1BDE5869-BAD8-43F8-8395-C203C1A12665,_/IMG_8754_edited (3).heic.xmp,True,166668038.45099998,,,Unknown,False,False,,0.0,0.0,-180.0,-180.0,False,0.1
IMG_8754.HEIC,,DE7CAE42-068E-401B-993A-511E0EF9A9E4,_/IMG_8754_edited (1).heic.xmp,True,132966340.13899994,,,Unknown,False,False,,0.0,0.0,-180.0,-180.0,False,0.1
IMG_8754.HEIC,,B815DB7E-8A1F-42FD-B40D-7E2F9ABF7FBF,_/IMG_8754_edited.heic.xmp,True,113446301.4005208,,,Unknown,False,False,,0.0,0.0,-180.0,-180.0,False,0.1
IMG_8730.HEIC,,5D4DA8CB-DDA6-4C2B-9859-AD3E89094317,_/IMG_8730_edited (3).heic.xmp,True,149138908.62899995,,,Unknown,False,False,,0.0,0.0,-180.0,-180.0,False,0.1
IMG_2368.HEIC,,FB5072A0-1FE2-41FC-977E-096EA9834937,_/IMG_2368_edited (5).heic.xmp,True,142625131.09899998,,,Unknown,False,False,,28.408302799999998,-81.4626833,43.08938883333333,-79.07486666666667,False,0.1
IMG_2368.HEIC,,4906814C-8109-4B0B-9D1F-BF80BEA6F011,_/IMG_2368_edited (9).heic.xmp,True,206989358.2090001,,,Unknown,False,False,,28.408302799999998,-81.4626833,-180.0,-180.0,True,0.1
IMG_2368.HEIC,,C6CF2715-F5C8-4B00-9719-148555DC11F1,_/IMG_2368_edited (6).heic.xmp,True,156394481.71899986,,,Unknown,False,False,,28.408302799999998,-81.4626833,-180.0,-180.0,True,0.1
IMG_2368.HEIC,,B12BB67D-9CAD-4C9C-AF09-F9C8ED6331E5,_/IMG_2368_edited (4).heic.xmp,True,139452800.1830001,,,Unknown,False,False,,28.408302799999998,-81.4626833,-180.0,-180.0,True,0.1
IMG_2368.HEIC,,9B796F82-C8D3-4DC4-9978-5C75A0505853,_/IMG_2368_edited (3).heic.xmp,True,117748380.82558727,,,Unknown,False,False,,28.408302799999998,-81.4626833,-180.0,-180.0,True,0.1
IMG_2368.HEIC,,7059BF49-FB84-470A-B586-C3A798D7C4A4,_/IMG_2368 (1).HEIC.xmp,True,79906936.8222537,,,Unknown,False,False,,28.408302799999998,-81.4626833,-180.0,-180.0,True,0.1
IMG_2368.HEIC,,FE97D23D-9423-42A7-9107-7A9379742AEB,_/IMG_2368.HEIC.xmp,True,60912791.651729584,,,Unknown,False,False,,28.408302799999998,-81.4626833,-180.0,-180.0,True,0.1
IMG_8736.MOV,,F00469C8-537C-4689-9FB4-4AC2A1DEE191,_/IMG_8736 (4).MOV.xmp,True,199408474.0,,,Unknown,False,False,,0.0,0.0,-180.0,-180.0,False,0.1
IMG_8736.MOV,,7BD7CB70-84A0-4F62-9EF3-70BF2D5DE1D9,_/IMG_8736.MOV.xmp,True,113443701.0,,,Unknown,False,False,,0.0,0.0,-180.0,-180.0,False,0.1
IMG_8799.JPG,,,,,,,,,,,,0.0,0.0,,,False,0.0
IMG_2381.HEIC,,9BD70B54-05D0-4BE2-A82E-435F585FC116,_/IMG_2381 (3).heic.xmp,True,115441681.38399982,,,Unknown,False,False,,28.408099999999997,-81.4627,37.86002166666667,-122.485595,False,0.1
IMG_2381.HEIC,,99BD9E89-124D-4827-B072-4D046E6BB665,_/IMG_2381 (6).HEIC.xmp,True,142625318.74800014,,,Unknown,False,False,,28.408099999999997,-81.4627,43.08900833333333,-79.07551666666667,False,0.1
IMG_2381.HEIC,,9FD37477-F41B-4696-877E-3C1A6C236A25,_/IMG_2381_edited (9).heic.xmp,True,206993664.68200016,,,Unknown,False,False,,28.408099999999997,-81.4627,-180.0,-180.0,True,0.1
IMG_2381.HEIC,,1088DACA-D895-4A12-8450-C0AE28F478D1,_/IMG_2381_edited (8).heic.xmp,True,180564629.01499987,,,Unknown,False,False,,28.408099999999997,-81.4627,-180.0,-180.0,True,0.1
IMG_2381.HEIC,,098F43DC-7026-48BE-B707-52CFE4885383,_/IMG_2381_edited (4).heic.xmp,True,117748363.5549221,,,Unknown,False,False,,28.408099999999997,-81.4627,-180.0,-180.0,True,0.1
IMG_2381.HEIC,,3611A068-2D84-4AF3-989B-E554015C7300,_/IMG_2381.HEIC.xmp,True,79906867.70490313,,,Unknown,False,False,,28.408099999999997,-81.4627,-180.0,-180.0,True,0.1
IMG_2439.MOV,,50C9CE61-0DB1-436B-8617-2E54BF8A5433,_/IMG_2439 (2).MOV.xmp,True,142630609.0,,,Unknown,False,False,,28.409699999999997,-81.4641,43.0795,-79.081,False,0.1
IMG_2439.MOV,,F78BF0F0-A271-486D-975D-787CC9A87CD8,_/IMG_2439 (4).MOV.xmp,True,221537500.0,,,Unknown,False,False,,28.409699999999997,-81.4641,-180.0,-180.0,True,0.1
IMG_2422.HEIC,,E054AE3B-FC4E-4DFD-ADE6-9199A855286D,_/IMG_2422 (3).HEIC.xmp,True,142629476.4790001,,,Unknown,False,False,,28.411199999999997,-81.46289999999999,43.08352216666667,-79.085,False,0.1
IMG_2422.HEIC,,3D54C3F9-75D2-4A62-8326-0B4AC8092543,_/IMG_2422_edited (7).heic.xmp,True,207046575.83099985,,,Unknown,False,False,,28.411199999999997,-81.46289999999999,-180.0,-180.0,True,0.1
IMG_2422.HEIC,,9AF085A1-15D0-4ACE-A1A8-A5B283C8A97C,_/IMG_2422_edited (6).heic.xmp,True,180641962.2750001,,,Unknown,False,False,,28.411199999999997,-81.46289999999999,-180.0,-180.0,True,0.1
IMG_2422.HEIC,,1D0FB291-441A-4024-90DF-E14E0323202A,_/IMG_2422_edited (5).heic.xmp,True,171791924.94299984,,,Unknown,False,False,,28.411199999999997,-81.46289999999999,-180.0,-180.0,True,0.1
IMG_2422.HEIC,,43F262AD-1066-41E3-9382-4A115147487E,_/IMG_2422_edited (4).heic.xmp,True,156558840.71799994,,,Unknown,False,False,,28.411199999999997,-81.46289999999999,-180.0,-180.0,True,0.1
IMG_2422.HEIC,,A6E66515-89DD-4BCC-9773-0DFE5773DAC6,_/IMG_2422_edited (2).heic.xmp,True,139609644.852,,,Unknown,False,False,,28.411199999999997,-81.46289999999999,-180.0,-180.0,True,0.1
IMG_2422.HEIC,,0805F326-2402-442C-A8FD-80FD60BDBEF6,_/IMG_2422 (1).HEIC.xmp,True,79906402.2361753,,,Unknown,False,False,,28.411199999999997,-81.46289999999999,-180.0,-180.0,True,0.1
IMG_2422.HEIC,,6A3E5F59-16D4-4050-B43F-9556FC9F0888,_/IMG_2422.HEIC.xmp,True,61252284.002225876,,,Unknown,False,False,,28.411199999999997,-81.46289999999999,-180.0,-180.0,True,0.1
IMG_2295.HEIC,,B3DD5305-932F-48C8-BFF6-4B6487125A7A,_/IMG_2295 (5).HEIC.xmp,True,142298223.27600002,,,Unknown,False,False,,28.4108,-81.461,34.702495,-83.736625,False,0.1
IMG_2295.HEIC,,44903ED8-5610-4070-AE2C-37F8C4A77819,_/IMG_2295_edited (4).heic.xmp,True,139443625.24300003,,,Unknown,False,False,,28.4108,-81.461,-180.0,-180.0,True,0.1
IMG_2295.HEIC,,C034A776-A71F-45DD-8E18-05464E73CACD,_/IMG_2295_edited (3).heic.xmp,True,117748054.80202723,,,Unknown,False,False,,28.4108,-81.461,-180.0,-180.0,True,0.1
IMG_2295.HEIC,,4172F8FC-6796-4A69-92D2-8AA118C9073A,_/IMG_2295_edited (2).heic.xmp,True,110662193.73183036,,,Unknown,False,False,,28.4108,-81.461,-180.0,-180.0,True,0.1
IMG_2295.HEIC,,D1746AB9-2E66-4561-9129-5D458673044E,_/IMG_2295.HEIC.xmp,True,60738023.04136777,,,Unknown,False,False,,28.4108,-81.461,-180.0,-180.0,True,0.1
IMG_2446.HEIC,,C1B6F10A-9EF6-4EBC-82C0-5051AFCFB0F3,_/IMG_2446 (4).HEIC.xmp,True,142629691.50099993,,,Unknown,False,False,,28.409699999999997,-81.46379999999999,43.07936383333333,-79.0803445,False,0.1
IMG_2446.HEIC,,DE09286E-6C20-4E2E-9BAB-DD787CFA4546,_/IMG_2446_edited (3).heic.xmp,True,139607696.65999985,,,Unknown,False,False,,28.409699999999997,-81.46379999999999,-180.0,-180.0,True,0.1
IMG_2446.HEIC,,4FEE1FCC-E080-43D6-9C72-D687BC3720BF,_/IMG_2446 (1).HEIC.xmp,True,79903137.98637629,,,Unknown,False,False,,28.409699999999997,-81.46379999999999,-180.0,-180.0,True,0.1
IMG_2446.HEIC,,F267BF42-D8FD-4D7C-99A9-D3F2058592A1,_/IMG_2446.HEIC.xmp,True,61348337.046990395,,,Unknown,False,False,,28.409699999999997,-81.46379999999999,-180.0,-180.0,True,0.1
IMG_2356.HEIC,,B86EE384-D7F0-4B9C-BBB7-FBFFD4A6E09C,_/IMG_2356 (5).HEIC.xmp,True,142483593.967,,,Unknown,False,False,,28.4085194,-81.4627833,43.083513833333335,-79.0709305,False,0.1
IMG_2356.HEIC,,6A98F12B-F7C7-4008-8E07-E12F6D92ACC0,_/IMG_2356_edited (8).heic.xmp,True,206989009.03999996,,,Unknown,False,False,,28.4085194,-81.4627833,-180.0,-180.0,True,0.1
IMG_2356.HEIC,,024C1C93-5B7A-43D9-A074-3D4AD64C1956,_/IMG_2356_edited (7).heic.xmp,True,180560348.73099995,,,Unknown,False,False,,28.4085194,-81.4627833,-180.0,-180.0,True,0.1
IMG_2356.HEIC,,614BC610-BFA1-4599-9C3C-4A84EBC2CEA7,_/IMG_2356_edited (4).heic.xmp,True,139451540.29500008,,,Unknown,False,False,,28.4085194,-81.4627833,-180.0,-180.0,True,0.1
IMG_2356.HEIC,,78BF7130-E8A8-44C6-A7B9-89126EAF9D82,_/IMG_2356_edited (3).heic.xmp,True,117748449.15826392,,,Unknown,False,False,,28.4085194,-81.4627833,-180.0,-180.0,True,0.1
IMG_2332.HEIC,,D642B336-781A-4588-9F01-0C68F2B78D77,_/IMG_2332 (5).HEIC.xmp,True,142489521.53200006,,,Unknown,False,False,,28.410899999999998,-81.46029999999999,43.0838805,-79.07118333333334,False,0.1
IMG_2332.HEIC,,EE635D49-FA36-40F3-AC12-EE316EFBB796,_/IMG_2332_edited (9).heic.xmp,True,221459381.17299986,,,Unknown,False,False,,28.410899999999998,-81.46029999999999,-180.0,-180.0,True,0.1
IMG_2332.HEIC,,E89204ED-C23D-4689-B17D-2BBBBE8507F3,_/IMG_2332_edited (8).heic.xmp,True,206994070.53200006,,,Unknown,False,False,,28.410899999999998,-81.46029999999999,-180.0,-180.0,True,0.1
IMG_2332.HEIC,,258A6380-A664-4C12-8905-B5AA058B9B0E,_/IMG_2332_edited (7).heic.xmp,True,180564090.944,,,Unknown,False,False,,28.410899999999998,-81.46029999999999,-180.0,-180.0,True,0.1
IMG_2332.HEIC,,F66A78BB-9B1D-4B07-979C-3B87A8F9C27C,_/IMG_2332_edited (4).heic.xmp,True,139457700.464,,,Unknown,False,False,,28.410899999999998,-81.46029999999999,-180.0,-180.0,True,0.1
IMG_2332.HEIC,,EF72BEF7-8B9A-4117-A978-116A1001F178,_/IMG_2332_edited (3).heic.xmp,True,117749106.3884058,,,Unknown,False,False,,28.410899999999998,-81.46029999999999,-180.0,-180.0,True,0.1
IMG_2332.HEIC,,9D581F03-105D-4FBA-9422-CAC7856F2C35,_/IMG_2332 (2).HEIC.xmp,True,110665805.47750139,,,Unknown,False,False,,28.410899999999998,-81.46029999999999,-180.0,-180.0,True,0.1
IMG_2332.HEIC,,24F0F1DA-A34C-46FA-9588-2E61B4218620,_/IMG_2332 (1).HEIC.xmp,True,79913168.6991849,,,Unknown,False,False,,28.410899999999998,-81.46029999999999,-180.0,-180.0,True,0.1
IMG_2332.HEIC,,346DEB74-0AB9-4E6C-AEBD-B6AFDC0DB43E,_/IMG_2332.HEIC.xmp,True,60826794.05706406,,,Unknown,False,False,,28.410899999999998,-81.46029999999999,-180.0,-180.0,True,0.1
IMG_2365.HEIC,,38385F2F-3686-4026-A44A-1D21E42E0430,_/IMG_2365 (3).heic.xmp,True,115438512.68900013,,,Unknown,False,False,,28.4082556,-81.4626083,37.810296666666666,-122.477555,False,0.1
IMG_2365.HEIC,,DBE6511E-57A5-4E18-AC8C-90D749B51B9A,_/IMG_2365 (6).HEIC.xmp,True,142625076.036,,,Unknown,False,False,,28.4082556,-81.4626083,43.0894,-79.0749805,False,0.1
IMG_2365.HEIC,,F40F0B72-361D-4273-B31E-11432D148D46,_/IMG_2365_edited (10).heic.xmp,True,206989370.26200008,,,Unknown,False,False,,28.4082556,-81.4626083,-180.0,-180.0,True,0.1
IMG_2365.HEIC,,399EA576-C342-4C47-83FC-176603B37993,_/IMG_2365_edited (9).heic.xmp,True,180561080.589,,,Unknown,False,False,,28.4082556,-81.4626083,-180.0,-180.0,True,0.1
IMG_2365.HEIC,,B5468BAD-0352-49A3-998C-1470E50924FD,_/IMG_2365_edited (7).heic.xmp,True,156388642.84700012,,,Unknown,False,False,,28.4082556,-81.4626083,-180.0,-180.0,True,0.1
IMG_2365.HEIC,,7513B696-C2AE-42E5-B7EC-FEF4D7DC3E1C,_/IMG_2365_edited (5).heic.xmp,True,139452759.273,,,Unknown,False,False,,28.4082556,-81.4626083,-180.0,-180.0,True,0.1
IMG_2365.HEIC,,0E692E5E-BEB6-464A-8AF6-FBBCA3187F99,_/IMG_2365_edited (4).heic.xmp,True,117748409.726053,,,Unknown,False,False,,28.4082556,-81.4626083,-180.0,-180.0,True,0.1
IMG_2365.HEIC,,C91BF78A-5647-4D45-8308-2B84C1CB3661,_/IMG_2365 (1).HEIC.xmp,True,79906965.11998463,,,Unknown,False,False,,28.4082556,-81.4626083,-180.0,-180.0,True,0.1
IMG_2365.HEIC,,FF16AE28-F278-4A1B-9937-9AF17B854769,_/IMG_2365.HEIC.xmp,True,60912354.84431219,,,Unknown,False,False,,28.4082556,-81.4626083,-180.0,-180.0,True,0.1
IMG_2301.HEIC,,A571F373-C0AD-4F12-9DD6-6E5A8C9ED601,_/IMG_2301 (5).HEIC.xmp,True,142298119.39100003,,,Unknown,False,False,,28.410719399999998,-81.46041939999999,34.70247833333333,-83.73664666666667,False,0.1
IMG_2301.HEIC,,79376971-C38F-4040-AC3B-0822A4067ED8,_/IMG_2301_edited (9).heic.xmp,True,206998225.23399997,,,Unknown,False,False,,28.410719399999998,-81.46041939999999,-180.0,-180.0,True,0.1
IMG_2301.HEIC,,828AD4A0-61B2-4882-91DB-573C70DDEA5B,_/IMG_2301_edited (4).heic.xmp,True,139443515.135,,,Unknown,False,False,,28.410719399999998,-81.46041939999999,-180.0,-180.0,True,0.1
IMG_2301.HEIC,,69C4E7E9-9179-465A-A281-522A45E0C88E,_/IMG_2301_edited (2).heic.xmp,True,110662446.08383703,,,Unknown,False,False,,28.410719399999998,-81.46041939999999,-180.0,-180.0,True,0.1
IMG_2301.HEIC,,62674B64-C4C8-4848-A5BD-5E883DCABB3E,_/IMG_2301 (1).HEIC.xmp,True,79916319.2275424,,,Unknown,False,False,,28.410719399999998,-81.46041939999999,-180.0,-180.0,True,0.1
IMG_2411.HEIC,,3914AB91-230F-42B0-AECB-10FE38DB20B8,_/IMG_2411_edited (3).heic.xmp,True,142625615.704,,,Unknown,False,False,,28.409799999999997,-81.4626,43.0866055,-79.07875,False,0.1
IMG_2411.HEIC,,143F46DE-8A87-4757-B086-D2AEC33F4726,_/IMG_2411_edited (7).heic.xmp,True,221530391.44500017,,,Unknown,False,False,,28.409799999999997,-81.4626,-180.0,-180.0,True,0.1
IMG_2411.HEIC,,D74C7617-B3E8-43D7-8A10-D01628659410,_/IMG_2411_edited (5).heic.xmp,True,180570366.4920001,,,Unknown,False,False,,28.409799999999997,-81.4626,-180.0,-180.0,True,0.1
IMG_2411.HEIC,,0C598030-FB25-40CC-8A47-AB5785C83EB8,_/IMG_2411_edited (4).heic.xmp,True,171792577.91400003,,,Unknown,False,False,,28.409799999999997,-81.4626,-180.0,-180.0,True,0.1
IMG_2411.HEIC,,F5526DAA-55D2-484A-B408-B46046CD2442,_/IMG_2411_edited (2).heic.xmp,True,117912663.28020191,,,Unknown,False,False,,28.409799999999997,-81.4626,-180.0,-180.0,True,0.1
IMG_2411.HEIC,,A7C72DD7-AFC7-45A3-9357-DBDDF4AA03DE,_/IMG_2411 (1).HEIC.xmp,True,110667191.34329271,,,Unknown,False,False,,28.409799999999997,-81.4626,-180.0,-180.0,True,0.1
IMG_2411.HEIC,,C37A4530-E6DB-4675-BB16-A7DD0948319D,_/IMG_2411.HEIC.xmp,True,79907323.3169136,,,Unknown,False,False,,28.409799999999997,-81.4626,-180.0,-180.0,True,0.1
IMG_8806.HEIC,,CAB1C90F-1276-41FA-BA5A-5F7CA1186EFD,_/IMG_8806_edited (6).heic.xmp,True,174082323.11600018,,,Unknown,False,False,,0.0,0.0,-180.0,-180.0,False,0.1
IMG_8806.HEIC,,594254EC-DC53-4386-888D-8FBBBA861266,_/IMG_8806_edited (3).heic.xmp,True,132973587.84200001,,,Unknown,False,False,,0.0,0.0,-180.0,-180.0,False,0.1
IMG_8806.HEIC,,8C94738E-6D90-4B2B-8E68-28CD930F4A5B,_/IMG_8806_edited (2).heic.xmp,True,113437833.20772362,,,Unknown,False,False,,0.0,0.0,-180.0,-180.0,False,0.1
IMG_8806.HEIC,,8372CA8E-EB05-48FC-887F-9315CD5D8915,_/IMG_8806_edited.heic.xmp,True,75864545.14236736,,,Unknown,False,False,,0.0,0.0,-180.0,-180.0,False,0.1
IMG_2403.HEIC,,337A855B-A8BF-4373-A278-EA17BE60EF94,_/IMG_2403_edited (3).heic.xmp,True,142625161.7249999,,,Unknown,False,False,,28.409,-81.4619,43.088875,-79.0757055,False,0.1
IMG_2403.HEIC,,CB26D0B9-CFA5-4606-938C-DE5F2DCD72B4,_/IMG_2403_edited (7).heic.xmp,True,221530283.237,,,Unknown,False,False,,28.409,-81.4619,-180.0,-180.0,True,0.1
IMG_2403.HEIC,,CC957228-8436-43E1-8572-039DD7A49965,_/IMG_2403_edited (5).heic.xmp,True,180566842.06400013,,,Unknown,False,False,,28.409,-81.4619,-180.0,-180.0,True,0.1
IMG_2403.HEIC,,26A9D10D-77EF-4390-9D32-5F3C7E93CE6B,_/IMG_2403_edited (2).heic.xmp,True,139609980.01100016,,,Unknown,False,False,,28.409,-81.4619,-180.0,-180.0,True,0.1
IMG_2403.HEIC,,BEEC2AF4-110F-4CE5-B900-5CA6553DE4EB,_/IMG_2403 (1).HEIC.xmp,True,110667372.370965,,,Unknown,False,False,,28.409,-81.4619,-180.0,-180.0,True,0.1
IMG_2403.HEIC,,A0A612CD-CCFE-4542-AC9B-78CBCEF7699C,_/IMG_2403.HEIC.xmp,True,79907500.34760904,,,Unknown,False,False,,28.409,-81.4619,-180.0,-180.0,True,0.1
IMG_2377.HEIC,,E702905E-B0C8-4FCB-96BA-BA146743F631,_/IMG_2377_edited (5).heic.xmp,True,142625252.49800014,,,Unknown,False,False,,28.408224999999998,-81.46273889999999,43.089325,-79.0749195,False,0.1
IMG_2377.HEIC,,D6F60E49-7868-4CE7-8304-1FB4D5300A19,_/IMG_2377_edited (4).heic.xmp,True,139453520.82299995,,,Unknown,False,False,,28.408224999999998,-81.46273889999999,-180.0,-180.0,True,0.1
IMG_2377.HEIC,,79274578-CAC3-4338-A720-FE9018DA6F5F,_/IMG_2377_edited (3).heic.xmp,True,117748399.72147942,,,Unknown,False,False,,28.408224999999998,-81.46273889999999,-180.0,-180.0,True,0.1
IMG_2377.HEIC,,46745675-2C2A-4041-9CE6-E3FE60E70F11,_/IMG_2377 (1).HEIC.xmp,True,110666027.48812866,,,Unknown,False,False,,28.408224999999998,-81.46273889999999,-180.0,-180.0,True,0.1
IMG_2377.HEIC,,E42B617A-0B62-45F4-A48D-D995C70EC8F8,_/IMG_2377.HEIC.xmp,True,79906914.1302154,,,Unknown,False,False,,28.408224999999998,-81.46273889999999,-180.0,-180.0,True,0.1
IMG_2313.HEIC,,D8570310-5A92-4ED5-989C-23BBE4CD02E0,_/IMG_2313_edited (6).heic.xmp,True,206998433.19899988,,,Unknown,False,False,,28.4107,-81.4605,-180.0,-180.0,True,0.1
IMG_2313.HEIC,,38442F7D-5D60-4F45-8B47-525F63FE793D,_/IMG_2313 (3).HEIC.xmp,True,117750765.53024769,,,Unknown,False,False,,28.4107,-81.4605,-180.0,-180.0,True,0.1
IMG_2313.HEIC,,71CAB276-0D5B-4B43-A918-96B8F00DDA39,_/IMG_2313 (2).HEIC.xmp,True,110663804.68554306,,,Unknown,False,False,,28.4107,-81.4605,-180.0,-180.0,True,0.1
IMG_2313.HEIC,,2E493063-8F25-469D-BDBE-05EB2B0EC1B0,_/IMG_2313 (1).HEIC.xmp,True,79916384.79204941,,,Unknown,False,False,,28.4107,-81.4605,-180.0,-180.0,True,0.1
IMG_2344.HEIC,,59F21C7E-7B58-42EB-A24B-B4837321BB94,_/IMG_2344 (5).HEIC.xmp,True,142487264.94299984,,,Unknown,False,False,,28.4121,-81.4602,43.08363333333333,-79.07093883333333,False,0.1
IMG_2344.HEIC,,3315D479-A571-4B26-ACA8-4305B626E199,_/IMG_2344_edited (8).heic.xmp,True,206992546.20599985,,,Unknown,False,False,,28.4121,-81.4602,-180.0,-180.0,True,0.1
IMG_2344.HEIC,,C9C5EFE5-E89A-41EE-85CB-AD3E670FAA5B,_/IMG_2344_edited (7).heic.xmp,True,180561601.9330001,,,Unknown,False,False,,28.4121,-81.4602,-180.0,-180.0,True,0.1
IMG_2344.HEIC,,A9F5D759-8A6C-46E4-BF94-B8B377E84483,_/IMG_2344_edited (4).heic.xmp,True,139455178.94299984,,,Unknown,False,False,,28.4121,-81.4602,-180.0,-180.0,True,0.1
IMG_2344.HEIC,,D8C4AA89-5755-49CC-9EC6-7C1B090792B1,_/IMG_2344_edited (3).heic.xmp,True,117752377.68586111,,,Unknown,False,False,,28.4121,-81.4602,-180.0,-180.0,True,0.1
IMG_2344.HEIC,,652D8276-435E-4076-9299-ECB85953A5C5,_/IMG_2344 (1).HEIC.xmp,True,79910529.2735405,,,Unknown,False,False,,28.4121,-81.4602,-180.0,-180.0,True,0.1
IMG_2344.HEIC,,7BC4795D-DFB2-4109-A8E9-AE3832FDDA2D,_/IMG_2344_edited.heic.xmp,True,60824173.15474415,,,Unknown,False,False,,28.4121,-81.4602,-180.0,-180.0,True,0.1
IMG_2320.HEIC,,5BDE1D9E-BC45-4D85-9D38-2D30B2C10D60,_/IMG_2320 (3).HEIC.xmp,True,142489401.40600014,,,Unknown,False,False,,28.410899999999998,-81.4602,43.083875,-79.07125,False,0.1
IMG_2320.HEIC,,94AEA05A-F015-476A-A026-E27F44C73F71,_/IMG_2320_edited (6).heic.xmp,True,206994028.24699998,,,Unknown,False,False,,28.410899999999998,-81.4602,-180.0,-180.0,True,0.1
IMG_2320.HEIC,,ED526084-83FC-45A3-B0BA-A6C147F8AE77,_/IMG_2320_edited (5).heic.xmp,True,180560176.87300014,,,Unknown,False,False,,28.410899999999998,-81.4602,-180.0,-180.0,True,0.1
IMG_2320.HEIC,,BEE9D012-7008-4230-9BE5-5D11428C64D0,_/IMG_2320_edited.heic.xmp,True,79912028.45853996,,,Unknown,False,False,,28.410899999999998,-81.4602,-180.0,-180.0,True,0.1
IMG_8783.HEIC,,28C8D108-063B-4680-BF03-C4CB05BD9315,_/IMG_8783_edited (2).heic.xmp,True,149118080.18799996,,,Unknown,False,False,,0.0,0.0,-180.0,-180.0,False,0.1
IMG_8783.HEIC,,B87F0B45-6450-451F-B4D2-29248C7B788E,_/IMG_8783_edited (1).heic.xmp,True,113446382.0860579,,,Unknown,False,False,,0.0,0.0,-180.0,-180.0,False,0.1
IMG_8783.HEIC,,9E001B1E-7C2D-4E7F-8E61-88E42F649D31,_/IMG_8783.HEIC.xmp,True,75873284.17046595,,,Unknown,False,False,,0.0,0.0,-180.0,-180.0,False,0.1
IMG_2430.HEIC,,16D864B7-9D43-402F-8AC9-8A778FB98EC0,_/IMG_2430 (2).heic.xmp,True,115394785.10800004,,,Unknown,False,False,,28.411199999999997,-81.46300000000001,-180.0,-180.0,True,0.1
IMG_2430.HEIC,,738330C2-51A4-408C-9143-B503022EF913,_/IMG_2430 (4).HEIC.xmp,True,142629251.85800004,,,Unknown,False,False,,28.411199999999997,-81.46300000000001,43.083558333333336,-79.085075,False,0.1
IMG_2430.HEIC,,B280F8A0-9B4E-49DD-8A0E-1D873DFD04D9,_/IMG_2430_edited (8).heic.xmp,True,221533019.01399994,,,Unknown,False,False,,28.411199999999997,-81.46300000000001,-180.0,-180.0,True,0.1
IMG_2430.HEIC,,834C4299-73B1-4567-B966-1765397C9E8B,_/IMG_2430_edited (7).heic.xmp,True,207046318.9000001,,,Unknown,False,False,,28.411199999999997,-81.46300000000001,-180.0,-180.0,True,0.1
IMG_2430.HEIC,,D7607786-4C54-4F30-A233-9DDB24FDB471,_/IMG_2430_edited (5).heic.xmp,True,171791931.55299997,,,Unknown,False,False,,28.411199999999997,-81.46300000000001,-180.0,-180.0,True,0.1
IMG_2430.HEIC,,7E15F935-AB18-4D11-9D25-9B1E60DE3954,_/IMG_2430 (1).HEIC.xmp,True,79906192.68351126,,,Unknown,False,False,,28.411199999999997,-81.46300000000001,-180.0,-180.0,True,0.1
IMG_2430.HEIC,,AF3F9EDA-43DD-4A45-A583-280A90670FCD,_/IMG_2430_edited.heic.xmp,True,61254260.96658707,,,Unknown,False,False,,28.411199999999997,-81.46300000000001,-180.0,-180.0,True,0.1
IMG_2287.HEIC,,DA87F10A-CBF4-4BC6-8E6B-9E8850E5CCC2,_/IMG_2287 (4).HEIC.xmp,True,142227902.27600002,,,Unknown,False,False,,28.4108,-81.461,34.72252,-83.72345833333333,False,0.1
IMG_2287.HEIC,,1D3D79EE-C812-4A4E-B103-A68793CCAE71,_/IMG_2287_edited (3).heic.xmp,True,139443629.21500015,,,Unknown,False,False,,28.4108,-81.461,-180.0,-180.0,True,0.1
IMG_2287.HEIC,,506F0F8F-7DCB-4C73-8B26-76CFEA50635E,_/IMG_2287_edited (2).heic.xmp,True,117740747.64474535,,,Unknown,False,False,,28.4108,-81.461,-180.0,-180.0,True,0.1
IMG_2287.HEIC,,B98FBD90-F6CD-4174-A674-5409F3C7EAAC,_/IMG_2287_edited (1).heic.xmp,True,110662193.33024883,,,Unknown,False,False,,28.4108,-81.461,-180.0,-180.0,True,0.1
IMG_2287.HEIC,,DDF288DF-0DC8-4A31-81D5-93F203E104E1,_/IMG_2287_edited.heic.xmp,True,79914588.43052578,,,Unknown,False,False,,28.4108,-81.461,-180.0,-180.0,True,0.1
IMG_2304.HEIC,,08A7B345-BD23-4064-A874-ABBC9D03DBC3,_/IMG_2304_edited (8).heic.xmp,True,206998245.888,,,Unknown,False,False,,28.4107,-81.4604,-180.0,-180.0,True,0.1
IMG_2304.HEIC,,59A89E58-A9B0-4719-BF73-6B7C2ACC218E,_/IMG_2304_edited (4).heic.xmp,True,139443520.61000013,,,Unknown,False,False,,28.4107,-81.4604,-180.0,-180.0,True,0.1
IMG_2304.HEIC,,C37B3A38-A762-4D5A-946D-A5C26F417D81,_/IMG_2304_edited (3).heic.xmp,True,117748523.9457326,,,Unknown,False,False,,28.4107,-81.4604,-180.0,-180.0,True,0.1
IMG_2304.HEIC,,1E7C0DFF-B6B9-43A8-BB0F-E6680B726F3E,_/IMG_2304 (1).HEIC.xmp,True,79916324.3335023,,,Unknown,False,False,,28.4107,-81.4604,-180.0,-180.0,True,0.1
IMG_2414.HEIC,,326A5169-C70D-41BB-828C-C43B16C06070,_/IMG_2414_edited (3).heic.xmp,True,142625628.7880001,,,Unknown,False,False,,28.4099,-81.4626,43.08658616666666,-79.0788805,False,0.1
IMG_2414.HEIC,,91FB9E12-D9EE-4312-8A53-354419E73FE9,_/IMG_2414_edited (6).heic.xmp,True,180570374.181,,,Unknown,False,False,,28.4099,-81.4626,-180.0,-180.0,True,0.1
IMG_2414.HEIC,,AEBE4515-6313-47CD-BE51-29B7A83A4E9C,_/IMG_2414_edited (5).heic.xmp,True,171792592.29999995,,,Unknown,False,False,,28.4099,-81.4626,-180.0,-180.0,True,0.1
IMG_2414.HEIC,,22ADE837-93C6-4EB5-BD83-BB5BC83DEBEC,_/IMG_2414_edited (2).heic.xmp,True,139610533.23600006,,,Unknown,False,False,,28.4099,-81.4626,-180.0,-180.0,True,0.1
IMG_2414.HEIC,,339D9C1E-7242-4210-8DA1-7E038D29443C,_/IMG_2414 (1).HEIC.xmp,True,110667186.7772646,,,Unknown,False,False,,28.4099,-81.4626,-180.0,-180.0,True,0.1
IMG_2414.HEIC,,3B3A0263-5C98-4CF6-9D0E-D03F72C6C27F,_/IMG_2414.HEIC.xmp,True,79907328.69560337,,,Unknown,False,False,,28.4099,-81.4626,-180.0,-180.0,True,0.1
IMG_2447.MOV,,508C23F8-1CDB-4F57-8D53-B0625E1B398D,_/IMG_2447 (6).MOV.xmp,True,221592856.0,,,Unknown,False,False,,28.409499999999998,-81.464,-180.0,-180.0,True,0.1
IMG_2337.HEIC,,30FAFF33-FE57-4B26-BACA-6456E3BAA91E,_/IMG_2337 (4).HEIC.xmp,True,142489726.5580001,,,Unknown,False,False,,28.410899999999998,-81.46029999999999,43.08365,-79.07096116666666,False,0.1
IMG_2337.HEIC,,BEAF51B1-28EC-466C-8B17-E3033E1BAB85,_/IMG_2337_edited (7).heic.xmp,True,206994064.13100004,,,Unknown,False,False,,28.410899999999998,-81.46029999999999,-180.0,-180.0,True,0.1
IMG_2337.HEIC,,555370F9-F4EC-4B18-B114-D2F0F7312DF3,_/IMG_2337_edited (6).heic.xmp,True,180564090.35099983,,,Unknown,False,False,,28.410899999999998,-81.46029999999999,-180.0,-180.0,True,0.1
IMG_2337.HEIC,,D4C49168-D62D-45C1-8F47-3F9CD1501BFC,_/IMG_2337_edited (3).heic.xmp,True,139457747.00399995,,,Unknown,False,False,,28.410899999999998,-81.46029999999999,-180.0,-180.0,True,0.1
IMG_2337.HEIC,,9AB24138-C0F8-4CED-B381-22666C252CF8,_/IMG_2337_edited (2).heic.xmp,True,117749179.67583752,,,Unknown,False,False,,28.410899999999998,-81.46029999999999,-180.0,-180.0,True,0.1
IMG_2337.HEIC,,AE671524-1F60-426B-877D-CA07FC349E14,_/IMG_2337 (1).HEIC.xmp,True,79913155.6700573,,,Unknown,False,False,,28.410899999999998,-81.46029999999999,-180.0,-180.0,True,0.1
IMG_2337.HEIC,,C5A3C697-CA51-4CA6-A748-BC5503A7CA9C,_/IMG_2337.HEIC.xmp,True,60826795.27345085,,,Unknown,False,False,,28.410899999999998,-81.46029999999999,-180.0,-180.0,True,0.1
IMG_2341.HEIC,,D84D3387-4CDD-416E-91B2-08FE58F78D88,_/IMG_2341 (5).HEIC.xmp,True,142487283.84399986,,,Unknown,False,False,,28.4121,-81.4602,43.083636166666665,-79.0709445,False,0.1
IMG_2341.HEIC,,F794DC9A-27FD-4E7A-AAD3-E3E66BD78DC8,_/IMG_2341_edited (8).heic.xmp,True,206991637.23600006,,,Unknown,False,False,,28.4121,-81.4602,-180.0,-180.0,True,0.1
IMG_2341.HEIC,,51259DBB-4242-4C8F-8A67-902E22B35C4C,_/IMG_2341_edited (7).heic.xmp,True,180561486.908,,,Unknown,False,False,,28.4121,-81.4602,-180.0,-180.0,True,0.1
IMG_2341.HEIC,,625621C9-08D0-4B6A-AE71-B7ABEE49017C,_/IMG_2341_edited (4).heic.xmp,True,139455186.58200002,,,Unknown,False,False,,28.4121,-81.4602,-180.0,-180.0,True,0.1
IMG_2341.HEIC,,2270496A-0D8A-4F3D-BFE1-7031F27B5BF8,_/IMG_2341 (1).HEIC.xmp,True,79910544.10673714,,,Unknown,False,False,,28.4121,-81.4602,-180.0,-180.0,True,0.1
IMG_2341.HEIC,,D9159055-48A7-44E3-86C4-FB60AEA57F7A,_/IMG_2341_edited.heic.xmp,True,60824176.05099869,,,Unknown,False,False,,28.4121,-81.4602,-180.0,-180.0,True,0.1
IMG_2325.HEIC,,D2AABB1C-53F8-4721-BD52-2C8FC06ECEC6,_/IMG_2325 (4).HEIC.xmp,True,142489534.92400002,,,Unknown,False,False,,28.410899999999998,-81.4602,43.0839055,-79.07118333333334,False,0.1
IMG_2325.HEIC,,F43A859D-AC17-4F05-8E07-72A9FCA70D30,_/IMG_2325_edited (7).heic.xmp,True,206994053.73199987,,,Unknown,False,False,,28.410899999999998,-81.4602,-180.0,-180.0,True,0.1
IMG_2325.HEIC,,98ACC171-02E4-4DAE-B356-8F04FAA5E574,_/IMG_2325_edited (1).heic.xmp,True,79912219.57481623,,,Unknown,False,False,,28.410899999999998,-81.4602,-180.0,-180.0,True,0.1
IMG_2389.HEIC,,5214B3AB-E600-4D3D-BC8C-0D8AD1C5012E,_/IMG_2389 (4).HEIC.xmp,True,142625374.806,,,Unknown,False,False,,28.4084,-81.46249999999999,43.0888945,-79.0757305,False,0.1
IMG_2389.HEIC,,09148C71-5714-44DB-A2F8-9C0ED8A05762,_/IMG_2389_edited (8).heic.xmp,True,221526586.60599995,,,Unknown,False,False,,28.4084,-81.46249999999999,-180.0,-180.0,True,0.1
IMG_2389.HEIC,,CD0F5302-013B-44E6-9F5E-DF9476003FDE,_/IMG_2389_edited (6).heic.xmp,True,180564644.80100012,,,Unknown,False,False,,28.4084,-81.46249999999999,-180.0,-180.0,True,0.1
IMG_2389.HEIC,,674440FD-2943-423A-A39A-DF1506F8A3BD,_/IMG_2389_edited (3).heic.xmp,True,139591013.9790001,,,Unknown,False,False,,28.4084,-81.46249999999999,-180.0,-180.0,True,0.1
IMG_2389.HEIC,,8EA030A6-3273-44C1-9B40-1B01D3DA4DBA,_/IMG_2389_edited (2).heic.xmp,True,117748511.01701546,,,Unknown,False,False,,28.4084,-81.46249999999999,-180.0,-180.0,True,0.1
IMG_2389.HEIC,,D3F1B74B-FD3C-45F1-9A07-8EAE0DF6098C,_/IMG_2389_edited (1).heic.xmp,True,110667325.1333437,,,Unknown,False,False,,28.4084,-81.46249999999999,-180.0,-180.0,True,0.1
IMG_2389.HEIC,,0E9420A1-ADFF-4225-8DBA-E38E866EC518,_/IMG_2389.HEIC.xmp,True,79907750.6163764,,,Unknown,False,False,,28.4084,-81.46249999999999,-180.0,-180.0,True,0.1
IMG_2282.HEIC,,8E074FE3-4A7A-4888-8A21-6498D6BE200B,_/IMG_2282_edited (7).heic.xmp,True,221449060.12199998,,,Unknown,False,False,,28.4108,-81.461,-180.0,-180.0,True,0.1
IMG_2282.HEIC,,4BB7EC27-41AD-483C-BB78-96ADC075B3AB,_/IMG_2282_edited (2).heic.xmp,True,139443627.1199999,,,Unknown,False,False,,28.4108,-81.461,-180.0,-180.0,True,0.1
IMG_2282.HEIC,,84569160-1B91-457C-AC5E-8BBE32C933F0,_/IMG_2282_edited (1).heic.xmp,True,110662188.62916303,,,Unknown,False,False,,28.4108,-81.461,-180.0,-180.0,True,0.1
IMG_2282.HEIC,,12B51542-0698-4657-8C9D-1E4E4E197D19,_/IMG_2282_edited.heic.xmp,True,79914582.89014101,,,Unknown,False,False,,28.4108,-81.461,-180.0,-180.0,True,0.1
IMG_2406.HEIC,,6B22F649-386F-456A-BEDD-09DF2B8C3F1D,_/IMG_2406_edited (4).heic.xmp,True,142624973.35800004,,,Unknown,False,False,,28.409863899999998,-81.4626083,43.088797166666666,-79.0757445,False,0.1
IMG_2406.HEIC,,DF56EE45-73AD-4642-8EC4-B4645A13D0D9,_/IMG_2406_edited (6).heic.xmp,True,180570353.98899984,,,Unknown,False,False,,28.409863899999998,-81.4626083,-180.0,-180.0,True,0.1
IMG_2406.HEIC,,2B0D7520-933E-4F7C-B7D5-BAC6A7B8F0AF,_/IMG_2406_edited (5).heic.xmp,True,171792558.50600004,,,Unknown,False,False,,28.409863899999998,-81.4626083,-180.0,-180.0,True,0.1
IMG_2406.HEIC,,5DF5C5BE-9751-4430-86EA-9D2A8C0F3BC4,_/IMG_2406_edited (3).heic.xmp,True,139609797.51200008,,,Unknown,False,False,,28.409863899999998,-81.4626083,-180.0,-180.0,True,0.1
IMG_2406.HEIC,,B7593123-2C18-482A-BAD9-11138B45D6B5,_/IMG_2406 (2).HEIC.xmp,True,110667192.37558603,,,Unknown,False,False,,28.409863899999998,-81.4626083,-180.0,-180.0,True,0.1
IMG_2406.HEIC,,A9D27B47-1EC2-4225-881E-8C549880B67F,_/IMG_2406 (1).HEIC.xmp,True,79907297.3885169,,,Unknown,False,False,,28.409863899999998,-81.4626083,-180.0,-180.0,True,0.1
IMG_2441.MOV,,BDCB754C-0CAF-4DA1-B88D-F93C10E38F4E,_/IMG_2441 (2).MOV.xmp,True,142630381.0,,,Unknown,False,False,,28.409599999999998,-81.4641,43.0795,-79.0812,False,0.1
IMG_2372.HEIC,,F5707D92-2063-4BB6-90D2-AB4E59FD2AFB,_/IMG_2372_edited (4).heic.xmp,True,142625202.60500002,,,Unknown,False,False,,28.4082194,-81.4627,43.08936383333333,-79.07488883333333,False,0.1
IMG_2372.HEIC,,D63EC8B3-460E-4063-B5C0-857588428087,_/IMG_2372_edited (9).heic.xmp,True,221524936.35800004,,,Unknown,False,False,,28.4082194,-81.4627,-180.0,-180.0,True,0.1
IMG_2372.HEIC,,221C75A7-8D2C-46DF-AF06-38C25315BFF2,_/IMG_2372_edited (8).heic.xmp,True,206989979.14300013,,,Unknown,False,False,,28.4082194,-81.4627,-180.0,-180.0,True,0.1
IMG_2372.HEIC,,5B4851D6-E2DB-4CA2-BBDE-5F89DFB28C78,_/IMG_2372_edited (5).heic.xmp,True,156398234.05499983,,,Unknown,False,False,,28.4082194,-81.4627,-180.0,-180.0,True,0.1
IMG_2372.HEIC,,B928B141-8F3A-4CB8-BFEB-A631DDC62A19,_/IMG_2372_edited (3).heic.xmp,True,139453534.31400013,,,Unknown,False,False,,28.4082194,-81.4627,-180.0,-180.0,True,0.1
IMG_2372.HEIC,,84777767-EFDF-4351-A1D4-D034F82FC5D1,_/IMG_2372_edited (2).heic.xmp,True,117748347.18371701,,,Unknown,False,False,,28.4082194,-81.4627,-180.0,-180.0,True,0.1
IMG_2372.HEIC,,0B50A736-3C41-447C-9C0F-03D57588FEE0,_/IMG_2372.HEIC.xmp,True,79906903.22426891,,,Unknown,False,False,,28.4082194,-81.4627,-180.0,-180.0,True,0.1
IMG_8719.HEIC,,4A9A8967-5F21-4224-97E7-4F971475AAC3,_/IMG_8719_edited (4).heic.xmp,True,166349638.29999995,,,Unknown,False,False,,0.0,0.0,-180.0,-180.0,False,0.1
IMG_8719.HEIC,,1EECFAE4-84C6-44B3-BB28-4CE3E63FCC01,_/IMG_8719 (3).HEIC.xmp,True,149132869.39499998,,,Unknown,False,False,,0.0,0.0,-180.0,-180.0,False,0.1
IMG_8719.HEIC,,0C3C87DA-9D71-4FE9-86F0-3DDF478C259F,_/IMG_8719_edited (2).heic.xmp,True,132989682.91700006,,,Unknown,False,False,,0.0,0.0,-180.0,-180.0,False,0.1
IMG_8719.HEIC,,5973E45D-0D3B-430E-8DD0-74E0EF75C53C,_/IMG_8719.HEIC.xmp,True,75721312.56980681,,,Unknown,False,False,,0.0,0.0,-180.0,-180.0,False,0.1
IMG_2279.HEIC,,3D4ADD26-2657-4C14-9FC3-1CE60EB9F31F,_/IMG_2279_edited (8).heic.xmp,True,221449074.839,,,Unknown,False,False,,28.4107611,-81.4609833,-180.0,-180.0,True,0.1
IMG_2279.HEIC,,BECF9D94-CF90-4043-A940-D87D525208DF,_/IMG_2279_edited (7).heic.xmp,True,206996360.34700012,,,Unknown,False,False,,28.4107611,-81.4609833,-180.0,-180.0,True,0.1
IMG_2279.HEIC,,0A308473-03DA-4999-877C-D7C531127EF8,_/IMG_2279_edited (2).heic.xmp,True,139443496.93599987,,,Unknown,False,False,,28.4107611,-81.4609833,-180.0,-180.0,True,0.1
IMG_2279.HEIC,,444C9353-F28A-4DD6-AAB9-48CC87F865B7,_/IMG_2279_edited (1).heic.xmp,True,110662184.59263992,,,Unknown,False,False,,28.4107611,-81.4609833,-180.0,-180.0,True,0.1
IMG_2279.HEIC,,AA9D8DEF-959C-403C-BB9A-B078DDCD2BED,_/IMG_2279.HEIC.xmp,True,79914580.31515884,,,Unknown,False,False,,28.4107611,-81.4609833,-180.0,-180.0,True,0.1
IMG_2380.HEIC,,C6763232-E236-4FDE-8726-A6414FE66E70,_/IMG_2380 (3).heic.xmp,True,115441683.32700014,,,Unknown,False,False,,28.4080944,-81.4627222,37.85992,-122.48550333333333,False,0.1
IMG_2380.HEIC,,BDF713EE-8A20-4B8B-B969-589CD4FBDF02,_/IMG_2380 (5).HEIC.xmp,True,142625303.67700005,,,Unknown,False,False,,28.4080944,-81.4627222,43.089016666666666,-79.07549166666666,False,0.1
IMG_2380.HEIC,,D8759F2A-79B2-4D9E-A1E5-E7B68D673C34,_/IMG_2380_edited (9).heic.xmp,True,221525617.81099987,,,Unknown,False,False,,28.4080944,-81.4627222,-180.0,-180.0,True,0.1
IMG_2380.HEIC,,7A150E04-9BAA-4237-9758-0D4CC0B85036,_/IMG_2380_edited (8).heic.xmp,True,206993618.9790001,,,Unknown,False,False,,28.4080944,-81.4627222,-180.0,-180.0,True,0.1
IMG_2380.HEIC,,C7714599-CB9E-4AD1-9C96-182FA856B793,_/IMG_2380_edited (7).heic.xmp,True,180564626.339,,,Unknown,False,False,,28.4080944,-81.4627222,-180.0,-180.0,True,0.1
IMG_2380.HEIC,,63576DF7-7161-40B7-83A1-4B22449A3665,_/IMG_2380_edited (4).heic.xmp,True,117748365.44393754,,,Unknown,False,False,,28.4080944,-81.4627222,-180.0,-180.0,True,0.1
IMG_2380.HEIC,,6FB9C86C-71EC-472A-A184-B7FBD3D74A02,_/IMG_2380.HEIC.xmp,True,79906867.23533392,,,Unknown,False,False,,28.4080944,-81.4627222,-180.0,-180.0,True,0.1
IMG_2348.HEIC,,4E3B4389-3AAE-4ED7-97D5-6FC3F024A9BA,_/IMG_2348 (4).HEIC.xmp,True,142487102.911,,,Unknown,False,False,,28.4121194,-81.4601972,43.083622166666665,-79.07087783333333,False,0.1
IMG_2348.HEIC,,3324EB55-DBEF-4D52-920F-D46B9DFDDD83,_/IMG_2348_edited (8).heic.xmp,True,221525435.82000017,,,Unknown,False,False,,28.4121194,-81.4601972,-180.0,-180.0,True,0.1
IMG_2348.HEIC,,CC8BB12F-E726-451F-B0C3-8C752F0E5C8A,_/IMG_2348_edited (7).heic.xmp,True,206992483.763,,,Unknown,False,False,,28.4121194,-81.4601972,-180.0,-180.0,True,0.1
IMG_2348.HEIC,,C8008003-B0DA-4C35-B283-1CAAE0D79C1C,_/IMG_2348_edited (6).heic.xmp,True,180561423.34899998,,,Unknown,False,False,,28.4121194,-81.4601972,-180.0,-180.0,True,0.1
IMG_2348.HEIC,,54942749-B327-40BF-AD7B-43EAE90207E3,_/IMG_2348_edited (3).heic.xmp,True,139455008.0710001,,,Unknown,False,False,,28.4121194,-81.4601972,-180.0,-180.0,True,0.1
IMG_2348.HEIC,,805FBAB4-14B3-4CD5-BDED-F54EDD44B9A1,_/IMG_2348_edited (2).heic.xmp,True,117752192.4964714,,,Unknown,False,False,,28.4121194,-81.4601972,-180.0,-180.0,True,0.1
IMG_2348.HEIC,,BAA3C784-3372-4EB7-8EF3-00F14974D0C6,_/IMG_2348_edited (1).heic.xmp,True,110663934.50319862,,,Unknown,False,False,,28.4121194,-81.4601972,-180.0,-180.0,True,0.1
IMG_2348.HEIC,,11EBA11B-6644-4562-A590-6D2432758862,_/IMG_2348.HEIC.xmp,True,79910339.77376461,,,Unknown,False,False,,28.4121194,-81.4601972,-180.0,-180.0,True,0.1
IMG_8723.HEIC,,E28DBC79-ADDB-49E4-8A55-706C70E128EE,_/IMG_8723_edited (5).heic.xmp,True,174083153.204,,,Unknown,False,False,,0.0,0.0,-180.0,-180.0,False,0.1
IMG_8723.HEIC,,096E426B-1EFC-40AC-B041-7A422FB930A0,_/IMG_8723_edited (1).heic.xmp,True,96625739.00808525,,,Unknown,False,False,,0.0,0.0,-180.0,-180.0,False,0.1
IMG_8723.HEIC,,5AC236B7-57FE-48C3-896F-FDA116D88039,_/IMG_8723_edited.heic.xmp,True,75724529.00284052,,,Unknown,False,False,,0.0,0.0,-180.0,-180.0,False,0.1
IMG_2369.HEIC,,986ECBB7-FFCF-4A62-A7D6-090C0754D52C,_/IMG_2369_edited (5).heic.xmp,True,142625128.24100018,,,Unknown,False,False,,28.408299999999997,-81.4626833,43.08938883333333,-79.07486666666667,False,0.1
IMG_2369.HEIC,,07E42F96-FFB5-4AAB-8F7C-18CC0D8811DA,_/IMG_2369_edited (6).heic.xmp,True,156394486.2449999,,,Unknown,False,False,,28.408299999999997,-81.4626833,-180.0,-180.0,True,0.1
IMG_2369.HEIC,,27806927-DAB3-4ABC-8CD1-7F82A61EA199,_/IMG_2369_edited (4).heic.xmp,True,139452797.62300014,,,Unknown,False,False,,28.408299999999997,-81.4626833,-180.0,-180.0,True,0.1
IMG_2369.HEIC,,9C47350C-0AC6-4919-B379-E1B0CB742315,_/IMG_2369_edited (3).heic.xmp,True,117748377.50609684,,,Unknown,False,False,,28.408299999999997,-81.4626833,-180.0,-180.0,True,0.1
IMG_2369.HEIC,,07DC6F22-9FB9-49D6-93EF-6065C53C970B,_/IMG_2369 (1).HEIC.xmp,True,79906933.98990202,,,Unknown,False,False,,28.408299999999997,-81.4626833,-180.0,-180.0,True,0.1
IMG_2369.HEIC,,5B4C4372-1153-47C1-9BD9-1F9FFA2FA05A,_/IMG_2369_edited.heic.xmp,True,60912794.46614647,,,Unknown,False,False,,28.408299999999997,-81.4626833,-180.0,-180.0,True,0.1
IMG_8755.HEIC,,879B5B39-B783-4710-A3F1-2378A0DB934F,_/IMG_8755_edited (4).heic.xmp,True,199427128.71500015,,,Unknown,False,False,,0.0,0.0,-180.0,-180.0,False,0.1
IMG_8755.HEIC,,CA1F48C2-CC9D-468D-9B22-A0FBF2970917,_/IMG_8755_edited (2).heic.xmp,True,166668049.53100014,,,Unknown,False,False,,0.0,0.0,-180.0,-180.0,False,0.1
IMG_8755.HEIC,,8FA63DA9-F5C3-4351-95C9-30832DB32312,_/IMG_8755_edited.heic.xmp,True,113446301.99435043,,,Unknown,False,False,,0.0,0.0,-180.0,-180.0,False,0.1
IMG_8731.HEIC,,240BAADC-056D-4445-BB5C-BFB995ED1671,_/IMG_8731_edited (4).heic.xmp,True,174083058.82599998,,,Unknown,False,False,,0.0,0.0,-180.0,-180.0,False,0.1
IMG_8731.HEIC,,039FA568-9345-40C1-A2D1-9F34D883B6CF,_/IMG_8731_edited (3).heic.xmp,True,166497845.6960001,,,Unknown,False,False,,0.0,0.0,-180.0,-180.0,False,0.1
IMG_8731.HEIC,,6BDB2169-A360-49BB-BE59-513F07E01C5D,_/IMG_8731_edited (2).heic.xmp,True,149138902.01100016,,,Unknown,False,False,,0.0,0.0,-180.0,-180.0,False,0.1
IMG_8731.HEIC,,D0D3D9D4-C713-4086-90A1-637F73750C42,_/IMG_8731_edited (1).heic.xmp,True,132990376.89599991,,,Unknown,False,False,,0.0,0.0,-180.0,-180.0,False,0.1
IMG_2392.HEIC,,F78C765D-4031-41AB-B280-70268345F8E2,_/IMG_2392 (4).HEIC.xmp,True,142625186.30499983,,,Unknown,False,False,,28.4089,-81.462,43.08884716666667,-79.075675,False,0.1
IMG_2392.HEIC,,D250BDB8-91DD-47D7-8287-BF85CA01FC02,_/IMG_2392_edited (6).heic.xmp,True,180564433.98899984,,,Unknown,False,False,,28.4089,-81.462,-180.0,-180.0,True,0.1
IMG_2392.HEIC,,72C74CF6-038B-4165-9855-32D5D85F08E8,_/IMG_2392_edited (3).heic.xmp,True,139609919.78900003,,,Unknown,False,False,,28.4089,-81.462,-180.0,-180.0,True,0.1
IMG_2392.HEIC,,105F61DD-1795-4CB0-8405-27F04D5D4A89,_/IMG_2392_edited (1).heic.xmp,True,110667120.13853836,,,Unknown,False,False,,28.4089,-81.462,-180.0,-180.0,True,0.1
IMG_2392.HEIC,,96E3F164-21BD-41E3-A95B-89422E1586F0,_/IMG_2392.HEIC.xmp,True,79907531.32034087,,,Unknown,False,False,,28.4089,-81.462,-180.0,-180.0,True,0.1
IMG_2299.HEIC,,5AEEE1B4-BE90-4BAB-A2AB-75D2DA8C29A2,_/IMG_2299 (5).HEIC.xmp,True,142298118.9419999,,,Unknown,False,False,,28.4106,-81.4605,34.702495,-83.736655,False,0.1
IMG_2299.HEIC,,066148C8-14F3-4A83-98BF-604A27FDE512,_/IMG_2299_edited (8).heic.xmp,True,206998211.18499994,,,Unknown,False,False,,28.4106,-81.4605,-180.0,-180.0,True,0.1
IMG_2299.HEIC,,C5A5E010-68AE-4E8C-A2D8-BFD6611AEF02,_/IMG_2299_edited (6).heic.xmp,True,156129288.26499987,,,Unknown,False,False,,28.4106,-81.4605,-180.0,-180.0,True,0.1
IMG_2299.HEIC,,4170AC41-D9D0-4511-8814-DEDCE5183945,_/IMG_2299_edited (4).heic.xmp,True,139443516.49800014,,,Unknown,False,False,,28.4106,-81.4605,-180.0,-180.0,True,0.1
IMG_2299.HEIC,,8A0F3456-F194-43BE-902E-2F609D60018D,_/IMG_2299_edited (2).heic.xmp,True,110662143.25160432,,,Unknown,False,False,,28.4106,-81.4605,-180.0,-180.0,True,0.1
IMG_2299.HEIC,,E7F0AB38-ADF4-4754-BE4F-7B8C4741F35C,_/IMG_2299 (1).HEIC.xmp,True,79916305.48014641,,,Unknown,False,False,,28.4106,-81.4605,-180.0,-180.0,True,0.1
IMG_8739.MOV,,EC259FD6-9E47-4781-B0D7-E76EEC607B1F,_/IMG_8739 (4).MOV.xmp,True,199406243.0,,,Unknown,False,False,,0.0,0.0,-180.0,-180.0,False,0.1
IMG_8739.MOV,,2AE9F9A5-1AA6-4355-A629-6E6C6DC5BBFD,_/IMG_8739 (3).MOV.xmp,True,174082777.0,,,Unknown,False,False,,0.0,0.0,-180.0,-180.0,False,0.1
IMG_2275.HEIC,,5262FFD9-74B2-4BB5-8F1A-12FBE52DD453,_/IMG_2275_edited (8).heic.xmp,True,221450527.092,,,Unknown,False,False,,28.4109111,-81.4612361,-180.0,-180.0,True,0.1
IMG_2275.HEIC,,9DB1B3D8-05E8-4DFE-9C92-53924E9BE859,_/IMG_2275_edited (7).heic.xmp,True,206997946.9920001,,,Unknown,False,False,,28.4109111,-81.4612361,-180.0,-180.0,True,0.1
IMG_2275.HEIC,,9151FBE8-A0F2-476B-ADC8-C2D997020806,_/IMG_2275_edited (3).heic.xmp,True,139445087.24900007,,,Unknown,False,False,,28.4109111,-81.4612361,-180.0,-180.0,True,0.1
IMG_2275.HEIC,,28B9D304-C810-4D07-AD7D-CDA96C2F1DED,_/IMG_2275_edited (2).heic.xmp,True,117652685.46899462,,,Unknown,False,False,,28.4109111,-81.4612361,-180.0,-180.0,True,0.1
IMG_2275.HEIC,,9AB0C375-7C31-4449-96F7-92B4712AF6A0,_/IMG_2275_edited (1).heic.xmp,True,110663739.80245924,,,Unknown,False,False,,28.4109111,-81.4612361,-180.0,-180.0,True,0.1
IMG_2275.HEIC,,63111F8D-BD54-49F8-8C11-3DBF461B1DE5,_/IMG_2275.HEIC.xmp,True,79915924.5237596,,,Unknown,False,False,,28.4109111,-81.4612361,-180.0,-180.0,True,0.1
IMG_2436.MOV,,663C366A-84E9-4A22-92C1-22E616F74509,_/IMG_2436 (3).MOV.xmp,True,142630730.0,,,Unknown,False,False,,28.409699999999997,-81.4639,43.0827,-79.0827,False,0.1
IMG_8785.JPG,,,,,,,,,,,,0.0,0.0,,,False,0.0
IMG_2329.HEIC,,FA4EFF60-0789-43B2-8845-33744561EE14,_/IMG_2329 (5).HEIC.xmp,True,142489545.31200004,,,Unknown,False,False,,28.410899999999998,-81.4602,43.0838805,-79.07116666666667,False,0.1
IMG_2329.HEIC,,26971358-44BE-454B-AA2B-003F3CE18CEB,_/IMG_2329_edited (8).heic.xmp,True,206994068.50300002,,,Unknown,False,False,,28.410899999999998,-81.4602,-180.0,-180.0,True,0.1
IMG_2329.HEIC,,6E1BB8D2-F24B-44CE-A7FF-7B94F826891B,_/IMG_2329_edited (7).heic.xmp,True,180564106.83599997,,,Unknown,False,False,,28.410899999999998,-81.4602,-180.0,-180.0,True,0.1
IMG_2329.HEIC,,3A34FAEB-ACA9-4ECF-8498-9BC6C142D26D,_/IMG_2329_edited (4).heic.xmp,True,139453831.68400002,,,Unknown,False,False,,28.410899999999998,-81.4602,-180.0,-180.0,True,0.1
IMG_2329.HEIC,,B48A36F9-031D-423D-9CDB-1D2D3679A733,_/IMG_2329_edited (3).heic.xmp,True,117749129.59397125,,,Unknown,False,False,,28.410899999999998,-81.4602,-180.0,-180.0,True,0.1
IMG_2329.HEIC,,87244503-0B96-4A1E-BB3A-256E6D70E4B2,_/IMG_2329 (1).HEIC.xmp,True,79913195.23042035,,,Unknown,False,False,,28.410899999999998,-81.4602,-180.0,-180.0,True,0.1
IMG_2329.HEIC,,88D6B2C0-6BAE-4AC7-B7E3-C3D9D2AD5EE3,_/IMG_2329_edited.heic.xmp,True,60826528.712020636,,,Unknown,False,False,,28.410899999999998,-81.4602,-180.0,-180.0,True,0.1
IMG_8750.HEIC,,BD5A4585-EDCF-40E3-AA03-C564F9F7F66D,_/IMG_8750_edited (3).heic.xmp,True,166665693.95000005,,,Unknown,False,False,,0.0,0.0,-180.0,-180.0,False,0.1
IMG_8750.HEIC,,9E8F9C34-091E-4942-89A8-081FB81CF313,_/IMG_8750_edited (1).heic.xmp,True,132966366.42000008,,,Unknown,False,False,,0.0,0.0,-180.0,-180.0,False,0.1
IMG_8750.HEIC,,CA6F55A0-44BF-4820-8FE0-584D547DA756,_/IMG_8750_edited.heic.xmp,True,113446358.98520112,,,Unknown,False,False,,0.0,0.0,-180.0,-180.0,False,0.1
IMG_8798.HEIC,,BD72F071-2412-4D64-A512-044F1F262973,_/IMG_8798_edited (9).heic.xmp,True,199439113.53499985,,,Unknown,False,False,,0.0,0.0,-180.0,-180.0,False,0.1
IMG_8798.HEIC,,10BFDB4B-637F-4B68-8B86-32B9484D5D35,_/IMG_8798_edited (8).heic.xmp,True,174082311.06099987,,,Unknown,False,False,,0.0,0.0,-180.0,-180.0,False,0.1
IMG_8798.HEIC,,BA2AFADD-08F6-4E30-AB8A-0483C22C873E,_/IMG_8798_edited (7).heic.xmp,True,166666459.93700004,,,Unknown,False,False,,0.0,0.0,-180.0,-180.0,False,0.1
IMG_8798.HEIC,,832C2827-AB13-4B33-9294-D159AE99F749,_/IMG_8798_edited (4).heic.xmp,True,132973588.73000002,,,Unknown,False,False,,0.0,0.0,-180.0,-180.0,False,0.1
IMG_8798.HEIC,,44EAD0CF-B749-451B-ADFB-73438362CE9F,_/IMG_8798_edited (3).heic.xmp,True,113437681.92763615,,,Unknown,False,False,,0.0,0.0,-180.0,-180.0,False,0.1
IMG_8798.HEIC,,C6289CEC-18C1-4EAD-B654-3532D62C753E,_/IMG_8798_edited (1).heic.xmp,True,75864577.96596909,,,Unknown,False,False,,0.0,0.0,-180.0,-180.0,False,0.1
IMG_8798.HEIC,,70ADCCEB-ACB4-4C16-90D2-7E38685A9988,_/IMG_8798_edited.jpeg.xmp,True,50258924.82700014,,,Unknown,False,False,,0.0,0.0,-180.0,-180.0,False,0.1
IMG_2418.HEIC,,FC7E131F-370D-464E-911A-B5E90117A99D,_/IMG_2418 (3).HEIC.xmp,True,142625822.35599995,,,Unknown,False,False,,28.409799999999997,-81.4626,43.085591666666666,-79.07958883333333,False,0.1
IMG_2418.HEIC,,4BE72DA0-7ED7-4ED0-AC24-3E2BF262CF11,_/IMG_2418_edited (5).heic.xmp,True,171792673.06299996,,,Unknown,False,False,,28.409799999999997,-81.4626,-180.0,-180.0,True,0.1
IMG_2418.HEIC,,AE0C85C5-C84A-4059-97DA-388B2EFA3711,_/IMG_2418_edited (4).heic.xmp,True,156559752.67000008,,,Unknown,False,False,,28.409799999999997,-81.4626,-180.0,-180.0,True,0.1
IMG_2418.HEIC,,5EBB49AB-1219-40BC-A64F-24D5AABB127F,_/IMG_2418_edited (2).heic.xmp,True,139610567.01699996,,,Unknown,False,False,,28.409799999999997,-81.4626,-180.0,-180.0,True,0.1
IMG_2418.HEIC,,317D694E-8DBB-4A18-8C7A-FA0938D225BA,_/IMG_2418 (1).HEIC.xmp,True,110667177.71145058,,,Unknown,False,False,,28.409799999999997,-81.4626,-180.0,-180.0,True,0.1
IMG_2418.HEIC,,E2A8391D-E128-4945-AF73-9D8FE6EE11AA,_/IMG_2418.HEIC.xmp,True,79907326.37287855,,,Unknown,False,False,,28.409799999999997,-81.4626,-180.0,-180.0,True,0.1
IMG_2308.HEIC,,C480570B-9B20-4444-BFFA-2A7F8789560B,_/IMG_2308_edited (3).heic.xmp,True,139443653.71000004,,,Unknown,False,False,,28.4107,-81.4605,-180.0,-180.0,True,0.1
IMG_2308.HEIC,,93E77258-0CA9-442B-90DC-81EE39070A17,_/IMG_2308_edited (2).heic.xmp,True,117749286.68466234,,,Unknown,False,False,,28.4107,-81.4605,-180.0,-180.0,True,0.1
IMG_2308.HEIC,,AEFCB5AA-CD89-46EB-B47A-3F6A6E9934CF,_/IMG_2308 (1).HEIC.xmp,True,79916348.88024545,,,Unknown,False,False,,28.4107,-81.4605,-180.0,-180.0,True,0.1
IMG_2373.HEIC,,7D32F717-5FC0-4962-851B-4E4D5AD108CE,_/IMG_2373_edited (5).heic.xmp,True,142625204.30100012,,,Unknown,False,False,,28.408216699999997,-81.46275279999999,43.089333333333336,-79.0749055,False,0.1
IMG_2373.HEIC,,86E53FF2-89AD-4736-A497-C1BC2F4FF8AD,_/IMG_2373_edited (10).heic.xmp,True,221524945.31400013,,,Unknown,False,False,,28.408216699999997,-81.46275279999999,-180.0,-180.0,True,0.1
IMG_2373.HEIC,,4F047AD8-2DE8-4D73-AB3F-B9AEAEBCB85F,_/IMG_2373_edited (9).heic.xmp,True,206989967.42000008,,,Unknown,False,False,,28.408216699999997,-81.46275279999999,-180.0,-180.0,True,0.1
IMG_2373.HEIC,,1E6FA288-5D3E-47EE-9AA5-5D72ED9D7AAC,_/IMG_2373_edited (8).heic.xmp,True,180562121.39100003,,,Unknown,False,False,,28.408216699999997,-81.46275279999999,-180.0,-180.0,True,0.1
IMG_2373.HEIC,,CFFD0344-0FED-4CDF-AB75-7A6641794B48,_/IMG_2373_edited (6).heic.xmp,True,156398224.42799997,,,Unknown,False,False,,28.408216699999997,-81.46275279999999,-180.0,-180.0,True,0.1
IMG_2373.HEIC,,78823C9E-BF79-433B-8024-BA70A8026116,_/IMG_2373_edited (4).heic.xmp,True,139453530.34399986,,,Unknown,False,False,,28.408216699999997,-81.46275279999999,-180.0,-180.0,True,0.1
IMG_2373.HEIC,,A351203D-76B4-4A0E-A4FC-A447E1B8E47D,_/IMG_2373_edited (3).heic.xmp,True,117748334.96660519,,,Unknown,False,False,,28.408216699999997,-81.46275279999999,-180.0,-180.0,True,0.1
IMG_2373.HEIC,,E693C29F-24C5-4F06-A2B1-BFB2CD1FF832,_/IMG_2373 (1).HEIC.xmp,True,110666031.31905603,,,Unknown,False,False,,28.408216699999997,-81.46275279999999,-180.0,-180.0,True,0.1
IMG_2373.HEIC,,32B20F7A-5B39-479D-B450-7BE2E9CD9EEC,_/IMG_2373.HEIC.xmp,True,79906890.52451539,,,Unknown,False,False,,28.408216699999997,-81.46275279999999,-180.0,-180.0,True,0.1
IMG_2442.MOV,,B42568ED-1E9E-4C30-85D9-6BF04D383BBE,_/IMG_2442 (2).MOV.xmp,True,142630173.0,,,Unknown,False,False,,28.409699999999997,-81.4639,43.0796,-79.081,False,0.1
IMG_2442.MOV,,7DA8CD60-28F1-41EE-ABDE-4D701C9FA88A,_/IMG_2442 (4).MOV.xmp,True,221589718.0,,,Unknown,False,False,,28.409699999999997,-81.4639,-180.0,-180.0,True,0.1
IMG_2278.HEIC,,6504F2A9-DB65-4ACD-A211-5F2491593873,_/IMG_2278 (4).HEIC.xmp,True,142029971.15999985,,,Unknown,False,False,,28.4108,-81.461,33.78182,-84.38047833333333,False,0.1
IMG_2278.HEIC,,A1EEFFBD-0FA3-494E-AD84-92524FB87AB0,_/IMG_2278_edited (9).heic.xmp,True,221449033.0710001,,,Unknown,False,False,,28.4108,-81.461,-180.0,-180.0,True,0.1
IMG_2278.HEIC,,A7F2C1CF-DFF7-49E2-8BD9-BA93A2E7E355,_/IMG_2278_edited (8).heic.xmp,True,206996359.18799996,,,Unknown,False,False,,28.4108,-81.461,-180.0,-180.0,True,0.1
IMG_2278.HEIC,,B15665F2-1FA8-40F6-8C57-1B1C47F7C96E,_/IMG_2278_edited (3).heic.xmp,True,139443496.26699996,,,Unknown,False,False,,28.4108,-81.461,-180.0,-180.0,True,0.1
IMG_2278.HEIC,,07EB947E-1B91-4F6A-B5BD-DE6E1BCECF3B,_/IMG_2278_edited (2).heic.xmp,True,117666657.26264286,,,Unknown,False,False,,28.4108,-81.461,-180.0,-180.0,True,0.1
IMG_2278.HEIC,,3F510E57-5F9B-4C9E-A4D7-70DA9EE0DFE1,_/IMG_2278_edited (1).heic.xmp,True,110662183.02575064,,,Unknown,False,False,,28.4108,-81.461,-180.0,-180.0,True,0.1
IMG_2278.HEIC,,1F59CEAE-A995-4A0F-838B-BAE18EAF190D,_/IMG_2278.HEIC.xmp,True,79914572.19123411,,,Unknown,False,False,,28.4108,-81.461,-180.0,-180.0,True,0.1
IMG_2317.HEIC,,3E449328-51AA-4560-B5BC-F47EDBBD9B15,_/IMG_2317 (3).HEIC.xmp,True,142489381.44700003,,,Unknown,False,False,,28.4107,-81.4604,43.083875,-79.07133616666667,False,0.1
IMG_2317.HEIC,,EC426C4A-EEEA-4440-99D2-9AB91A94DD03,_/IMG_2317_edited (6).heic.xmp,True,221458378.09599996,,,Unknown,False,False,,28.4107,-81.4604,-180.0,-180.0,True,0.1
IMG_2317.HEIC,,4E9524C6-C247-4852-A916-A09F9644B88E,_/IMG_2317_edited (2).heic.xmp,True,117746208.65099168,,,Unknown,False,False,,28.4107,-81.4604,-180.0,-180.0,True,0.1
IMG_2317.HEIC,,3A07E1DF-F1BE-4267-9C88-56D7D10ADC37,_/IMG_2317 (1).HEIC.xmp,True,110659279.65872908,,,Unknown,False,False,,28.4107,-81.4604,-180.0,-180.0,True,0.1
IMG_2317.HEIC,,3F89E842-330A-4294-AA32-EF5ACF98BBEE,_/IMG_2317_edited.heic.xmp,True,79912033.02144027,,,Unknown,False,False,,28.4107,-81.4604,-180.0,-180.0,True,0.1
IMG_8718.HEIC,,1275869D-D29D-47BB-9868-63C3720C785D,_/IMG_8718_edited (4).heic.xmp,True,166349629.73899984,,,Unknown,False,False,,0.0,0.0,-180.0,-180.0,False,0.1
IMG_8718.HEIC,,81C4ECDE-19D3-45B0-B2F0-0CC26EC38A66,_/IMG_8718_edited (2).heic.xmp,True,132987927.93599987,,,Unknown,False,False,,0.0,0.0,-180.0,-180.0,False,0.1
IMG_2407.HEIC,,23CB46C1-B61B-4F41-9DD7-2F06D94CA55C,_/IMG_2407_edited (7).heic.xmp,True,221530388.25099993,,,Unknown,False,False,,28.4099,-81.4626,-180.0,-180.0,True,0.1
IMG_2407.HEIC,,54E29716-4E90-49E9-B4E7-26F27EE79C65,_/IMG_2407_edited (5).heic.xmp,True,180570362.681,,,Unknown,False,False,,28.4099,-81.4626,-180.0,-180.0,True,0.1
IMG_2407.HEIC,,6CE6CB6B-0965-459F-9AA4-3403C4E2932B,_/IMG_2407_edited (4).heic.xmp,True,171792561.88100004,,,Unknown,False,False,,28.4099,-81.4626,-180.0,-180.0,True,0.1
IMG_2407.HEIC,,0A6B24FD-8E55-47CE-96EE-86EFBDDF997A,_/IMG_2407_edited (2).heic.xmp,True,139609806.66799998,,,Unknown,False,False,,28.4099,-81.4626,-180.0,-180.0,True,0.1
IMG_2407.HEIC,,008C9FE5-2FAA-4339-AD2D-B6C6B739A6B0,_/IMG_2407 (1).HEIC.xmp,True,110667191.34240961,,,Unknown,False,False,,28.4099,-81.4626,-180.0,-180.0,True,0.1
IMG_2407.HEIC,,B2E0C191-5BA1-494B-B272-66DC3595CFEF,_/IMG_2407.HEIC.xmp,True,79907300.1591785,,,Unknown,False,False,,28.4099,-81.4626,-180.0,-180.0,True,0.1
IMG_2388.HEIC,,6FC588A0-66F5-4742-9198-CC6C145F62AC,_/IMG_2388_edited (4).heic.xmp,True,142625372.14300013,,,Unknown,False,False,,28.4083944,-81.4624944,43.088902833333336,-79.0757445,False,0.1
IMG_2388.HEIC,,3A64C18E-344D-4BD0-A770-BC3D6F86C7B2,_/IMG_2388_edited (8).heic.xmp,True,221526547.78499985,,,Unknown,False,False,,28.4083944,-81.4624944,-180.0,-180.0,True,0.1
IMG_2388.HEIC,,D1E05D42-585B-4785-A090-271EAD2ABC86,_/IMG_2388_edited (6).heic.xmp,True,180564619.15199995,,,Unknown,False,False,,28.4083944,-81.4624944,-180.0,-180.0,True,0.1
IMG_2388.HEIC,,AA0CB157-B731-4B23-AB2B-AF0CDB9DF300,_/IMG_2388_edited (2).heic.xmp,True,117748511.54983282,,,Unknown,False,False,,28.4083944,-81.4624944,-180.0,-180.0,True,0.1
IMG_2388.HEIC,,7E4D34D8-1732-47FF-8DB7-B98FE4DB7461,_/IMG_2388_edited (1).heic.xmp,True,110667285.80678606,,,Unknown,False,False,,28.4083944,-81.4624944,-180.0,-180.0,True,0.1
IMG_2388.HEIC,,B0CB07DE-59F3-4C9A-B6D0-6E2EA47A49FF,_/IMG_2388.HEIC.xmp,True,79907752.78149366,,,Unknown,False,False,,28.4083944,-81.4624944,-180.0,-180.0,True,0.1
IMG_2283.HEIC,,693EA65C-7062-49D6-BFBC-52AF62906D87,_/IMG_2283_edited (8).heic.xmp,True,221449061.11399984,,,Unknown,False,False,,28.4108,-81.461,-180.0,-180.0,True,0.1
IMG_2283.HEIC,,87B61260-B9B8-46EC-ACE9-78E757461E5C,_/IMG_2283_edited (3).heic.xmp,True,139443627.033,,,Unknown,False,False,,28.4108,-81.461,-180.0,-180.0,True,0.1
IMG_2283.HEIC,,B53FF76E-85EC-47F6-9663-E2EC90BECFD0,_/IMG_2283_edited (1).heic.xmp,True,110662188.79600573,,,Unknown,False,False,,28.4108,-81.461,-180.0,-180.0,True,0.1
IMG_2283.HEIC,,DFEF5BA9-5C08-4B5B-876F-013B57836B49,_/IMG_2283_edited.heic.xmp,True,79914582.95768976,,,Unknown,False,False,,28.4108,-81.461,-180.0,-180.0,True,0.1
IMG_2340.HEIC,,9FA5BEB1-ADA3-4040-BC1E-83C9314D363C,_/IMG_2340 (5).HEIC.xmp,True,142489866.97300005,,,Unknown,False,False,,28.4109278,-81.4603278,43.083636166666665,-79.07096116666666,False,0.1
IMG_2340.HEIC,,51DB4A8D-A04C-40EF-95EE-0E1D94904A0B,_/IMG_2340_edited (7).heic.xmp,True,180564058.06099987,,,Unknown,False,False,,28.4109278,-81.4603278,-180.0,-180.0,True,0.1
IMG_2340.HEIC,,300F275C-A087-4999-BF15-7D814D101C2D,_/IMG_2340_edited (4).heic.xmp,True,139457740.45300007,,,Unknown,False,False,,28.4109278,-81.4603278,-180.0,-180.0,True,0.1
IMG_2340.HEIC,,4D9E697B-5368-4211-BEC8-8BAF0809705E,_/IMG_2340_edited (3).heic.xmp,True,117749269.9480114,,,Unknown,False,False,,28.4109278,-81.4603278,-180.0,-180.0,True,0.1
IMG_2340.HEIC,,55CFEA7A-81BB-41DE-B987-CA7C830CB2FC,_/IMG_2340 (1).HEIC.xmp,True,79913110.33812809,,,Unknown,False,False,,28.4109278,-81.4603278,-180.0,-180.0,True,0.1
IMG_2340.HEIC,,077FB712-780D-41B5-A6EC-9591D293D3CF,_/IMG_2340_edited.heic.xmp,True,60826757.74818659,,,Unknown,False,False,,28.4109278,-81.4603278,-180.0,-180.0,True,0.1
IMG_2324.HEIC,,5D87D534-B116-43F7-9FF0-303E42C42162,_/IMG_2324 (3).HEIC.xmp,True,142489525.23000002,,,Unknown,False,False,,28.410899999999998,-81.4602,43.083866666666665,-79.07118333333334,False,0.1
IMG_2324.HEIC,,91B5F7BB-F879-42F6-B76D-C9DD5EBCAFAD,_/IMG_2324_edited (6).heic.xmp,True,206994050.52600002,,,Unknown,False,False,,28.410899999999998,-81.4602,-180.0,-180.0,True,0.1
IMG_2324.HEIC,,80352168-511E-4620-B689-C4026047BAF0,_/IMG_2324_edited.heic.xmp,True,79912219.77329731,,,Unknown,False,False,,28.410899999999998,-81.4602,-180.0,-180.0,True,0.1
IMG_2352.HEIC,,DBC2A81E-D803-45CF-9700-14001A949463,_/IMG_2352_edited (7).heic.xmp,True,221525448.37199998,,,Unknown,False,False,,28.412152799999998,-81.4601972,-180.0,-180.0,True,0.1
IMG_2352.HEIC,,64ED7183-177A-48B0-B41E-8199C284A884,_/IMG_2352_edited (6).heic.xmp,True,206992546.0079999,,,Unknown,False,False,,28.412152799999998,-81.4601972,-180.0,-180.0,True,0.1
IMG_2352.HEIC,,96D8DDB1-56F6-4EC7-8A87-8CA88E06AD0E,_/IMG_2352_edited (3).heic.xmp,True,139455162.4790001,,,Unknown,False,False,,28.412152799999998,-81.4601972,-180.0,-180.0,True,0.1
IMG_2352.HEIC,,C0295684-46FC-4BC0-8864-59E6131BEE0D,_/IMG_2352_edited (2).heic.xmp,True,117752161.80443883,,,Unknown,False,False,,28.412152799999998,-81.4601972,-180.0,-180.0,True,0.1
IMG_2352.HEIC,,77A42AA5-1378-4D4D-A983-DE31179BB680,_/IMG_2352 (1).HEIC.xmp,True,110667478.57697725,,,Unknown,False,False,,28.412152799999998,-81.4601972,-180.0,-180.0,True,0.1
IMG_2352.HEIC,,59BED5AC-CA98-47DD-AC90-FBAF88D379F3,_/IMG_2352.HEIC.xmp,True,79910291.37402678,,,Unknown,False,False,,28.412152799999998,-81.4601972,-180.0,-180.0,True,0.1
IMG_2336.HEIC,,B375BBF8-E416-4596-BBA3-295B5D0274AF,_/IMG_2336 (4).HEIC.xmp,True,142489726.454,,,Unknown,False,False,,28.4109083,-81.4602972,43.08365,-79.07096116666666,False,0.1
IMG_2336.HEIC,,22E12489-CEDD-4CE5-BF6B-4BC548884453,_/IMG_2336_edited (7).heic.xmp,True,206994061.22599983,,,Unknown,False,False,,28.4109083,-81.4602972,-180.0,-180.0,True,0.1
IMG_2336.HEIC,,BC8D2280-4A11-4579-9D9E-28981887792D,_/IMG_2336_edited (6).heic.xmp,True,180564090.38100004,,,Unknown,False,False,,28.4109083,-81.4602972,-180.0,-180.0,True,0.1
IMG_2336.HEIC,,B09401C2-7981-4E62-8468-CADED701933D,_/IMG_2336_edited (3).heic.xmp,True,139457730.27999997,,,Unknown,False,False,,28.4109083,-81.4602972,-180.0,-180.0,True,0.1
IMG_2336.HEIC,,2E7ADA32-00EE-4B73-9BDE-C6509AB9A511,_/IMG_2336 (1).HEIC.xmp,True,79913155.03534079,,,Unknown,False,False,,28.4109083,-81.4602972,-180.0,-180.0,True,0.1
IMG_2336.HEIC,,D1C1C0B3-3440-4861-B31E-806A57FAE781,_/IMG_2336.HEIC.xmp,True,60826788.400074005,,,Unknown,False,False,,28.4109083,-81.4602972,-180.0,-180.0,True,0.1
IMG_2444.MOV,,6C8722FF-B7AE-4FDA-A07F-A532B4434279,_/IMG_2444 (2).MOV.xmp,True,142629901.0,,,Unknown,False,False,,28.409599999999998,-81.46379999999999,43.0796,-79.0812,False,0.1
IMG_2444.MOV,,34C2E837-7BC1-4363-8D7E-2D1C2AE3F4D8,_/IMG_2444 (3).MOV.xmp,True,180643469.0,,,Unknown,False,False,,28.409599999999998,-81.46379999999999,-180.0,-180.0,True,0.1
IMG_2444.MOV,,D0D888E1-A98A-40F6-8FC3-3C25C1E8997C,_/IMG_2444.MOV.xmp,True,61342963.0,,,Unknown,False,False,,28.409599999999998,-81.46379999999999,-180.0,-180.0,True,0.1
IMG_8717.MOV,,812EE5E9-1351-4053-A05C-84BCF576D9BF,_/IMG_8717 (5).MOV.xmp,True,199422556.0,,,Unknown,False,False,,0.0,0.0,-180.0,-180.0,False,0.1
IMG_8717.MOV,,45C69DA2-70D8-485C-B41A-5496B1FE6DDF,_/IMG_8717 (4).MOV.xmp,True,174036803.0,,,Unknown,False,False,,0.0,0.0,-180.0,-180.0,False,0.1
IMG_8717.MOV,,B6C3F5BF-BAF7-47CB-9A3E-3A307F54206D,_/IMG_8717 (2).MOV.xmp,True,149126373.0,,,Unknown,False,False,,0.0,0.0,-180.0,-180.0,False,0.1
IMG_2415.HEIC,,A1D7787E-5740-4017-9FB8-DA717260BB3E,_/IMG_2415 (4).HEIC.xmp,True,142625740.83500004,,,Unknown,False,False,,28.409799999999997,-81.4626,43.0861445,-79.07938333333334,False,0.1
IMG_2415.HEIC,,9EAD8028-378C-4728-98C2-15FDDE91A339,_/IMG_2415_edited (8).heic.xmp,True,221533561.46600008,,,Unknown,False,False,,28.409799999999997,-81.4626,-180.0,-180.0,True,0.1
IMG_2415.HEIC,,1FAEE09E-5DE0-4F64-A6D0-E887B123B12C,_/IMG_2415_edited (3).heic.xmp,True,139610526.35699987,,,Unknown,False,False,,28.409799999999997,-81.4626,-180.0,-180.0,True,0.1
IMG_2415.HEIC,,8FDCFD5E-965A-43F8-B410-C4D5605C1091,_/IMG_2415_edited (2).heic.xmp,True,117927311.1243012,,,Unknown,False,False,,28.409799999999997,-81.4626,-180.0,-180.0,True,0.1
IMG_2415.HEIC,,B66273A7-006D-4673-A493-04E4D02F6B40,_/IMG_2415 (1).HEIC.xmp,True,110667179.84408617,,,Unknown,False,False,,28.409799999999997,-81.4626,-180.0,-180.0,True,0.1
IMG_2415.HEIC,,B4E2222D-36C6-4F90-B763-1D04D51B438B,_/IMG_2415.HEIC.xmp,True,79907321.76316428,,,Unknown,False,False,,28.409799999999997,-81.4626,-180.0,-180.0,True,0.1
IMG_2305.HEIC,,5D243858-EA5E-4BF2-888C-18A8AF9EB232,_/IMG_2305_edited (9).heic.xmp,True,221460563.43900013,,,Unknown,False,False,,28.4107,-81.4605,-180.0,-180.0,True,0.1
IMG_2305.HEIC,,08D39EE8-D83A-41D8-B24F-01B78A3FA45C,_/IMG_2305_edited (8).heic.xmp,True,206998240.08800006,,,Unknown,False,False,,28.4107,-81.4605,-180.0,-180.0,True,0.1
IMG_2305.HEIC,,A7ED5211-CBAD-4912-B2DF-996F279070CB,_/IMG_2305_edited (7).heic.xmp,True,180547175.00300002,,,Unknown,False,False,,28.4107,-81.4605,-180.0,-180.0,True,0.1
IMG_2305.HEIC,,0C1CEA86-C4B6-4741-9388-EF047836793F,_/IMG_2305_edited (3).heic.xmp,True,139443514.7290001,,,Unknown,False,False,,28.4107,-81.4605,-180.0,-180.0,True,0.1
IMG_2305.HEIC,,432C59AA-8E10-4749-AEAB-7ED1A7BB6FE1,_/IMG_2305 (1).HEIC.xmp,True,79916317.60039091,,,Unknown,False,False,,28.4107,-81.4605,-180.0,-180.0,True,0.1
IMG_8810.mov,,30CEA08C-1748-4392-8E28-044F201DE773,_/IMG_8810 (4).MOV.xmp,True,149092466.0,,,Unknown,False,False,,0.0,0.0,-180.0,-180.0,False,0.1
IMG_8810.mov,,80F751B2-B34F-4BA7-87CE-45E2B52B7404,_/IMG_8810 (1).MOV.xmp,True,97174914.0,,,Unknown,False,False,,0.0,0.0,-180.0,-180.0,False,0.1
IMG_2431.HEIC,,E5078C5A-21E1-4B2E-9E96-89D9106387AA,_/IMG_2431 (2).heic.xmp,True,115394770.13399982,,,Unknown,False,False,,28.41125,-81.46301389999999,-180.0,-180.0,True,0.1
IMG_2431.HEIC,,9D41BA81-8F45-4AA7-8002-849AEC2D085D,_/IMG_2431 (4).HEIC.xmp,True,142629251.27999997,,,Unknown,False,False,,28.41125,-81.46301389999999,43.083558333333336,-79.085075,False,0.1
IMG_2431.HEIC,,7BFFE48A-A9F8-4E15-836E-3D6259749E19,_/IMG_2431_edited (8).heic.xmp,True,221533019.73000002,,,Unknown,False,False,,28.41125,-81.46301389999999,-180.0,-180.0,True,0.1
IMG_2431.HEIC,,D4E6D8AA-34E5-4FA8-B2E0-BFBB54463210,_/IMG_2431_edited (7).heic.xmp,True,207046320.1040001,,,Unknown,False,False,,28.41125,-81.46301389999999,-180.0,-180.0,True,0.1
IMG_2431.HEIC,,8C7FABCA-AEFA-40FD-9345-9D73BE33EC08,_/IMG_2431 (1).HEIC.xmp,True,79906192.68341947,,,Unknown,False,False,,28.41125,-81.46301389999999,-180.0,-180.0,True,0.1
IMG_2431.HEIC,,275AC712-11A1-41B7-8BDB-340605FDFC81,_/IMG_2431.HEIC.xmp,True,61254267.82348013,,,Unknown,False,False,,28.41125,-81.46301389999999,-180.0,-180.0,True,0.1
IMG_8809.mov,,B9A8C9FB-5247-4499-9BB8-055261F7DC0F,_/IMG_8809 (5).MOV.xmp,True,166648209.0,,,Unknown,False,False,,0.0,0.0,-180.0,-180.0,False,0.1
IMG_8809.mov,,6149DBF1-8EF9-4C91-AB23-4A2A73F7165B,_/IMG_8809 (1).MOV.xmp,True,97174930.0,,,Unknown,False,False,,0.0,0.0,-180.0,-180.0,False,0.1
IMG_2286.HEIC,,65381571-EB26-40F5-AA9F-1AD908D52D9D,_/IMG_2286_edited (6).heic.xmp,True,221449078.29799986,,,Unknown,False,False,,28.410775,-81.4609917,-180.0,-180.0,True,0.1
IMG_2286.HEIC,,5C605EA9-00C5-4887-8232-D7703E0650CB,_/IMG_2286_edited (3).heic.xmp,True,139443628.34299994,,,Unknown,False,False,,28.410775,-81.4609917,-180.0,-180.0,True,0.1
IMG_2286.HEIC,,8C3E13E2-891C-414F-8415-4A5E49D5D324,_/IMG_2286_edited (1).heic.xmp,True,110662192.53012323,,,Unknown,False,False,,28.410775,-81.4609917,-180.0,-180.0,True,0.1
IMG_2286.HEIC,,8F3C8E94-F9C3-4ABD-AD36-FEE5B9E639A0,_/IMG_2286_edited.heic.xmp,True,79914587.36297941,,,Unknown,False,False,,28.410775,-81.4609917,-180.0,-180.0,True,0.1
IMG_2345.HEIC,,BEA53B97-A0B8-4FCC-8D3D-378257849DF1,_/IMG_2345_edited (8).heic.xmp,True,221524033.53200006,,,Unknown,False,False,,28.4121,-81.4602,-180.0,-180.0,True,0.1
IMG_2345.HEIC,,9D5B7EB5-C8B6-49ED-BCDA-F36E7AAF14ED,_/IMG_2345_edited (7).heic.xmp,True,206992560.86100006,,,Unknown,False,False,,28.4121,-81.4602,-180.0,-180.0,True,0.1
IMG_2345.HEIC,,4C68EA65-F3A8-48E6-ACF1-A8727AD1F93D,_/IMG_2345_edited (6).heic.xmp,True,180561609.67600012,,,Unknown,False,False,,28.4121,-81.4602,-180.0,-180.0,True,0.1
IMG_2345.HEIC,,C4F3C462-DC5C-40B7-A6E6-10BDC0A20C56,_/IMG_2345_edited (3).heic.xmp,True,139455180.19899988,,,Unknown,False,False,,28.4121,-81.4602,-180.0,-180.0,True,0.1
IMG_2345.HEIC,,78CEDE76-12E9-48B2-999F-5C713183381A,_/IMG_2345_edited (2).heic.xmp,True,117752385.4308331,,,Unknown,False,False,,28.4121,-81.4602,-180.0,-180.0,True,0.1
IMG_2345.HEIC,,499C7C2E-C817-4C41-9382-A3709DC0961E,_/IMG_2345_edited (1).heic.xmp,True,110664096.0314331,,,Unknown,False,False,,28.4121,-81.4602,-180.0,-180.0,True,0.1
IMG_2345.HEIC,,FD457AD5-54C5-404E-9147-244F32D81E8B,_/IMG_2345.HEIC.xmp,True,79910531.20691776,,,Unknown,False,False,,28.4121,-81.4602,-180.0,-180.0,True,0.1
IMG_8741.MOV,,EACA053C-1C22-42D9-BF25-B3B725D662CF,_/IMG_8741 (4).MOV.xmp,True,199406250.0,,,Unknown,False,False,,0.0,0.0,-180.0,-180.0,False,0.1
IMG_8741.MOV,,92F469C3-5FB9-4ADB-9BBC-A9A844E20428,_/IMG_8741 (3).MOV.xmp,True,174083215.0,,,Unknown,False,False,,0.0,0.0,-180.0,-180.0,False,0.1
IMG_2321.HEIC,,77598DAE-DFD5-48B0-8330-DBCF7A1E8BCE,_/IMG_2321_edited (7).heic.xmp,True,206994027.08200002,,,Unknown,False,False,,28.410899999999998,-81.4602,-180.0,-180.0,True,0.1
IMG_2321.HEIC,,2F0AFF73-3406-453D-8D44-88EF99027C39,_/IMG_2321_edited (6).heic.xmp,True,180560182.27199984,,,Unknown,False,False,,28.410899999999998,-81.4602,-180.0,-180.0,True,0.1
IMG_2321.HEIC,,64415536-7E14-41D1-A2EB-2F1E91F12CCC,_/IMG_2321_edited (3).heic.xmp,True,117747860.13842177,,,Unknown,False,False,,28.410899999999998,-81.4602,-180.0,-180.0,True,0.1
IMG_2321.HEIC,,B6DD368C-FC87-4E67-98FE-D75F6D682050,_/IMG_2321_edited (1).heic.xmp,True,79912027.72628188,,,Unknown,False,False,,28.410899999999998,-81.4602,-180.0,-180.0,True,0.1
IMG_2321.HEIC,,0453A21D-CB8C-4FE7-98B7-FCB378B62384,_/IMG_2321_edited.heic.xmp,True,60807829.856545925,,,Unknown,False,False,,28.410899999999998,-81.4602,-180.0,-180.0,True,0.1
IMG_2376.HEIC,,2C718AE8-EA52-4431-A923-FA537CF58180,_/IMG_2376_edited (5).heic.xmp,True,142625251.23899984,,,Unknown,False,False,,28.408224999999998,-81.46273889999999,43.089338833333336,-79.07488333333333,False,0.1
IMG_2376.HEIC,,676B25C1-848F-4DA2-901E-CD810A36586B,_/IMG_2376_edited (9).heic.xmp,True,221525088.97599983,,,Unknown,False,False,,28.408224999999998,-81.46273889999999,-180.0,-180.0,True,0.1
IMG_2376.HEIC,,B4B59C41-23DA-4CFF-965A-A348C86AB0EE,_/IMG_2376_edited (4).heic.xmp,True,139453523.97399998,,,Unknown,False,False,,28.408224999999998,-81.46273889999999,-180.0,-180.0,True,0.1
IMG_2376.HEIC,,E8DBDD15-FD9F-4AFA-BF68-D8ABB44F817D,_/IMG_2376_edited (3).heic.xmp,True,117748323.56209517,,,Unknown,False,False,,28.408224999999998,-81.46273889999999,-180.0,-180.0,True,0.1
IMG_2376.HEIC,,88A1F659-3ACE-4D08-98B4-40038786E931,_/IMG_2376 (2).HEIC.xmp,True,114658034.87300014,,,Unknown,False,False,,28.408224999999998,-81.46273889999999,27.356895,-82.47260333333334,False,0.1
IMG_2376.HEIC,,1B1AF577-EFA5-4514-8629-D601FC90FCE7,_/IMG_2376 (1).HEIC.xmp,True,110666034.05433798,,,Unknown,False,False,,28.408224999999998,-81.46273889999999,-180.0,-180.0,True,0.1
IMG_2376.HEIC,,10A56F71-D0FA-4604-97F6-F57F46F2F885,_/IMG_2376.HEIC.xmp,True,79906922.26198459,,,Unknown,False,False,,28.408224999999998,-81.46273889999999,-180.0,-180.0,True,0.1
IMG_8779.HEIC,,ED58F657-7546-4FA9-B703-18B1CA598611,_/IMG_8779_edited (7).heic.xmp,True,199427518.48000002,,,Unknown,False,False,,0.0,0.0,-180.0,-180.0,False,0.1
IMG_8779.HEIC,,6AB9E3A6-9759-4814-91B2-4DCBDD914E9E,_/IMG_8779_edited (5).heic.xmp,True,166673431.45799994,,,Unknown,False,False,,0.0,0.0,-180.0,-180.0,False,0.1
IMG_8779.HEIC,,F2FD8D2B-5C42-414F-B9D9-88FE771D60D3,_/IMG_8779_edited (4).heic.xmp,True,149118061.82200003,,,Unknown,False,False,,0.0,0.0,-180.0,-180.0,False,0.1
IMG_8779.HEIC,,196036AA-C118-4972-83E7-7EAD59596794,_/IMG_8779_edited (3).heic.xmp,True,132980944.11800003,,,Unknown,False,False,,0.0,0.0,-180.0,-180.0,False,0.1
IMG_8779.HEIC,,73DD37D0-C872-496B-82B5-ADFC9A4BE4C0,_/IMG_8779_edited (2).heic.xmp,True,113446365.9666996,,,Unknown,False,False,,0.0,0.0,-180.0,-180.0,False,0.1
IMG_8779.HEIC,,11D2F970-7A15-45A5-BB8D-C9141666AB5D,_/IMG_8779 (1).HEIC.xmp,True,97192860.94398427,,,Unknown,False,False,,0.0,0.0,-180.0,-180.0,False,0.1
IMG_8779.HEIC,,5421CB93-6EFE-46E0-B627-02A95F66EC17,_/IMG_8779.HEIC.xmp,True,75873279.49965,,,Unknown,False,False,,0.0,0.0,-180.0,-180.0,False,0.1
IMG_8807.HEIC,,C709CA13-F47C-430E-9A49-57EADDEDD966,_/IMG_8807_edited (6).heic.xmp,True,174082353.15899992,,,Unknown,False,False,,0.0,0.0,-180.0,-180.0,False,0.1
IMG_8807.HEIC,,28E17BCA-C3F8-4F40-BC37-C4267C4B28EA,_/IMG_8807_edited (4).heic.xmp,True,132973585.10800004,,,Unknown,False,False,,0.0,0.0,-180.0,-180.0,False,0.1
IMG_8807.HEIC,,7400CFD1-8E52-492F-A1F1-2D3AF79719B3,_/IMG_8807_edited (3).heic.xmp,True,113437836.22238922,,,Unknown,False,False,,0.0,0.0,-180.0,-180.0,False,0.1
IMG_8807.HEIC,,2703A478-DE82-4631-8B40-ABD82676816D,_/IMG_8807 (1).HEIC.xmp,True,75864623.57802463,,,Unknown,False,False,,0.0,0.0,-180.0,-180.0,False,0.1
IMG_8807.HEIC,,0574741A-F3C9-44A7-B510-41A10EE4F70F,_/IMG_8807.HEIC.xmp,True,50261137.8210001,,,Unknown,False,False,,0.0,0.0,-180.0,-180.0,False,0.1
IMG_2364.HEIC,,DC35EA29-25FE-4510-8541-4F93FD2E49E5,_/IMG_2364 (2).heic.xmp,True,115438513.19299984,,,Unknown,False,False,,28.408261099999997,-81.4626083,37.81033,-122.477555,False,0.1
IMG_2364.HEIC,,04ABB037-F63F-4F87-A7E7-6EBF90C0E2E7,_/IMG_2364_edited (10).heic.xmp,True,221521958.58299994,,,Unknown,False,False,,28.408261099999997,-81.4626083,-180.0,-180.0,True,0.1
IMG_2364.HEIC,,3774C039-E5EC-4C39-BE58-A8F8ED4EC009,_/IMG_2364_edited (9).heic.xmp,True,206989374.19000006,,,Unknown,False,False,,28.408261099999997,-81.4626083,-180.0,-180.0,True,0.1
IMG_2364.HEIC,,E3C54B5C-4379-4681-B0E1-956F839479C9,_/IMG_2364_edited (8).heic.xmp,True,180561085.12599993,,,Unknown,False,False,,28.408261099999997,-81.4626083,-180.0,-180.0,True,0.1
IMG_2364.HEIC,,EACD928F-2BE2-42FA-A6AA-C3D80EFE4768,_/IMG_2364_edited (6).heic.xmp,True,156385211.19500017,,,Unknown,False,False,,28.408261099999997,-81.4626083,-180.0,-180.0,True,0.1
IMG_2364.HEIC,,E004C4AD-5446-4C2B-A8BA-B36144E5C405,_/IMG_2364_edited (4).heic.xmp,True,139452757.35699987,,,Unknown,False,False,,28.408261099999997,-81.4626083,-180.0,-180.0,True,0.1
IMG_2364.HEIC,,792424ED-74E5-4E85-96D6-72A96DAFAE85,_/IMG_2364_edited (3).heic.xmp,True,117748415.14989257,,,Unknown,False,False,,28.408261099999997,-81.4626083,-180.0,-180.0,True,0.1
IMG_2364.HEIC,,9DB41B86-373A-4407-895D-13C78BA14495,_/IMG_2364.HEIC.xmp,True,79906970.78636956,,,Unknown,False,False,,28.408261099999997,-81.4626083,-180.0,-180.0,True,0.1
IMG_2300.HEIC,,2A890A02-DAC1-431E-9E4C-B9364DB0D1FE,_/IMG_2300 (6).HEIC.xmp,True,142298121.05200005,,,Unknown,False,False,,28.4106,-81.4605,34.70247833333333,-83.73664666666667,False,0.1
IMG_2300.HEIC,,F3E7F610-3B61-4185-8C31-46CF2B42F795,_/IMG_2300_edited (9).heic.xmp,True,206998212.90600014,,,Unknown,False,False,,28.4106,-81.4605,-180.0,-180.0,True,0.1
IMG_2300.HEIC,,E47DED64-16D7-4D67-B3BC-376C84ACCD91,_/IMG_2300_edited (8).heic.xmp,True,171803553.17199993,,,Unknown,False,False,,28.4106,-81.4605,-180.0,-180.0,True,0.1
IMG_2300.HEIC,,EF8F6048-C16B-4B8A-A1CF-2EF87AFD7B31,_/IMG_2300_edited (5).heic.xmp,True,139443517.31400013,,,Unknown,False,False,,28.4106,-81.4605,-180.0,-180.0,True,0.1
IMG_2300.HEIC,,C6FC9A9B-78FC-4D45-9081-AEC09D8508ED,_/IMG_2300 (3).HEIC.xmp,True,110662280.86155319,,,Unknown,False,False,,28.4106,-81.4605,-180.0,-180.0,True,0.1
IMG_2300.HEIC,,43CEE396-B283-488A-B1A7-9CE15A0D892A,_/IMG_2300 (2).HEIC.xmp,True,79916318.99148989,,,Unknown,False,False,,28.4106,-81.4605,-180.0,-180.0,True,0.1
IMG_2357.HEIC,,FF5E1EA7-CDEE-41B2-9B6B-CD47D4ACE200,_/IMG_2357_edited (10).heic.xmp,True,221521923.02199984,,,Unknown,False,False,,28.408447199999998,-81.4627139,-180.0,-180.0,True,0.1
IMG_2357.HEIC,,33411933-E4AC-46C8-A8FE-69B5DE4D4EBB,_/IMG_2357_edited (9).heic.xmp,True,206989059.09399986,,,Unknown,False,False,,28.408447199999998,-81.4627139,-180.0,-180.0,True,0.1
IMG_2357.HEIC,,7595DA0C-6BE5-4D1C-90CD-24BCFFE63560,_/IMG_2357_edited (8).heic.xmp,True,180560343.56400013,,,Unknown,False,False,,28.408447199999998,-81.4627139,-180.0,-180.0,True,0.1
IMG_2357.HEIC,,EC685510-6560-446B-A542-2DBDDD0CEC9F,_/IMG_2357_edited (4).heic.xmp,True,139451563.61100006,,,Unknown,False,False,,28.408447199999998,-81.4627139,-180.0,-180.0,True,0.1
IMG_2357.HEIC,,1CDE24A7-9B58-4B7C-B5FC-A8B0D7F87BA9,_/IMG_2357_edited (3).heic.xmp,True,117748443.60546112,,,Unknown,False,False,,28.408447199999998,-81.4627139,-180.0,-180.0,True,0.1
IMG_2357.HEIC,,9C89522B-A5A1-458C-BC22-61913A4DE5EA,_/IMG_2357 (2).HEIC.xmp,True,110663788.20434618,,,Unknown,False,False,,28.408447199999998,-81.4627139,-180.0,-180.0,True,0.1
IMG_2448.MOV,,0B704420-9806-4C9D-9F5D-00DF45EB6B1A,_/IMG_2448 (7).MOV.xmp,True,221593248.0,,,Unknown,False,False,,28.409699999999997,-81.4639,-180.0,-180.0,True,0.1
IMG_2448.MOV,,1C88F474-3151-4C0D-BFA8-264AAA549643,_/IMG_2448 (4).MOV.xmp,True,171791589.0,,,Unknown,False,False,,28.409699999999997,-81.4639,-180.0,-180.0,True,0.1
IMG_2448.MOV,,73D78F0B-F1DB-4FCB-B1B5-91D42F3616A6,_/IMG_2448 (2).MOV.xmp,True,139608538.0,,,Unknown,False,False,,28.409699999999997,-81.4639,-180.0,-180.0,True,0.1
IMG_2423.HEIC,,6B255C8F-B74C-49C3-81E5-495ECEC04D07,_/IMG_2423_edited (3).heic.xmp,True,142629456.806,,,Unknown,False,False,,28.411199999999997,-81.46300000000001,43.08358333333333,-79.0850055,False,0.1
IMG_2423.HEIC,,668C7637-7670-4178-80E8-7143F9B00D6B,_/IMG_2423_edited (7).heic.xmp,True,207046529.20499992,,,Unknown,False,False,,28.411199999999997,-81.46300000000001,-180.0,-180.0,True,0.1
IMG_2423.HEIC,,2144CCEA-6F60-411E-80DB-14FDFEF856D7,_/IMG_2423_edited (6).heic.xmp,True,180641914.829,,,Unknown,False,False,,28.411199999999997,-81.46300000000001,-180.0,-180.0,True,0.1
IMG_2423.HEIC,,560F1E99-7C3B-4FD1-9C1B-B8FFDB3ACD0D,_/IMG_2423_edited (5).heic.xmp,True,171791883.67400002,,,Unknown,False,False,,28.411199999999997,-81.46300000000001,-180.0,-180.0,True,0.1
IMG_2423.HEIC,,15243DDA-6B7F-4775-9ED0-250C7C5FBE87,_/IMG_2423_edited (2).heic.xmp,True,139609683.83800006,,,Unknown,False,False,,28.411199999999997,-81.46300000000001,-180.0,-180.0,True,0.1
IMG_2423.HEIC,,B2B1E912-98B8-472F-9D59-7C1E9BF1E571,_/IMG_2423 (1).HEIC.xmp,True,79906357.43623638,,,Unknown,False,False,,28.411199999999997,-81.46300000000001,-180.0,-180.0,True,0.1
IMG_2423.HEIC,,41143EEA-4797-4AE8-8856-E51954E7D87C,_/IMG_2423.HEIC.xmp,True,61252238.731888294,,,Unknown,False,False,,28.411199999999997,-81.46300000000001,-180.0,-180.0,True,0.1
IMG_2294.HEIC,,641BAD52-C48C-49C9-9A27-EAD6763578B3,_/IMG_2294 (4).HEIC.xmp,True,142298224.31500006,,,Unknown,False,False,,28.4108,-81.461,34.7025,-83.736625,False,0.1
IMG_2294.HEIC,,07BBFF22-8FD4-4C8F-AD22-840A93414DC2,_/IMG_2294_edited (3).heic.xmp,True,139443626.58099985,,,Unknown,False,False,,28.4108,-81.461,-180.0,-180.0,True,0.1
IMG_2294.HEIC,,205C0BCF-B54A-47DC-A068-6B8A96C02875,_/IMG_2294_edited (2).heic.xmp,True,117748055.59439993,,,Unknown,False,False,,28.4108,-81.461,-180.0,-180.0,True,0.1
IMG_2294.HEIC,,B64B99E6-C81B-46FD-A8B3-A1C4329E26EB,_/IMG_2294_edited (1).heic.xmp,True,110662194.53166103,,,Unknown,False,False,,28.4108,-81.461,-180.0,-180.0,True,0.1
IMG_2294.HEIC,,0EAA3835-9318-4E23-B7B4-AFC4A8310418,_/IMG_2294.HEIC.xmp,True,79914816.24468231,,,Unknown,False,False,,28.4108,-81.461,-180.0,-180.0,True,0.1
IMG_2404.HEIC,,69980F8C-DADC-4796-96F9-A00E276B18B2,_/IMG_2404_edited (4).heic.xmp,True,142624964.2449999,,,Unknown,False,False,,28.4099,-81.4626,43.08883333333333,-79.0757055,False,0.1
IMG_2404.HEIC,,A76F706A-2FCD-4AF5-84B6-753E70F965A3,_/IMG_2404_edited (6).heic.xmp,True,180566635.40600014,,,Unknown,False,False,,28.4099,-81.4626,-180.0,-180.0,True,0.1
IMG_2404.HEIC,,41D01895-9771-41E9-973A-95FF8E771882,_/IMG_2404_edited (3).heic.xmp,True,139609773.7090001,,,Unknown,False,False,,28.4099,-81.4626,-180.0,-180.0,True,0.1
IMG_2404.HEIC,,297C2F16-F6BE-4E9D-976D-00BB8969A162,_/IMG_2404 (2).HEIC.xmp,True,110667177.47262001,,,Unknown,False,False,,28.4099,-81.4626,-180.0,-180.0,True,0.1
IMG_2404.HEIC,,F3FAD06C-5FE7-4A91-87D2-BF8DFA2E8D6D,_/IMG_2404 (1).HEIC.xmp,True,79907294.0156765,,,Unknown,False,False,,28.4099,-81.4626,-180.0,-180.0,True,0.1
IMG_2404.HEIC,,0047D076-5C93-4134-8E41-05F7132CC7C4,_/IMG_2404_edited.heic.xmp,True,61168254.81216073,,,Unknown,False,False,,28.4099,-81.4626,-180.0,-180.0,True,0.1
IMG_2314.HEIC,,B375CEFC-3C9C-4ABF-9831-F3D1213631A7,_/IMG_2314_edited (6).heic.xmp,True,206998432.54200006,,,Unknown,False,False,,28.4107,-81.4605,-180.0,-180.0,True,0.1
IMG_2314.HEIC,,7BB52B1A-726E-4B08-B788-3F15C728D459,_/IMG_2314 (3).HEIC.xmp,True,117750766.20619297,,,Unknown,False,False,,28.4107,-81.4605,-180.0,-180.0,True,0.1
IMG_2314.HEIC,,F2429878-2AFF-4A90-BD31-09CE4CC8CBC2,_/IMG_2314 (2).HEIC.xmp,True,110663826.72185564,,,Unknown,False,False,,28.4107,-81.4605,-180.0,-180.0,True,0.1
IMG_2370.HEIC,,384D06B5-30EA-4188-ADAF-C7665FFB21A8,_/IMG_2370_edited (5).heic.xmp,True,142625178.56599998,,,Unknown,False,False,,28.4082556,-81.4626917,43.089425,-79.07481383333334,False,0.1
IMG_2370.HEIC,,9ADED268-D659-4651-A3A0-DD629D6BBD0C,_/IMG_2370_edited (6).heic.xmp,True,156394476.58099985,,,Unknown,False,False,,28.4082556,-81.4626917,-180.0,-180.0,True,0.1
IMG_2370.HEIC,,8E0E240F-6849-47FB-9E18-5656B8165456,_/IMG_2370_edited (4).heic.xmp,True,139452788.61399984,,,Unknown,False,False,,28.4082556,-81.4626917,-180.0,-180.0,True,0.1
IMG_2370.HEIC,,0458EEFF-F39F-4FE3-BCE8-ED3C89BA7DDB,_/IMG_2370_edited (3).heic.xmp,True,117748365.08657598,,,Unknown,False,False,,28.4082556,-81.4626917,-180.0,-180.0,True,0.1
IMG_2370.HEIC,,37F0F120-29B7-46F9-BD75-087929E0B384,_/IMG_2370 (1).HEIC.xmp,True,79906921.2567854,,,Unknown,False,False,,28.4082556,-81.4626917,-180.0,-180.0,True,0.1
IMG_2370.HEIC,,37E252A6-E449-4FCA-82A1-49BBFCCE8530,_/IMG_2370_edited.heic.xmp,True,60912914.0899806,,,Unknown,False,False,,28.4082556,-81.4626917,-180.0,-180.0,True,0.1
IMG_8728.HEIC,,1C55261C-FB39-4EBD-A4A5-78FC6F1772DB,_/IMG_8728_edited (2).heic.xmp,True,149139047.38999987,,,Unknown,False,False,,0.0,0.0,-180.0,-180.0,False,0.1
IMG_8728.HEIC,,1861FFC4-4F9B-413E-A5C9-C773C6E96097,_/IMG_8728_edited (1).heic.xmp,True,132990277.06400013,,,Unknown,False,False,,0.0,0.0,-180.0,-180.0,False,0.1
IMG_2327.HEIC,,6DC62AFA-062D-4322-9AB3-04E37A9C93ED,_/IMG_2327 (4).HEIC.xmp,True,142489537.2709999,,,Unknown,False,False,,28.410938899999998,-81.4602361,43.083886166666666,-79.07118333333334,False,0.1
IMG_2327.HEIC,,24EF04D5-E306-4BF3-958D-B1B920F5E0D7,_/IMG_2327_edited (7).heic.xmp,True,206994073.9920001,,,Unknown,False,False,,28.410938899999998,-81.4602361,-180.0,-180.0,True,0.1
IMG_2327.HEIC,,E1BE509E-121D-43B3-9F43-FA90EDF81C1B,_/IMG_2327_edited (6).heic.xmp,True,180560799.06099987,,,Unknown,False,False,,28.410938899999998,-81.4602361,-180.0,-180.0,True,0.1
IMG_2327.HEIC,,882C51B3-2A29-4FDA-9906-425E7E1D7D9F,_/IMG_2327_edited (3).heic.xmp,True,117748955.37311053,,,Unknown,False,False,,28.410938899999998,-81.4602361,-180.0,-180.0,True,0.1
IMG_2327.HEIC,,E5D76317-5CDD-4B72-8823-00D037A91449,_/IMG_2327 (1).HEIC.xmp,True,79912554.55262136,,,Unknown,False,False,,28.410938899999998,-81.4602361,-180.0,-180.0,True,0.1
IMG_2327.HEIC,,6395EB32-4BB0-4FAE-A979-5354CD7AF416,_/IMG_2327_edited.heic.xmp,True,60826535.04224181,,,Unknown,False,False,,28.410938899999998,-81.4602361,-180.0,-180.0,True,0.1
IMG_2343.HEIC,,8812027A-3EDE-44F6-BE96-9412EB1CD489,_/IMG_2343 (4).HEIC.xmp,True,142487281.31099987,,,Unknown,False,False,,28.4121,-81.46029999999999,43.08363333333333,-79.07093883333333,False,0.1
IMG_2343.HEIC,,66B1C48E-EC8F-4949-AEC5-783835DFA5D7,_/IMG_2343_edited (3).heic.xmp,True,139455192.44700003,,,Unknown,False,False,,28.4121,-81.46029999999999,-180.0,-180.0,True,0.1
IMG_2343.HEIC,,7EF3862C-5E2F-423B-9C1F-67A55A8F6BE8,_/IMG_2343 (1).HEIC.xmp,True,79910542.44012618,,,Unknown,False,False,,28.4121,-81.46029999999999,-180.0,-180.0,True,0.1
IMG_2343.HEIC,,AF44BA6D-8F95-4B9E-9478-66D3DFA9D82E,_/IMG_2343_edited.heic.xmp,True,60824189.221381664,,,Unknown,False,False,,28.4121,-81.46029999999999,-180.0,-180.0,True,0.1
IMG_2280.HEIC,,77A13485-12DD-4A13-A5BC-9F41BADDECE4,_/IMG_2280_edited (9).heic.xmp,True,221449057.80299997,,,Unknown,False,False,,28.4108,-81.461,-180.0,-180.0,True,0.1
IMG_2280.HEIC,,000060B7-72C7-445A-B6D4-216944746146,_/IMG_2280_edited (8).heic.xmp,True,206996341.22200012,,,Unknown,False,False,,28.4108,-81.461,-180.0,-180.0,True,0.1
IMG_2280.HEIC,,679B59F4-1C05-4FD6-9550-5ADCA19ABD20,_/IMG_2280_edited (7).heic.xmp,True,180415730.50600004,,,Unknown,False,False,,28.4108,-81.461,-180.0,-180.0,True,0.1
IMG_2280.HEIC,,5EE5D4AA-EFC5-4A2C-B5F7-743B570425FC,_/IMG_2280_edited (3).heic.xmp,True,139443478.102,,,Unknown,False,False,,28.4108,-81.461,-180.0,-180.0,True,0.1
IMG_2280.HEIC,,A11AFDA7-60F2-4182-9C6D-442DDF296302,_/IMG_2280_edited (2).heic.xmp,True,117691440.72386026,,,Unknown,False,False,,28.4108,-81.461,-180.0,-180.0,True,0.1
IMG_2280.HEIC,,AB08020A-72FB-48B8-914B-7B0987BF16A4,_/IMG_2280_edited (1).heic.xmp,True,110662167.69305253,,,Unknown,False,False,,28.4108,-81.461,-180.0,-180.0,True,0.1
IMG_2280.HEIC,,97D301ED-C77D-497B-80AF-0BD5DE8F3AF1,_/IMG_2280_edited.heic.xmp,True,79914564.74095583,,,Unknown,False,False,,28.4108,-81.461,-180.0,-180.0,True,0.1
IMG_2292.HEIC,,B78B8618-7C13-479E-B7E0-A7F1A35CFC61,_/IMG_2292 (4).HEIC.xmp,True,142297932.18700004,,,Unknown,False,False,,28.4108,-81.461,34.702495,-83.73668666666667,False,0.1
IMG_2292.HEIC,,4DF308B1-1F36-4A15-AE8D-45D1628745DA,_/IMG_2292_edited (3).heic.xmp,True,139443626.77999997,,,Unknown,False,False,,28.4108,-81.461,-180.0,-180.0,True,0.1
IMG_2292.HEIC,,94ECC171-2DEF-4728-88B3-80E322887DFC,_/IMG_2292_edited (2).heic.xmp,True,117748055.14578676,,,Unknown,False,False,,28.4108,-81.461,-180.0,-180.0,True,0.1
IMG_2292.HEIC,,12D6474D-5974-4F2A-999B-DEEBD3E09C4E,_/IMG_2292_edited (1).heic.xmp,True,110662193.7312746,,,Unknown,False,False,,28.4108,-81.461,-180.0,-180.0,True,0.1
IMG_2292.HEIC,,C615EC86-E192-4833-A583-80E3E2EEB2A6,_/IMG_2292_edited.heic.xmp,True,79914594.54130554,,,Unknown,False,False,,28.4108,-81.461,-180.0,-180.0,True,0.1
IMG_2425.HEIC,,1102001B-AD3E-4E66-9134-7365D312C3CA,_/IMG_2425_edited (4).heic.xmp,True,142629450.214,,,Unknown,False,False,,28.411199999999997,-81.46300000000001,43.0835445,-79.08506666666666,False,0.1
IMG_2425.HEIC,,355B1084-66C2-42B1-88F1-61F86BD22275,_/IMG_2425_edited (8).heic.xmp,True,221533193.21500015,,,Unknown,False,False,,28.411199999999997,-81.46300000000001,-180.0,-180.0,True,0.1
IMG_2425.HEIC,,22824C39-EBCD-4F99-B135-55B5ED0FADB5,_/IMG_2425_edited (7).heic.xmp,True,207046529.75899982,,,Unknown,False,False,,28.411199999999997,-81.46300000000001,-180.0,-180.0,True,0.1
IMG_2425.HEIC,,3C589721-7414-488E-9DD8-B339A19A0CDC,_/IMG_2425_edited (6).heic.xmp,True,180641940.921,,,Unknown,False,False,,28.411199999999997,-81.46300000000001,-180.0,-180.0,True,0.1
IMG_2425.HEIC,,ADAFFA3F-3ADD-4E0C-B407-9A03E5A0A30F,_/IMG_2425_edited (5).heic.xmp,True,171791894.91499996,,,Unknown,False,False,,28.411199999999997,-81.46300000000001,-180.0,-180.0,True,0.1
IMG_2425.HEIC,,89EEEB4C-CA67-4452-81D5-EC45D07EA58B,_/IMG_2425_edited (3).heic.xmp,True,139609686.85300016,,,Unknown,False,False,,28.411199999999997,-81.46300000000001,-180.0,-180.0,True,0.1
IMG_2425.HEIC,,40619F0D-9347-42E6-9F94-F022FE6E911B,_/IMG_2425 (2).HEIC.xmp,True,79906349.73633337,,,Unknown,False,False,,28.411199999999997,-81.46300000000001,-180.0,-180.0,True,0.1
IMG_2425.HEIC,,911DD116-DFC7-4DBF-A39F-96527E6A0AFF,_/IMG_2425.HEIC.xmp,True,61253332.66680622,,,Unknown,False,False,,28.411199999999997,-81.46300000000001,-180.0,-180.0,True,0.1
IMG_2399.HEIC,,80FD8FCD-DC96-4709-9773-6B2E1309C3AA,_/IMG_2399 (4).HEIC.xmp,True,142625160.4920001,,,Unknown,False,False,,28.408974999999998,-81.4619056,43.08882783333333,-79.0757055,False,0.1
IMG_2399.HEIC,,717F71B7-6829-45F6-9130-41270848B292,_/IMG_2399_edited (3).heic.xmp,True,139609965.3340001,,,Unknown,False,False,,28.408974999999998,-81.4619056,-180.0,-180.0,True,0.1
IMG_2399.HEIC,,E5907731-FE7F-4630-9BF9-F128548BE2D1,_/IMG_2399 (2).HEIC.xmp,True,110667301.55951881,,,Unknown,False,False,,28.408974999999998,-81.4619056,-180.0,-180.0,True,0.1
IMG_2399.HEIC,,B3B9720A-4F1D-419C-A0FD-F96897E63C21,_/IMG_2399 (1).HEIC.xmp,True,79907490.13950205,,,Unknown,False,False,,28.408974999999998,-81.4619056,-180.0,-180.0,True,0.1
IMG_2335.HEIC,,74917B7C-7095-4B11-8936-2013B75178BA,_/IMG_2335 (5).HEIC.xmp,True,142489730.15899992,,,Unknown,False,False,,28.410899999999998,-81.46029999999999,43.08365283333333,-79.0709695,False,0.1
IMG_2335.HEIC,,614ADD6A-AE94-45CB-84AD-E49BD006C1B7,_/IMG_2335_edited (8).heic.xmp,True,206994063.80299997,,,Unknown,False,False,,28.410899999999998,-81.46029999999999,-180.0,-180.0,True,0.1
IMG_2335.HEIC,,272216B4-F21C-49E2-A955-7DA7E20A47C4,_/IMG_2335_edited (7).heic.xmp,True,180564094.08200002,,,Unknown,False,False,,28.410899999999998,-81.46029999999999,-180.0,-180.0,True,0.1
IMG_2335.HEIC,,9EDDC5AF-D11A-4725-A5A7-41C2FCF9FD4E,_/IMG_2335_edited (3).heic.xmp,True,117749106.25015306,,,Unknown,False,False,,28.410899999999998,-81.46029999999999,-180.0,-180.0,True,0.1
IMG_2335.HEIC,,C296D979-FF15-48ED-88FB-BCB3A467F35C,_/IMG_2335 (2).HEIC.xmp,True,110665811.71497226,,,Unknown,False,False,,28.410899999999998,-81.46029999999999,-180.0,-180.0,True,0.1
IMG_2335.HEIC,,02FF4448-7FE9-43F7-8F7B-686C32F9A0AA,_/IMG_2335 (1).HEIC.xmp,True,79913159.66836357,,,Unknown,False,False,,28.410899999999998,-81.46029999999999,-180.0,-180.0,True,0.1
IMG_2335.HEIC,,B2C63386-D25B-48AE-B3AF-D502B2EA69ED,_/IMG_2335.HEIC.xmp,True,60826791.798710346,,,Unknown,False,False,,28.410899999999998,-81.46029999999999,-180.0,-180.0,True,0.1
IMG_2306.HEIC,,AEC6281A-D6AC-45CA-BB48-8B796280BAAE,_/IMG_2306_edited (7).heic.xmp,True,206998244.7449999,,,Unknown,False,False,,28.410691699999997,-81.4604806,-180.0,-180.0,True,0.1
IMG_2306.HEIC,,ED9C3848-8AC9-400E-BC81-4EBDCA655FDE,_/IMG_2306_edited (6).heic.xmp,True,180547181.91700006,,,Unknown,False,False,,28.410691699999997,-81.4604806,-180.0,-180.0,True,0.1
IMG_2306.HEIC,,2CA7911C-FD7B-4F5D-B94F-5D5F6FF8FE56,_/IMG_2306_edited (3).heic.xmp,True,139443536.89100003,,,Unknown,False,False,,28.410691699999997,-81.4604806,-180.0,-180.0,True,0.1
IMG_2306.HEIC,,DC0D20BD-7326-48AD-88C3-C6303B154B7B,_/IMG_2306 (1).HEIC.xmp,True,79916337.87997055,,,Unknown,False,False,,28.410691699999997,-81.4604806,-180.0,-180.0,True,0.1
IMG_2416.HEIC,,32B19EE0-0F23-42AB-83E4-45BC1DF127FB,_/IMG_2416_edited (8).heic.xmp,True,221533560.681,,,Unknown,False,False,,28.409799999999997,-81.4626,-180.0,-180.0,True,0.1
IMG_2416.HEIC,,156A22A0-779A-4BD3-84B1-6678A982805D,_/IMG_2416_edited (3).heic.xmp,True,139610525.87300014,,,Unknown,False,False,,28.409799999999997,-81.4626,-180.0,-180.0,True,0.1
IMG_2416.HEIC,,41AB757D-ED7C-454F-A6E6-70A5630DAD46,_/IMG_2416_edited (2).heic.xmp,True,117927315.39177656,,,Unknown,False,False,,28.409799999999997,-81.4626,-180.0,-180.0,True,0.1
IMG_2416.HEIC,,5358ECC8-3F93-4204-BBB8-C6F64F47BFD6,_/IMG_2416 (1).HEIC.xmp,True,110667179.0442543,,,Unknown,False,False,,28.409799999999997,-81.4626,-180.0,-180.0,True,0.1
IMG_2416.HEIC,,336015C3-FC88-4292-8BEB-C772C93E0E8F,_/IMG_2416.HEIC.xmp,True,79907329.37118268,,,Unknown,False,False,,28.409799999999997,-81.4626,-180.0,-180.0,True,0.1
IMG_2322.HEIC,,D5D3A85E-111F-441F-AA36-3945F0AE1537,_/IMG_2322_edited (6).heic.xmp,True,206994028.14900017,,,Unknown,False,False,,28.410938899999998,-81.4601972,-180.0,-180.0,True,0.1
IMG_2322.HEIC,,BE72A880-2815-4569-AFEB-D05E25AB8B1F,_/IMG_2322_edited (5).heic.xmp,True,180560185.98099995,,,Unknown,False,False,,28.410938899999998,-81.4601972,-180.0,-180.0,True,0.1
IMG_2322.HEIC,,B955750A-27BA-4B0D-9B6C-297990A5F20B,_/IMG_2322_edited (2).heic.xmp,True,117747861.68130684,,,Unknown,False,False,,28.410938899999998,-81.4601972,-180.0,-180.0,True,0.1
IMG_2322.HEIC,,7587B818-5664-4252-A622-30C3E64FF885,_/IMG_2322_edited (1).heic.xmp,True,79912216.93587708,,,Unknown,False,False,,28.410938899999998,-81.4601972,-180.0,-180.0,True,0.1
IMG_2322.HEIC,,317E6812-E635-4280-B084-A8D78E573CBA,_/IMG_2322_edited.heic.xmp,True,60807846.33872175,,,Unknown,False,False,,28.410938899999998,-81.4601972,-180.0,-180.0,True,0.1
IMG_2346.HEIC,,1D153F82-B6AF-48D0-A973-619FB368F25D,_/IMG_2346 (4).HEIC.xmp,True,142487133.533,,,Unknown,False,False,,28.4121,-81.4601,43.083625,-79.07087783333333,False,0.1
IMG_2346.HEIC,,274FF321-BA56-4160-8ED4-AD5B00D47E09,_/IMG_2346_edited (8).heic.xmp,True,221523870.54699993,,,Unknown,False,False,,28.4121,-81.4601,-180.0,-180.0,True,0.1
IMG_2346.HEIC,,301608EA-236C-40DD-B16A-59E23274042D,_/IMG_2346_edited (7).heic.xmp,True,206992396.8169999,,,Unknown,False,False,,28.4121,-81.4601,-180.0,-180.0,True,0.1
IMG_2346.HEIC,,C175E55B-4DEE-450B-A269-170EFD568C45,_/IMG_2346_edited (6).heic.xmp,True,180561447.546,,,Unknown,False,False,,28.4121,-81.4601,-180.0,-180.0,True,0.1
IMG_2346.HEIC,,369ED434-F415-4D68-9973-2320B85549E5,_/IMG_2346_edited (3).heic.xmp,True,139455023.73500013,,,Unknown,False,False,,28.4121,-81.4601,-180.0,-180.0,True,0.1
IMG_2346.HEIC,,B780BC38-92BC-45C7-B51F-F34475017832,_/IMG_2346_edited (2).heic.xmp,True,117752221.50726795,,,Unknown,False,False,,28.4121,-81.4601,-180.0,-180.0,True,0.1
IMG_2346.HEIC,,6AC6F044-74E4-48FD-976F-8E8FA6B45DDF,_/IMG_2346_edited (1).heic.xmp,True,110663957.40171409,,,Unknown,False,False,,28.4121,-81.4601,-180.0,-180.0,True,0.1
IMG_2346.HEIC,,52324878-62D7-4BD2-807D-918C24C5F153,_/IMG_2346.HEIC.xmp,True,79910368.1403122,,,Unknown,False,False,,28.4121,-81.4601,-180.0,-180.0,True,0.1
IMG_2285.HEIC,,F1F73FFC-B852-4DCB-AC2C-519405D6F987,_/IMG_2285 (4).HEIC.xmp,True,142192681.93400002,,,Unknown,False,False,,28.4108,-81.461,34.7225,-83.72276333333333,False,0.1
IMG_2285.HEIC,,19AAAD6A-95C2-4E4B-98E0-143FB1E86C7E,_/IMG_2285_edited (7).heic.xmp,True,221449078.53900003,,,Unknown,False,False,,28.4108,-81.461,-180.0,-180.0,True,0.1
IMG_2285.HEIC,,73EE83BB-6C88-45F5-9265-53F726D7BBF7,_/IMG_2285_edited (3).heic.xmp,True,139443628.39300013,,,Unknown,False,False,,28.4108,-81.461,-180.0,-180.0,True,0.1
IMG_2285.HEIC,,DE18D41D-B6CF-4AF8-93DB-B7FCCE9B8477,_/IMG_2285_edited (2).heic.xmp,True,117740732.50188065,,,Unknown,False,False,,28.4108,-81.461,-180.0,-180.0,True,0.1
IMG_2285.HEIC,,6266305D-6B6C-4B56-ABBF-73A875A54145,_/IMG_2285_edited (1).heic.xmp,True,110662192.52997208,,,Unknown,False,False,,28.4108,-81.461,-180.0,-180.0,True,0.1
IMG_2285.HEIC,,0CF4BD9C-F3A9-4883-A642-FDECCEF9E071,_/IMG_2285_edited.heic.xmp,True,79914587.0952673,,,Unknown,False,False,,28.4108,-81.461,-180.0,-180.0,True,0.1
IMG_8816.HEIC,,EAB98483-8B52-436C-AB4F-8479554BB942,_/IMG_8816_edited (5).heic.xmp,True,174079462.1630001,,,Unknown,False,False,,0.0,0.0,-180.0,-180.0,False,0.1
IMG_8816.HEIC,,5EAF4849-6D3C-45DC-8B39-9725413450A3,_/IMG_8816_edited (4).heic.xmp,True,166664178.48500013,,,Unknown,False,False,,0.0,0.0,-180.0,-180.0,False,0.1
IMG_8816.HEIC,,4A24E469-8684-4B2B-919D-08652BCFF120,_/IMG_8816_edited (3).heic.xmp,True,149108516.20099998,,,Unknown,False,False,,0.0,0.0,-180.0,-180.0,False,0.1
IMG_8816.HEIC,,8B612146-E612-44A3-998F-858F05939D22,_/IMG_8816_edited (2).heic.xmp,True,132971621.58599997,,,Unknown,False,False,,0.0,0.0,-180.0,-180.0,False,0.1
IMG_8816.HEIC,,DC5846BD-3B6E-4198-9F65-7371633EDC25,_/IMG_8816_edited (1).heic.xmp,True,113434916.29939699,,,Unknown,False,False,,0.0,0.0,-180.0,-180.0,False,0.1
IMG_8816.HEIC,,3368EFAA-F26F-4537-8A2E-809EEA84C7C2,_/IMG_8816_edited.heic.xmp,True,75861729.2740593,,,Unknown,False,False,,0.0,0.0,-180.0,-180.0,False,0.1
IMG_8791.JPG,,,,,,,,,,,,0.0,0.0,,,False,0.0
IMG_2311.HEIC,,83A885A8-FEED-4D3D-8789-38CBF7228B15,_/IMG_2311_edited (7).heic.xmp,True,206998431.23899984,,,Unknown,False,False,,28.4107,-81.4605,-180.0,-180.0,True,0.1
IMG_2311.HEIC,,15B45DAD-B8D5-4623-BC76-83595D9550FD,_/IMG_2311_edited (6).heic.xmp,True,180547844.398,,,Unknown,False,False,,28.4107,-81.4605,-180.0,-180.0,True,0.1
IMG_2311.HEIC,,CE0C651B-0F50-4006-881C-601C8FD2ADE6,_/IMG_2311 (1).HEIC.xmp,True,79916369.58270955,,,Unknown,False,False,,28.4107,-81.4605,-180.0,-180.0,True,0.1
IMG_2375.HEIC,,AA27E69C-494E-474B-A463-D3261B6FBA86,_/IMG_2375_edited (5).heic.xmp,True,142625257.07999992,,,Unknown,False,False,,28.4082194,-81.46275279999999,43.08933616666667,-79.07488883333333,False,0.1
IMG_2375.HEIC,,31A86E51-56C9-4029-96FC-1E221E8C32B1,_/IMG_2375_edited (9).heic.xmp,True,221525029.68400002,,,Unknown,False,False,,28.4082194,-81.46275279999999,-180.0,-180.0,True,0.1
IMG_2375.HEIC,,BF893F4B-554D-4EA7-AB7F-2BA55C14D50F,_/IMG_2375_edited (4).heic.xmp,True,139453531.16499996,,,Unknown,False,False,,28.4082194,-81.46275279999999,-180.0,-180.0,True,0.1
IMG_2375.HEIC,,BC9A9F5D-4E22-498F-9D79-6BECC360C4E3,_/IMG_2375_edited (3).heic.xmp,True,117748331.8801961,,,Unknown,False,False,,28.4082194,-81.46275279999999,-180.0,-180.0,True,0.1
IMG_2375.HEIC,,52D2E279-01F8-47D2-9AE8-CA03A1E16EBA,_/IMG_2375 (2).HEIC.xmp,True,114657948.148,,,Unknown,False,False,,28.4082194,-81.46275279999999,27.356816666666667,-82.47264166666666,False,0.1
IMG_2375.HEIC,,30302F65-9C05-432E-A87C-77023331615F,_/IMG_2375 (1).HEIC.xmp,True,110666040.62070847,,,Unknown,False,False,,28.4082194,-81.46275279999999,-180.0,-180.0,True,0.1
IMG_2375.HEIC,,07F460BD-A312-41E7-8B1C-915194FFEB65,_/IMG_2375.HEIC.xmp,True,79906929.19357896,,,Unknown,False,False,,28.4082194,-81.46275279999999,-180.0,-180.0,True,0.1
IMG_2303.HEIC,,2168C2CC-F482-4298-B465-FF6D93515E94,_/IMG_2303 (4).HEIC.xmp,True,142298120.54900002,,,Unknown,False,False,,28.4107222,-81.460425,34.70247,-83.73664666666667,False,0.1
IMG_2303.HEIC,,A6EF2515-056D-4642-8C76-B5C1BFB5DCDB,_/IMG_2303_edited (8).heic.xmp,True,206998244.14400005,,,Unknown,False,False,,28.4107222,-81.460425,-180.0,-180.0,True,0.1
IMG_2303.HEIC,,90224CB9-A412-440E-A70C-C3546C89AFE9,_/IMG_2303_edited (5).heic.xmp,True,156129496.49699998,,,Unknown,False,False,,28.4107222,-81.460425,-180.0,-180.0,True,0.1
IMG_2303.HEIC,,86B11CB6-DE65-45C3-B70C-FA136FA6FE75,_/IMG_2303_edited (3).heic.xmp,True,139443515.07999992,,,Unknown,False,False,,28.4107222,-81.460425,-180.0,-180.0,True,0.1
IMG_2303.HEIC,,E4AFA94D-69C1-406B-9610-CB6DA42AF606,_/IMG_2303_edited (2).heic.xmp,True,117748522.16051722,,,Unknown,False,False,,28.4107222,-81.460425,-180.0,-180.0,True,0.1
IMG_2303.HEIC,,E1E01B63-C5B9-43F4-B230-DB55D0C8CC13,_/IMG_2303.HEIC.xmp,True,79916323.63291478,,,Unknown,False,False,,28.4107222,-81.460425,-180.0,-180.0,True,0.1
IMG_2367.HEIC,,B69BE8AD-A67B-4C53-94F0-E5DEDD2C72D0,_/IMG_2367 (3).heic.xmp,True,115438493.75,,,Unknown,False,False,,28.4082972,-81.46266109999999,37.81028333333333,-122.477555,False,0.1
IMG_2367.HEIC,,526DF555-881D-4C29-A113-398325A5F245,_/IMG_2367 (6).HEIC.xmp,True,142625105.14900017,,,Unknown,False,False,,28.4082972,-81.46266109999999,43.089386166666664,-79.07486666666667,False,0.1
IMG_2367.HEIC,,E9BA7C14-403B-41E8-94F5-9BB7EA678637,_/IMG_2367_edited (10).heic.xmp,True,206989365.37699986,,,Unknown,False,False,,28.4082972,-81.46266109999999,-180.0,-180.0,True,0.1
IMG_2367.HEIC,,29049AB5-799A-4A84-910C-5AF2193EF055,_/IMG_2367_edited (7).heic.xmp,True,156388635.20200014,,,Unknown,False,False,,28.4082972,-81.46266109999999,-180.0,-180.0,True,0.1
IMG_2367.HEIC,,CD542731-D994-4FEF-A527-132A225D75FD,_/IMG_2367_edited (5).heic.xmp,True,139452743.9289999,,,Unknown,False,False,,28.4082972,-81.46266109999999,-180.0,-180.0,True,0.1
IMG_2367.HEIC,,BAE996D5-E0F1-4AFC-BC7F-94889C8DE715,_/IMG_2367_edited (4).heic.xmp,True,117748390.21175146,,,Unknown,False,False,,28.4082972,-81.46266109999999,-180.0,-180.0,True,0.1
IMG_2367.HEIC,,4C3D88DB-99CA-4AF9-ADBB-3423741D6128,_/IMG_2367 (1).HEIC.xmp,True,79906946.35519266,,,Unknown,False,False,,28.4082972,-81.46266109999999,-180.0,-180.0,True,0.1
IMG_2367.HEIC,,5318B6A6-5552-468E-8187-3F22BD70996E,_/IMG_2367.HEIC.xmp,True,60912797.547953606,,,Unknown,False,False,,28.4082972,-81.46266109999999,-180.0,-180.0,True,0.1
IMG_8738.MOV,,3E56FB3C-F3D0-4BDB-B305-DD1F9F45668C,_/IMG_8738 (4).MOV.xmp,True,199406290.0,,,Unknown,False,False,,0.0,0.0,-180.0,-180.0,False,0.1
IMG_8738.MOV,,DB71640E-9B9C-497E-8245-9F961EA50396,_/IMG_8738 (1).MOV.xmp,True,75758002.0,,,Unknown,False,False,,0.0,0.0,-180.0,-180.0,False,0.1
IMG_8804.HEIC,,F624D9E9-8A8D-431F-BFEF-BBE0169B6F24,_/IMG_8804_edited (7).heic.xmp,True,174082312.70099998,,,Unknown,False,False,,0.0,0.0,-180.0,-180.0,False,0.1
IMG_8804.HEIC,,1D3B68DB-9FF0-4876-B888-D5449601DF78,_/IMG_8804_edited (4).heic.xmp,True,132973572.954,,,Unknown,False,False,,0.0,0.0,-180.0,-180.0,False,0.1
IMG_8804.HEIC,,C7D34F40-1DB4-47C3-9DB2-B7DC79835EFC,_/IMG_8804_edited (3).heic.xmp,True,113437647.3768282,,,Unknown,False,False,,0.0,0.0,-180.0,-180.0,False,0.1
IMG_8804.HEIC,,3066054E-4EC5-4CF4-94CA-AD4E39D362E4,_/IMG_8804_edited (1).heic.xmp,True,75864550.40706491,,,Unknown,False,False,,0.0,0.0,-180.0,-180.0,False,0.1
IMG_8804.HEIC,,0731652D-CC4E-45A6-95FC-57A067BF3176,_/IMG_8804_edited.jpeg.xmp,True,50259175.664000034,,,Unknown,False,False,,0.0,0.0,-180.0,-180.0,False,0.1
IMG_2413.HEIC,,6CDC9FD8-A1A4-4B65-803B-073AA69E0F50,_/IMG_2413_edited (3).heic.xmp,True,142625613.19799995,,,Unknown,False,False,,28.4099,-81.4626,43.086597166666664,-79.07876666666667,False,0.1
IMG_2413.HEIC,,D06B89EF-A48C-4573-90F5-450549B2A042,_/IMG_2413_edited (6).heic.xmp,True,221530387.18400002,,,Unknown,False,False,,28.4099,-81.4626,-180.0,-180.0,True,0.1
IMG_2413.HEIC,,45F04E81-7B31-4985-9930-030B0CDC08C4,_/IMG_2413_edited (5).heic.xmp,True,180570374.31200004,,,Unknown,False,False,,28.4099,-81.4626,-180.0,-180.0,True,0.1
IMG_2413.HEIC,,61BDF02F-268D-4AF7-8332-C3A2A637C410,_/IMG_2413_edited (4).heic.xmp,True,171792587.09100008,,,Unknown,False,False,,28.4099,-81.4626,-180.0,-180.0,True,0.1
IMG_2413.HEIC,,4E204DAA-A858-4A47-B85A-171235F16A92,_/IMG_2413_edited (2).heic.xmp,True,139610515.76699996,,,Unknown,False,False,,28.4099,-81.4626,-180.0,-180.0,True,0.1
IMG_2413.HEIC,,FD12D9AC-61E3-4B61-9A1A-67B3D9114D6F,_/IMG_2413 (1).HEIC.xmp,True,110667186.8437953,,,Unknown,False,False,,28.4099,-81.4626,-180.0,-180.0,True,0.1
IMG_2413.HEIC,,2A318D95-DB2F-4DC9-B8C3-AA1FCBA5838C,_/IMG_2413.HEIC.xmp,True,79907320.22101831,,,Unknown,False,False,,28.4099,-81.4626,-180.0,-180.0,True,0.1
IMG_2297.HEIC,,FDA0FEDE-A422-4F45-8F58-E36456FFD255,_/IMG_2297 (6).HEIC.xmp,True,142298227.421,,,Unknown,False,False,,28.4108,-81.461,34.702488333333335,-83.73664666666667,False,0.1
IMG_2297.HEIC,,097CEEBC-25E2-4C68-BF07-B9E99E2469CF,_/IMG_2297_edited (9).heic.xmp,True,206998011.3699999,,,Unknown,False,False,,28.4108,-81.461,-180.0,-180.0,True,0.1
IMG_2297.HEIC,,3D45BABD-C300-4B2F-98FF-67DCD6617A97,_/IMG_2297_edited (7).heic.xmp,True,156129394.67299986,,,Unknown,False,False,,28.4108,-81.461,-180.0,-180.0,True,0.1
IMG_2297.HEIC,,F7184D33-7361-4CD3-B797-D24D5B8BF2FA,_/IMG_2297_edited (5).heic.xmp,True,139443625.91199994,,,Unknown,False,False,,28.4108,-81.461,-180.0,-180.0,True,0.1
IMG_2297.HEIC,,F6F21CEE-887E-4789-83D7-293E2B2434B6,_/IMG_2297_edited (4).heic.xmp,True,117748055.15047836,,,Unknown,False,False,,28.4108,-81.461,-180.0,-180.0,True,0.1
IMG_2297.HEIC,,7CB3CE77-9A58-49C9-B93D-37DB3FC97A78,_/IMG_2297_edited (3).heic.xmp,True,110662194.99881744,,,Unknown,False,False,,28.4108,-81.461,-180.0,-180.0,True,0.1
IMG_2297.HEIC,,20D2B482-C0ED-4DC5-9A3E-109DF7E2883F,_/IMG_2297 (1).HEIC.xmp,True,60743145.5526042,,,Unknown,False,False,,28.4108,-81.461,-180.0,-180.0,True,0.1
IMG_2297.HEIC,,FC16B70A-F99B-44D0-9C13-799FC26D3480,_/IMG_2297.HEIC.xmp,True,34316277.779000044,,,Unknown,False,False,,28.4108,-81.461,-180.0,-180.0,True,0.1
IMG_2330.HEIC,,3759E4FD-9AE1-4B78-972D-424C63CD2641,_/IMG_2330 (5).HEIC.xmp,True,142489547.135,,,Unknown,False,False,,28.4109333,-81.4602361,43.0838805,-79.07116666666667,False,0.1
IMG_2330.HEIC,,D058EEB0-9B7C-4B54-9EE8-4B20F80208FF,_/IMG_2330_edited (8).heic.xmp,True,206994096.658,,,Unknown,False,False,,28.4109333,-81.4602361,-180.0,-180.0,True,0.1
IMG_2330.HEIC,,B6BB7DE5-6392-4510-96BF-799F56CF390D,_/IMG_2330_edited (7).heic.xmp,True,180564108.477,,,Unknown,False,False,,28.4109333,-81.4602361,-180.0,-180.0,True,0.1
IMG_2330.HEIC,,DC1B253C-7399-4BB0-9F64-1F1383E0AE45,_/IMG_2330_edited (4).heic.xmp,True,139453837.91700006,,,Unknown,False,False,,28.4109333,-81.4602361,-180.0,-180.0,True,0.1
IMG_2330.HEIC,,5EA3254F-1383-45F8-8E2C-2A702E587EF3,_/IMG_2330_edited (3).heic.xmp,True,117749131.66991878,,,Unknown,False,False,,28.4109333,-81.4602361,-180.0,-180.0,True,0.1
IMG_2330.HEIC,,8B364598-366E-41BC-B541-6C61E08D621E,_/IMG_2330 (1).HEIC.xmp,True,79913196.26463413,,,Unknown,False,False,,28.4109333,-81.4602361,-180.0,-180.0,True,0.1
IMG_2330.HEIC,,790ACD96-9360-4E05-B86E-7AFF7C912B32,_/IMG_2330.HEIC.xmp,True,60826805.90906191,,,Unknown,False,False,,28.4109333,-81.4602361,-180.0,-180.0,True,0.1
IMG_2437.MOV,,9F674621-CAEC-4EED-BD72-939EB7D03416,_/IMG_2437 (3).MOV.xmp,True,142630651.0,,,Unknown,False,False,,28.409599999999998,-81.4641,43.0826,-79.0827,False,0.1
IMG_2354.HEIC,,E9D0DC0D-7537-479A-9F0B-6960CEE0F1F4,_/IMG_2354 (4).HEIC.xmp,True,142483598.91199994,,,Unknown,False,False,,28.408247199999998,-81.4620806,43.08349716666667,-79.0709305,False,0.1
IMG_2354.HEIC,,16B1FBFA-9DE2-402D-841B-752504A22B88,_/IMG_2354_edited (7).heic.xmp,True,206988994.67799997,,,Unknown,False,False,,28.408247199999998,-81.4620806,-180.0,-180.0,True,0.1
IMG_2354.HEIC,,30276CF7-BEC7-4E4B-9153-2214E54E5423,_/IMG_2354_edited (6).heic.xmp,True,180560343.67400002,,,Unknown,False,False,,28.408247199999998,-81.4620806,-180.0,-180.0,True,0.1
IMG_2354.HEIC,,3C181585-CF34-464E-8B7E-938D4DBDBEB2,_/IMG_2354_edited (3).heic.xmp,True,139451491.62400007,,,Unknown,False,False,,28.408247199999998,-81.4620806,-180.0,-180.0,True,0.1
IMG_2354.HEIC,,925EC34C-00B1-4FA2-A4DC-8E33A0F23775,_/IMG_2354_edited (2).heic.xmp,True,117748458.36257553,,,Unknown,False,False,,28.408247199999998,-81.4620806,-180.0,-180.0,True,0.1
IMG_2354.HEIC,,861FE527-360E-4C88-9653-03F363E35CF1,_/IMG_2354 (1).HEIC.xmp,True,110663777.12059164,,,Unknown,False,False,,28.408247199999998,-81.4620806,-180.0,-180.0,True,0.1
IMG_2354.HEIC,,0D4910DF-D303-4066-B6E8-AEBA79F5ABC8,_/IMG_2354.HEIC.xmp,True,79906592.54083109,,,Unknown,False,False,,28.408247199999998,-81.4620806,-180.0,-180.0,True,0.1
IMG_8720.HEIC,,1196D799-822F-4D05-A358-AF87EB81D6FA,_/IMG_8720_edited (4).heic.xmp,True,166349704.64699984,,,Unknown,False,False,,0.0,0.0,-180.0,-180.0,False,0.1
IMG_8720.HEIC,,744B1A53-29CB-43FA-AEBB-B9B695D8A7FC,_/IMG_8720_edited (2).heic.xmp,True,132989676.91599989,,,Unknown,False,False,,0.0,0.0,-180.0,-180.0,False,0.1
IMG_8720.HEIC,,348DD698-C012-4AE2-A631-5E0DAE4FDAD1,_/IMG_8720.HEIC.xmp,True,96625736.482512,,,Unknown,False,False,,0.0,0.0,-180.0,-180.0,False,0.1
IMG_2445.MOV,,B950D4F6-96F0-45EF-80AE-6AF768D6E5A0,_/IMG_2445 (1).MOV.xmp,True,142629965.0,,,Unknown,False,False,,28.409699999999997,-81.4639,43.0795,-79.0809,False,0.1
IMG_2445.MOV,,12C44C4F-F6DD-4318-A1D4-0209806854E8,_/IMG_2445 (4).MOV.xmp,True,221590643.0,,,Unknown,False,False,,28.409699999999997,-81.4639,-180.0,-180.0,True,0.1
IMG_2445.MOV,,7B1A0155-B719-4527-B2AE-9E5D31658C31,_/IMG_2445 (2).MOV.xmp,True,180643348.0,,,Unknown,False,False,,28.409699999999997,-81.4639,-180.0,-180.0,True,0.1
IMG_2288.HEIC,,651426BC-D699-4CA5-933C-FB33CCD00138,_/IMG_2288_edited (8).heic.xmp,True,221449173.714,,,Unknown,False,False,,28.4108,-81.461,-180.0,-180.0,True,0.1
IMG_2288.HEIC,,11EFA4F9-D1F0-4E30-9A2E-5868C0571984,_/IMG_2288_edited (4).heic.xmp,True,139443629.16700006,,,Unknown,False,False,,28.4108,-81.461,-180.0,-180.0,True,0.1
IMG_2288.HEIC,,682F9D19-342C-4B5D-97DC-7CE412B63F51,_/IMG_2288_edited (2).heic.xmp,True,110662193.23038435,,,Unknown,False,False,,28.4108,-81.461,-180.0,-180.0,True,0.1
IMG_2288.HEIC,,DDDBB1E5-2FC4-4074-8D23-29434FFD24AB,_/IMG_2288_edited (1).heic.xmp,True,79914593.10185814,,,Unknown,False,False,,28.4108,-81.461,-180.0,-180.0,True,0.1
IMG_2288.HEIC,,6830B969-7549-406E-880D-DC6E444DBFD4,_/IMG_2288.HEIC.xmp,True,60737818.64775181,,,Unknown,False,False,,28.4108,-81.461,-180.0,-180.0,True,0.1
IMG_2419.MOV,,0514EBAB-5E73-489D-A4C7-55A4C2E5A723,_/IMG_2419 (5).MOV.xmp,True,221533186.0,,,Unknown,False,False,,28.411299999999997,-81.46300000000001,-180.0,-180.0,True,0.1
IMG_2383.HEIC,,74F2CF0E-18E8-4947-96D0-6A90D90D0D46,_/IMG_2383 (2).heic.xmp,True,115441701.09200001,,,Unknown,False,False,,28.4084,-81.4626,37.86001666666667,-122.48555,False,0.1
IMG_2383.HEIC,,DAC576BA-52DF-46EF-BB60-29851827A694,_/IMG_2383 (4).HEIC.xmp,True,142625331.03200006,,,Unknown,False,False,,28.4084,-81.4626,43.0890055,-79.0755,False,0.1
IMG_2383.HEIC,,B6D85C0C-8384-4A98-9E46-16AE9E1F0DC2,_/IMG_2383_edited (9).heic.xmp,True,221526279.36899996,,,Unknown,False,False,,28.4084,-81.4626,-180.0,-180.0,True,0.1
IMG_2383.HEIC,,252D28B6-0FFC-4ADF-AB9D-F5B4C8BF833D,_/IMG_2383_edited (7).heic.xmp,True,180564625.32999992,,,Unknown,False,False,,28.4084,-81.4626,-180.0,-180.0,True,0.1
IMG_2383.HEIC,,774239CB-5CFF-4203-A89F-E60DD633CE57,_/IMG_2383 (3).HEIC.xmp,True,117748513.30567217,,,Unknown,False,False,,28.4084,-81.4626,-180.0,-180.0,True,0.1
IMG_2383.HEIC,,EFF37C7E-8647-46BD-935B-976023A4BEDF,_/IMG_2383.HEIC.xmp,True,79906886.32636404,,,Unknown,False,False,,28.4084,-81.4626,-180.0,-180.0,True,0.1
IMG_8811.mov,,10E46150-7D52-44C6-97F4-146212FF43AC,_/IMG_8811 (4).MOV.xmp,True,149092261.0,,,Unknown,False,False,,0.0,0.0,-180.0,-180.0,False,0.1
IMG_8811.mov,,43611179-F6CD-47BC-86E1-0F5F6C265B86,_/IMG_8811 (1).MOV.xmp,True,97175135.0,,,Unknown,False,False,,0.0,0.0,-180.0,-180.0,False,0.1
IMG_2378.HEIC,,FB6CD6E5-8673-4058-A629-B2EE9562D30C,_/IMG_2378_edited (5).heic.xmp,True,142625241.71099997,,,Unknown,False,False,,28.408224999999998,-81.4627306,43.089325,-79.0749195,False,0.1
IMG_2378.HEIC,,FC799ED7-0334-4EE5-BF36-D33AC451AC72,_/IMG_2378_edited (7).heic.xmp,True,180564642.10800004,,,Unknown,False,False,,28.408224999999998,-81.4627306,-180.0,-180.0,True,0.1
IMG_2378.HEIC,,395E721A-1F48-4CD5-B666-1D3F5AE47E0D,_/IMG_2378_edited (4).heic.xmp,True,139453510.34800005,,,Unknown,False,False,,28.408224999999998,-81.4627306,-180.0,-180.0,True,0.1
IMG_2378.HEIC,,4AAEC4A6-4236-41DB-B6FC-68B9223C8FCE,_/IMG_2378_edited (3).heic.xmp,True,117748399.38779902,,,Unknown,False,False,,28.408224999999998,-81.4627306,-180.0,-180.0,True,0.1
IMG_2378.HEIC,,F18C9382-BC0B-42E7-ACD7-0A7F4E96BF42,_/IMG_2378.HEIC.xmp,True,79906905.63315272,,,Unknown,False,False,,28.408224999999998,-81.4627306,-180.0,-180.0,True,0.1
IMG_2443.MOV,,0423A3F0-7A00-403E-9188-1263FA72AFD4,_/IMG_2443 (1).MOV.xmp,True,142630063.0,,,Unknown,False,False,,28.409599999999998,-81.464,43.0796,-79.0811,False,0.1
IMG_2443.MOV,,ADDEE19F-88F0-46D9-8E4A-70183CB748BE,_/IMG_2443 (2).MOV.xmp,True,180643628.0,,,Unknown,False,False,,28.409599999999998,-81.464,-180.0,-180.0,True,0.1
IMG_2391.HEIC,,07DCE493-93FA-4C4E-B458-E5D8DF435CFC,_/IMG_2391 (4).HEIC.xmp,True,142625166.74900007,,,Unknown,False,False,,28.4089,-81.462,43.088883333333335,-79.0757055,False,0.1
IMG_2391.HEIC,,E3A72E4F-895A-40C5-9201-1F08ABAB1326,_/IMG_2391_edited (6).heic.xmp,True,180564428.3499999,,,Unknown,False,False,,28.4089,-81.462,-180.0,-180.0,True,0.1
IMG_2391.HEIC,,DE8BEAC4-454E-4BF5-875A-BFC3DD836CE0,_/IMG_2391_edited (3).heic.xmp,True,139609917.8499999,,,Unknown,False,False,,28.4089,-81.462,-180.0,-180.0,True,0.1
IMG_2391.HEIC,,FDF1EDD7-414C-4B89-98FF-63EBE4F59E1B,_/IMG_2391_edited (1).heic.xmp,True,110667116.43769121,,,Unknown,False,False,,28.4089,-81.462,-180.0,-180.0,True,0.1
IMG_2391.HEIC,,396F7030-45C7-43F8-8866-D57F61742722,_/IMG_2391.HEIC.xmp,True,79907531.28529215,,,Unknown,False,False,,28.4089,-81.462,-180.0,-180.0,True,0.1
IMG_8756.HEIC,,6314A754-83AD-489E-B6CC-F815FB8A9B47,_/IMG_8756_edited (4).heic.xmp,True,199427124.3829999,,,Unknown,False,False,,0.0,0.0,-180.0,-180.0,False,0.1
IMG_8756.HEIC,,5AA76704-B1D7-41CA-AEA8-341E3CBE9724,_/IMG_8756_edited (2).heic.xmp,True,166668043.00099993,,,Unknown,False,False,,0.0,0.0,-180.0,-180.0,False,0.1
IMG_8756.HEIC,,C6C791BE-69CB-487C-8E01-E7237D3CD818,_/IMG_8756_edited.heic.xmp,True,113446294.50759602,,,Unknown,False,False,,0.0,0.0,-180.0,-180.0,False,0.1
IMG_2359.HEIC,,969DC801-4225-4C41-A8BD-74811A2276BB,_/IMG_2359_edited (10).heic.xmp,True,221521929.65700006,,,Unknown,False,False,,28.4083528,-81.4626778,-180.0,-180.0,True,0.1
IMG_2359.HEIC,,8656535E-6AC3-47B7-9A93-E5675541936F,_/IMG_2359_edited (9).heic.xmp,True,206989305.02799988,,,Unknown,False,False,,28.4083528,-81.4626778,-180.0,-180.0,True,0.1
IMG_2359.HEIC,,B81F637F-BC3F-48B7-B237-6F101B1FA713,_/IMG_2359_edited (4).heic.xmp,True,139451597.671,,,Unknown,False,False,,28.4083528,-81.4626778,-180.0,-180.0,True,0.1
IMG_2359.HEIC,,582F2E08-8FAF-470F-B675-76D5FD547F4A,_/IMG_2359_edited (3).heic.xmp,True,117748429.67937231,,,Unknown,False,False,,28.4083528,-81.4626778,-180.0,-180.0,True,0.1
IMG_2359.HEIC,,5D779A12-83B1-498D-BAB5-F6ABD7DB9D43,_/IMG_2359 (2).HEIC.xmp,True,110663774.33795428,,,Unknown,False,False,,28.4083528,-81.4626778,-180.0,-180.0,True,0.1
IMG_2359.HEIC,,39485280-217A-4ED9-9EF6-B86E46CA5E93,_/IMG_2359 (1).HEIC.xmp,True,79906986.0840888,,,Unknown,False,False,,28.4083528,-81.4626778,-180.0,-180.0,True,0.1
IMG_2319.HEIC,,3A548BD9-1DE4-4890-9B46-DA15DE90CCBC,_/IMG_2319 (3).HEIC.xmp,True,142489379.1960001,,,Unknown,False,False,,28.410899999999998,-81.4602,43.0838695,-79.07131116666666,False,0.1
IMG_2319.HEIC,,598EDCC1-D8EB-424D-9891-179D88A624AD,_/IMG_2319_edited (6).heic.xmp,True,206994027.73000002,,,Unknown,False,False,,28.410899999999998,-81.4602,-180.0,-180.0,True,0.1
IMG_2319.HEIC,,BCDF76E8-5B92-448D-B5F7-9762D50C1889,_/IMG_2319 (1).HEIC.xmp,True,110659276.65936708,,,Unknown,False,False,,28.410899999999998,-81.4602,-180.0,-180.0,True,0.1
IMG_2319.HEIC,,D2B3BE3B-2256-432F-AA9C-E8F5831B5D56,_/IMG_2319_edited.heic.xmp,True,79912028.15743732,,,Unknown,False,False,,28.410899999999998,-81.4602,-180.0,-180.0,True,0.1
IMG_2276.HEIC,,18BCD5A5-094B-42E5-9D89-C23F1548188E,_/IMG_2276 (4).HEIC.xmp,True,142031270.158,,,Unknown,False,False,,28.4105,-81.4613,33.781821666666666,-84.38043833333333,False,0.1
IMG_2276.HEIC,,CB2D2D04-4A9F-4E28-B619-559F180D20AD,_/IMG_2276_edited (8).heic.xmp,True,221450235.33099985,,,Unknown,False,False,,28.4105,-81.4613,-180.0,-180.0,True,0.1
IMG_2276.HEIC,,CCD3229A-58BF-4B4E-838C-4D05EAF8FD25,_/IMG_2276_edited (7).heic.xmp,True,206997658.3499999,,,Unknown,False,False,,28.4105,-81.4613,-180.0,-180.0,True,0.1
IMG_2276.HEIC,,6E36CEFD-763B-4150-8A9B-23D68A3B16B7,_/IMG_2276_edited (3).heic.xmp,True,139444794.98799992,,,Unknown,False,False,,28.4105,-81.4613,-180.0,-180.0,True,0.1
IMG_2276.HEIC,,A7FFF60D-EE38-4460-B830-56AC8CBC5083,_/IMG_2276_edited (2).heic.xmp,True,117652396.37692714,,,Unknown,False,False,,28.4105,-81.4613,-180.0,-180.0,True,0.1
IMG_2276.HEIC,,0D5178A5-0334-4294-B11E-526FF00EB2B5,_/IMG_2276_edited (1).heic.xmp,True,110663447.7692709,,,Unknown,False,False,,28.4105,-81.4613,-180.0,-180.0,True,0.1
IMG_2276.HEIC,,9DDA4E2E-B0E9-4E09-BBD5-0E83F0AF563E,_/IMG_2276.HEIC.xmp,True,79915744.37512112,,,Unknown,False,False,,28.4105,-81.4613,-180.0,-180.0,True,0.1
IMG_2386.HEIC,,9231AD88-AA60-4199-B918-67893D17004B,_/IMG_2386_edited (3).heic.xmp,True,142625388.90600014,,,Unknown,False,False,,28.4084,-81.4626,43.08889716666667,-79.07572216666667,False,0.1
IMG_2386.HEIC,,4D778CB7-BE61-4D2C-BE6B-6ABA6B2A478D,_/IMG_2386_edited (7).heic.xmp,True,221526294.14199996,,,Unknown,False,False,,28.4084,-81.4626,-180.0,-180.0,True,0.1
IMG_2386.HEIC,,6CF77CE2-4690-4FFA-B1EB-394931DB0E4B,_/IMG_2386_edited (6).heic.xmp,True,206994802.94500017,,,Unknown,False,False,,28.4084,-81.4626,-180.0,-180.0,True,0.1
IMG_2386.HEIC,,BB7DA606-0E24-49E2-8F9E-9774F9D57CE2,_/IMG_2386_edited (5).heic.xmp,True,180564636.81500006,,,Unknown,False,False,,28.4084,-81.4626,-180.0,-180.0,True,0.1
IMG_2386.HEIC,,1EC65425-CCE8-4A2D-8F8D-8B49BCCD0FB6,_/IMG_2386_edited (2).heic.xmp,True,117748521.67556143,,,Unknown,False,False,,28.4084,-81.4626,-180.0,-180.0,True,0.1
IMG_2386.HEIC,,99420E22-0847-4CAB-9173-2B4502FB1189,_/IMG_2386.HEIC.xmp,True,79907765.1417036,,,Unknown,False,False,,28.4084,-81.4626,-180.0,-180.0,True,0.1
IMG_2394.HEIC,,195169A9-D9B7-4405-A040-2A44729EFACE,_/IMG_2394 (3).HEIC.xmp,True,142625179.07599998,,,Unknown,False,False,,28.409,-81.4619,43.0888555,-79.07568333333333,False,0.1
IMG_2394.HEIC,,97A424E7-D1AE-4BAB-AF7D-890B9AC3A5E1,_/IMG_2394_edited (2).heic.xmp,True,139609930.86100006,,,Unknown,False,False,,28.409,-81.4619,-180.0,-180.0,True,0.1
IMG_2394.HEIC,,1895353B-C021-42B1-B263-C0D43AE53279,_/IMG_2394 (1).HEIC.xmp,True,110667233.24878645,,,Unknown,False,False,,28.409,-81.4619,-180.0,-180.0,True,0.1
IMG_2394.HEIC,,CE91458E-6A14-4870-8098-F122B4C02D2F,_/IMG_2394.HEIC.xmp,True,79907525.8241272,,,Unknown,False,False,,28.409,-81.4619,-180.0,-180.0,True,0.1
IMG_2338.HEIC,,C166CB5B-2302-4B63-8131-598284E61974,_/IMG_2338 (5).HEIC.xmp,True,142489695.23000002,,,Unknown,False,False,,28.4109306,-81.4603278,43.0836445,-79.07095283333334,False,0.1
IMG_2338.HEIC,,394D4F9A-0126-4D9D-AC58-4D14E70A6068,_/IMG_2338_edited (8).heic.xmp,True,206994031.20300007,,,Unknown,False,False,,28.4109306,-81.4603278,-180.0,-180.0,True,0.1
IMG_2338.HEIC,,9A063E8D-A0D8-457F-AA7E-95C2AAAE70F5,_/IMG_2338_edited (7).heic.xmp,True,180564057.0539999,,,Unknown,False,False,,28.4109306,-81.4603278,-180.0,-180.0,True,0.1
IMG_2338.HEIC,,FD407C7E-1225-4AF8-AEE1-E5266EAB4075,_/IMG_2338_edited (4).heic.xmp,True,139457717.85699987,,,Unknown,False,False,,28.4109306,-81.4603278,-180.0,-180.0,True,0.1
IMG_2338.HEIC,,E9873C38-50E7-498F-9BDA-F0BC5E3C1FA1,_/IMG_2338_edited (3).heic.xmp,True,117749147.15019894,,,Unknown,False,False,,28.4109306,-81.4603278,-180.0,-180.0,True,0.1
IMG_2338.HEIC,,FBD84D2C-C455-4EF7-A93C-568B4A463751,_/IMG_2338 (1).HEIC.xmp,True,79913122.47073412,,,Unknown,False,False,,28.4109306,-81.4603278,-180.0,-180.0,True,0.1
IMG_2338.HEIC,,1191C9D7-1645-4D99-B27D-26F3659A0BB7,_/IMG_2338.HEIC.xmp,True,60826763.67549753,,,Unknown,False,False,,28.4109306,-81.4603278,-180.0,-180.0,True,0.1
IMG_8753.HEIC,,E8986D56-9F74-44DB-9101-C42D7B6574E7,_/IMG_8753_edited (5).heic.xmp,True,199427161.3670001,,,Unknown,False,False,,0.0,0.0,-180.0,-180.0,False,0.1
IMG_8753.HEIC,,4F7F9FDB-007F-49C5-8C3F-51AE01EF9BD3,_/IMG_8753_edited (4).heic.xmp,True,166668082.15499997,,,Unknown,False,False,,0.0,0.0,-180.0,-180.0,False,0.1
IMG_8753.HEIC,,CD2BED12-B3B8-41B4-9AE2-980A061D9B4D,_/IMG_8753_edited (2).heic.xmp,True,132966384.77799988,,,Unknown,False,False,,0.0,0.0,-180.0,-180.0,False,0.1
IMG_8753.HEIC,,DDAC4AB8-AF93-4945-85D2-CE04B45E573D,_/IMG_8753_edited (1).heic.xmp,True,113446347.91756892,,,Unknown,False,False,,0.0,0.0,-180.0,-180.0,False,0.1
IMG_8753.HEIC,,221C5D5D-B7B5-4FB0-9207-A81F44A3582E,_/IMG_8753.HEIC.xmp,True,75836488.21396971,,,Unknown,False,False,,0.0,0.0,-180.0,-180.0,False,0.1
IMG_8019.JPG,,,,,,,,,,,,28.1893,-82.3621,,,True,0.0
IMG_8050.JPG,,,,,,,,,,,,27.949299999999997,-82.46159999999999,,,True,0.0
948F64F1-59D0-4B50-B169-FED7799C3802.jpg,,,,,,,,,,,,0.0,0.0,,,False,0.0
IMG_8015.JPG,,,,,,,,,,,,28.1893,-82.3621,,,True,0.0
IMG_8051.MOV,,,,,,,,,,,,27.949399999999997,-82.4614,,,True,0.0
IMG_7996.MOV,,,,,,,,,,,,28.179900000000004,-82.31949999999999,,,True,0.0
9FE60C04-D62E-4EBD-AE40-DF39C2265F2D.jpg,,,,,,,,,,,,0.0,0.0,,,False,0.0
IMG_7988.JPG,,,,,,,,,,,,28.0935,-82.50399999999999,,,True,0.0
IMG_8013.JPG,,,,,,,,,,,,28.1893,-82.3621,,,True,0.0
IMG_8072.JPG,,,,,,,,,,,,28.173299999999998,-82.35470000000001,,,True,0.0
IMG_8023.MOV,,0239B919-CB86-40FF-90B3-20160EF18064,_/IMG_8023 (3).MOV.xmp,True,182527472.0,,,Unknown,False,False,,28.1893,-82.362,-180.0,-180.0,True,0.1
IMG_8028.JPG,,,,,,,,,,,,27.9496,-82.4614,,,True,0.0
IMG_8067.JPG,,,,,,,,,,,,28.173199999999998,-82.35459999999999,,,True,0.0
IMG_8031.JPG,,,,,,,,,,,,27.949500000000004,-82.4615,,,True,0.0
IMG_8066.MOV,,A0AE9F01-01D1-4045-9821-5354DD732FDE,_/IMG_8066 (3).MOV.xmp,True,182273058.0,,,Unknown,False,False,,28.177699999999998,-82.3625,-180.0,-180.0,True,0.1
03053A65-0ACE-4F07-AA4F-A886FE30DC65.jpg,,,,,,,,,,,,0.0,0.0,,,False,0.0
IMG_8024.JPG,,,,,,,,,,,,27.9504,-82.4614,,,True,0.0
F25220DA-0DD6-4EF5-9725-3E5AAD368748.jpg,,,,,,,,,,,,0.0,0.0,,,False,0.0
IMG_7983.JPG,,,,,,,,,,,,28.0935,-82.5041,,,True,0.0
IMG_8044.JPG,,,,,,,,,,,,27.949299999999997,-82.46159999999999,,,True,0.0
IMG_7989.JPG,,,,,,,,,,,,28.0934,-82.50399999999999,,,True,0.0
IMG_8001.JPG,,,,,,,,,,,,28.1798,-82.31949999999999,,,True,0.0
IMG_7977.JPG,,,,,,,,,,,,28.0609,-82.42779999999999,,,True,0.0
IMG_8043.MOV,,FB347141-2796-4ED0-BFFA-00392DCDDF62,_/IMG_8043 (4).MOV.xmp,True,182446211.0,,,Unknown,False,False,,27.949299999999997,-82.4615,-180.0,-180.0,True,0.1
IMG_7997.MOV,,AE7A3513-A5B6-480F-B6F2-33703C5D8125,_/IMG_7997 (6).MOV.xmp,True,205469477.0,,,Unknown,False,False,,28.179900000000004,-82.31949999999999,-180.0,-180.0,True,0.1
IMG_7997.MOV,,53132FBD-8348-4C4E-9D2A-523901CE4CA0,_/IMG_7997 (5).MOV.xmp,True,182559735.0,,,Unknown,False,False,,28.179900000000004,-82.31949999999999,-180.0,-180.0,True,0.1
IMG_7997.MOV,,13B35BF9-D96E-42F8-9D22-FDF4ECBC571F,_/IMG_7997 (4).MOV.xmp,True,173672262.0,,,Unknown,False,False,,28.179900000000004,-82.31949999999999,-180.0,-180.0,True,0.1
IMG_8014.JPG,,,,,,,,,,,,28.1893,-82.3621,,,True,0.0
IMG_8022.MOV,,F4E39F17-5B89-4040-8899-16685AA46365,_/IMG_8022 (4).MOV.xmp,True,182527434.0,,,Unknown,False,False,,28.1893,-82.362,-180.0,-180.0,True,0.1
IMG_8022.MOV,,41667125-F022-4B74-90D9-0F466B436032,_/IMG_8022 (3).MOV.xmp,True,173640647.0,,,Unknown,False,False,,28.1893,-82.362,-180.0,-180.0,True,0.1
IMG_8075.JPG,,,,,,,,,,,,28.173299999999998,-82.35470000000001,,,True,0.0
IMG_8086.MOV,,922E1B28-02D1-4226-BF6B-2145E3D9FC19,_/IMG_8086 (1).MOV.xmp,True,121805457.0,,,Unknown,False,False,,28.1903,-82.35730000000001,-180.0,-180.0,True,0.1
84A65F1D-EE5C-491E-BAE3-1C338681CBB1.jpg,,,,,,,,,,,,0.0,0.0,,,False,0.0
IMG_8025.JPG,,,,,,,,,,,,27.950000000000003,-82.4618,,,True,0.0
IMG_8058.JPG,,,,,,,,,,,,27.949099999999998,-82.4627,,,True,0.0
IMG_7999.JPG,,,,,,,,,,,,28.1798,-82.31949999999999,,,True,0.0
IMG_7972.JPG,,,,,,,,,,,,28.2111,-82.3594,,,True,0.0
IMG_8054.JPG,,,,,,,,,,,,27.9492,-82.4617,,,True,0.0
IMG_7986.JPG,,,,,,,,,,,,28.0934,-82.50399999999999,,,True,0.0
IMG_8052.JPG,,,,,,,,,,,,27.9492,-82.4615,,,True,0.0
22A370A8-E965-4809-9093-53B716544CF7.jpg,,,,,,,,,,,,0.0,0.0,,,False,0.0
IMG_8077.MOV,,,,,,,,,,,,28.173299999999998,-82.3548,,,True,0.0
IMG_8085.MOV,,98DB7D54-D374-4165-8F82-C9571A5F5499,_/IMG_8085 (1).MOV.xmp,True,121799738.0,,,Unknown,False,False,,28.1903,-82.35730000000001,-180.0,-180.0,True,0.1
IMG_8021.MOV,,F4D24473-8FC3-4ED9-AECA-049F4146DFD4,_/IMG_8021 (6).MOV.xmp,True,205611378.0,,,Unknown,False,False,,28.1893,-82.362,-180.0,-180.0,True,0.1
IMG_8021.MOV,,88AA8E8B-CAA1-41EA-A848-85E9BFA8EA89,_/IMG_8021 (5).MOV.xmp,True,182527409.0,,,Unknown,False,False,,28.1893,-82.362,-180.0,-180.0,True,0.1
IMG_8021.MOV,,13A8134D-26D4-483C-85A3-9EE96E8D30A9,_/IMG_8021 (2).MOV.xmp,True,139764237.0,,,Unknown,False,False,,28.1893,-82.362,-180.0,-180.0,True,0.1
IMG_8039.JPG,,,,,,,,,,,,27.949399999999997,-82.4618,,,True,0.0
IMG_7998.JPG,,,,,,,,,,,,28.1798,-82.3194,,,True,0.0
IMG_8053.JPG,,,,,,,,,,,,27.9492,-82.4615,,,True,0.0
IMG_7979.JPG,,,,,,,,,,,,28.0609,-82.42779999999999,,,True,0.0
IMG_8046.JPG,,,,,,,,,,,,27.949299999999997,-82.4617,,,True,0.0
IMG_7981.JPG,,,,,,,,,,,,28.060699999999997,-82.4268,,,True,0.0
IMG_8055.JPG,,,,,,,,,,,,27.949099999999998,-82.4618,,,True,0.0
IMG_8034.JPG,,,,,,,,,,,,27.949399999999997,-82.4615,,,True,0.0
IMG_8076.MOV,,03F324FD-B086-41FC-AF02-ED00E122180D,_/IMG_8076 (2).MOV.xmp,True,182274093.0,,,Unknown,False,False,,28.173299999999998,-82.35470000000001,-180.0,-180.0,True,0.1
IMG_8076.MOV,,811BDBD8-EC47-49E2-B1A0-28C572C7DFB6,_/IMG_8076 (1).MOV.xmp,True,121812504.0,,,Unknown,False,False,,28.173299999999998,-82.35470000000001,-180.0,-180.0,True,0.1
IMG_8038.JPG,,,,,,,,,,,,27.949299999999997,-82.4614,,,True,0.0
IMG_8020.MOV,,80BDFC9A-21D0-4AC1-AB29-8FFD64EE2CBB,_/IMG_8020 (5).MOV.xmp,True,182527286.0,,,Unknown,False,False,,28.1893,-82.362,-180.0,-180.0,True,0.1
7C3A67E8-3F9A-4FE7-B902-A698DC09C1FB.jpg,,,,,,,,,,,,0.0,0.0,,,False,0.0
IMG_5255.JPG,,,,,,,,,,,,27.9511,-82.5454,,,True,0.0
IMG_5296.JPG,,,,,,,,,,,,27.944399999999998,-82.5239,,,True,0.0
IMG_5285.JPG,,,,,,,,,,,,27.950899999999997,-82.5463,,,True,0.0
IMG_5283.JPG,,,,,,,,,,,,27.950899999999997,-82.54639999999999,,,True,0.0
IMG_5290.JPG,,,,,,,,,,,,27.950899999999997,-82.5463,,,True,0.0
IMG_5277.JPG,,,,,,,,,,,,27.950899999999997,-82.54639999999999,,,True,0.0
IMG_5264.JPG,,,,,,,,,,,,27.950999999999997,-82.5455,,,True,0.0
IMG_5252.JPG,,,,,,,,,,,,27.950999999999997,-82.5455,,,True,0.0
IMG_5247.JPG,,,,,,,,,,,,28.1876,-82.3479,,,True,0.0
IMG_5284.JPG,,,,,,,,,,,,27.950899999999997,-82.54639999999999,,,True,0.0
IMG_5276.JPG,,69596273-FA6A-4CEE-B05D-CE26329D16E8,_/IMG_5276 (4).JPG.xmp,True,214850128.36944342,,,Unknown,False,False,,27.950799999999997,-82.5463,-180.0,-180.0,True,0.1
IMG_5257.JPG,,,,,,,,,,,,27.950999999999997,-82.5454,,,True,0.0
IMG_5248.JPG,,,,,,,,,,,,28.168699999999998,-82.3539,,,True,0.0
IMG_5273.JPG,,65CED7EF-5F25-40BD-83CD-543792E0C468,_/IMG_5273.JPG.xmp,True,68222752.0,,,Unknown,False,False,,27.950799999999997,-82.5463,-180.0,-180.0,True,0.1
IMG_5266.JPG,,,,,,,,,,,,27.9502,-82.54599999999999,,,True,0.0
IMG_5275.JPG,,,,,,,,,,,,27.950799999999997,-82.5463,,,True,0.0
IMG_5287.JPG,,,,,,,,,,,,27.950899999999997,-82.5463,,,True,0.0
IMG_5279.JPG,,,,,,,,,,,,27.950899999999997,-82.54639999999999,,,True,0.0
IMG_5292.JPG,,,,,,,,,,,,27.950899999999997,-82.5463,,,True,0.0
IMG_5281.JPG,,,,,,,,,,,,27.950899999999997,-82.54639999999999,,,True,0.0
IMG_5245.JPG,,3E7440AF-F0E5-4F86-B24A-8C83796542A2,_/IMG_5245.JPG.xmp,True,113499760.3142829,,,Unknown,False,False,,28.1876,-82.3479,-180.0,-180.0,True,0.1
IMG_5267.JPG,,23497C66-2532-431A-A29B-FF0EDE71CABF,_/IMG_5267 (1).JPG.xmp,True,113540784.96762967,,,Unknown,False,False,,27.9502,-82.5459,-180.0,-180.0,True,0.1
IMG_5261.JPG,,,,,,,,,,,,27.950999999999997,-82.5454,,,True,0.0
IMG_5272.JPG,,,,,,,,,,,,27.9502,-82.5461,,,True,0.0
IMG_5278.JPG,,,,,,,,,,,,27.950899999999997,-82.54639999999999,,,True,0.0
IMG_5293.JPG,,,,,,,,,,,,27.950899999999997,-82.5463,,,True,0.0
IMG_5295.JPG,,,,,,,,,,,,27.9443083,-82.52355279999999,,,True,0.0
IMG_5304.JPG,,,,,,,,,,,,27.944399999999998,-82.5238,,,True,0.0
P70603-124334.jpg,,,,,,,,,,,,0.0,0.0,,,False,0.0
P70603-150102.jpg,,,,,,,,,,,,0.0,0.0,,,False,0.0
P70603-122345.jpg,,,,,,,,,,,,0.0,0.0,,,False,0.0
P70603-143152.jpg,,,,,,,,,,,,0.0,0.0,,,False,0.0
P70603-140132.jpg,,,,,,,,,,,,0.0,0.0,,,False,0.0
P70603-124309.jpg,,,,,,,,,,,,0.0,0.0,,,False,0.0
V70603-150633.mp4,,,,,,,,,,,,0.0,0.0,,,False,0.0
P70603-140147.jpg,,,,,,,,,,,,0.0,0.0,,,False,0.0
P70603-122422.jpg,,,,,,,,,,,,0.0,0.0,,,False,0.0
P70603-105908.jpg,,,,,,,,,,,,0.0,0.0,,,False,0.0
V70603-132138.mp4,,,,,,,,,,,,0.0,0.0,,,False,0.0
P70603-143153.jpg,,,,,,,,,,,,0.0,0.0,,,False,0.0
P70603-150328.jpg,,,,,,,,,,,,0.0,0.0,,,False,0.0
P70603-173959.jpg,,,,,,,,,,,,0.0,0.0,,,False,0.0
V70603-132623.mp4,,,,,,,,,,,,0.0,0.0,,,False,0.0
P70603-122733.jpg,,,,,,,,,,,,0.0,0.0,,,False,0.0
P70603-174059.jpg,,,,,,,,,,,,0.0,0.0,,,False,0.0
P70603-143143.jpg,,,,,,,,,,,,0.0,0.0,,,False,0.0
P70603-140335.jpg,,,,,,,,,,,,0.0,0.0,,,False,0.0
P70603-174150.jpg,,,,,,,,,,,,0.0,0.0,,,False,0.0
P70603-122426.jpg,,,,,,,,,,,,0.0,0.0,,,False,0.0
P70603-174119.jpg,,,,,,,,,,,,0.0,0.0,,,False,0.0
P70603-122755.jpg,,,,,,,,,,,,0.0,0.0,,,False,0.0
P70603-122439.jpg,,,,,,,,,,,,0.0,0.0,,,False,0.0
V70603-174004.mp4,,,,,,,,,,,,0.0,0.0,,,False,0.0
P70603-134920.jpg,,,,,,,,,,,,0.0,0.0,,,False,0.0
V70603-174122.mp4,,,,,,,,,,,,0.0,0.0,,,False,0.0
P70603-150320.jpg,,,,,,,,,,,,0.0,0.0,,,False,0.0
V70603-132606.mp4,,,,,,,,,,,,0.0,0.0,,,False,0.0
IMG_0458.HEIC,,AE1D4C75-F2B4-4082-BA46-9C912577AF5B,_/IMG_0458 (4).HEIC.xmp,True,119322528.84868431,,,Unknown,False,False,,29.218427799999997,-81.0025556,42.35597,-71.066825,False,0.1
IMG_0458.HEIC,,6EE68641-29C7-4867-B32E-F47294E950C7,_/IMG_0458_edited (5).heic.xmp,True,182810502.85899997,,,Unknown,False,False,,29.218427799999997,-81.0025556,-180.0,-180.0,True,0.1
IMG_0458.HEIC,,A503033A-9863-4041-8AEA-C3E6DCB62F03,_/IMG_0458 (3).HEIC.xmp,True,116201271.94204426,,,Unknown,False,False,,29.218427799999997,-81.0025556,-180.0,-180.0,True,0.1
IMG_0458.HEIC,,BC30A9F1-E1DB-4D47-A62F-574D153C0AA4,_/IMG_0458 (2).HEIC.xmp,True,110691209.90471935,,,Unknown,False,False,,29.218427799999997,-81.0025556,-180.0,-180.0,True,0.1
IMG_0458.HEIC,,490D65C7-E677-4E34-8F55-FE48C0B2D63C,_/IMG_0458.HEIC.xmp,True,40283856.95847678,,,Unknown,False,False,,29.218427799999997,-81.0025556,-180.0,-180.0,True,0.1
IMG_0227.HEIC,,3F32E62E-2E1F-479B-A0FB-F01CD9F3773C,_/IMG_0227_edited (6).heic.xmp,True,182822174.98600006,,,Unknown,False,False,,29.2355,-81.01089999999999,-180.0,-180.0,True,0.1
IMG_0227.HEIC,,1870EC23-37C3-43AC-98C0-462B0DA90B51,_/IMG_0227_edited (1).heic.xmp,True,109758238.6032629,,,Unknown,False,False,,29.2355,-81.01089999999999,-180.0,-180.0,True,0.1
IMG_0227.HEIC,,23C87F3C-B729-46D0-832E-AACC747D595D,_/IMG_0227.HEIC.xmp,True,87199088.27230382,,,Unknown,False,False,,29.2355,-81.01089999999999,-180.0,-180.0,True,0.1
IMG_0333.MOV,,D81747E0-1DD5-429E-961A-17B1CD79836E,_/IMG_0333 (6).MOV.xmp,True,161479164.0,,,Unknown,False,False,,29.2186,-81.002,-180.0,-180.0,True,0.1
IMG_0333.MOV,,9A68A89E-3DDA-42E1-B1CC-213CF93463ED,_/IMG_0333.MOV.xmp,True,40125772.0,,,Unknown,False,False,,29.2186,-81.002,-180.0,-180.0,True,0.1
IMG_0275.HEIC,,3FCB238B-6DB0-49A4-ABF4-FD30DF6AD450,_/IMG_0275 (4).HEIC.xmp,True,118823388.35177898,,,Unknown,False,False,,29.2355,-81.01089999999999,41.122258333333335,-73.49043333333333,False,0.1
IMG_0275.HEIC,,6F90E16E-C34C-4B98-B718-C9A1D010FDE2,_/IMG_0275_edited (6).heic.xmp,True,143692945.5,,,Unknown,False,False,,29.2355,-81.01089999999999,-180.0,-180.0,True,0.1
IMG_0275.HEIC,,1F70AC53-3AE6-46FC-82CC-AB50A721C511,_/IMG_0275 (3).HEIC.xmp,True,109859920.13918495,,,Unknown,False,False,,29.2355,-81.01089999999999,-180.0,-180.0,True,0.1
IMG_0275.HEIC,,863B55B0-76E3-481E-B1EE-DCEF1D9232AF,_/IMG_0275 (2).HEIC.xmp,True,87198790.52457428,,,Unknown,False,False,,29.2355,-81.01089999999999,-180.0,-180.0,True,0.1
IMG_0275.HEIC,,EA51CD68-2118-40F5-84BE-16DFC1CACDBB,_/IMG_0275_edited (1).jpeg.xmp,True,62420564.05999994,,,Unknown,False,False,,29.2355,-81.01089999999999,-180.0,-180.0,True,0.1
IMG_0275.HEIC,,6C8C380F-FCA2-46E6-8D13-6F022DC157F7,_/IMG_0275.HEIC.xmp,True,40137354.63955355,,,Unknown,False,False,,29.2355,-81.01089999999999,-180.0,-180.0,True,0.1
IMG_0203.HEIC,,37DF3543-EFAF-4CC0-A840-0D87D73D44BB,_/IMG_0203_edited (9).heic.xmp,True,182866761.61899996,,,Unknown,False,False,,28.369699999999998,-81.5189,-180.0,-180.0,True,0.1
IMG_0203.HEIC,,E1151164-8B98-4DE7-ACC8-06905B856D27,_/IMG_0203_edited (8).heic.xmp,True,177637304.875,,,Unknown,False,False,,28.369699999999998,-81.5189,-180.0,-180.0,True,0.1
IMG_0203.HEIC,,CDD18BA5-3278-47C8-B7EB-FAA132CE35D5,_/IMG_0203_edited (5).heic.xmp,True,121869819.09760618,,,Unknown,False,False,,28.369699999999998,-81.5189,-180.0,-180.0,True,0.1
IMG_0203.HEIC,,D9FF8D55-7EBC-4F57-A4FA-7B605A0A31C9,_/IMG_0203 (3).HEIC.xmp,True,115835061.82925367,,,Unknown,False,False,,28.369699999999998,-81.5189,-180.0,-180.0,True,0.1
IMG_0203.HEIC,,7F7C9ED9-BB7D-48E1-9E96-36AF4825CA6F,_/IMG_0203 (2).HEIC.xmp,True,87179743.03459072,,,Unknown,False,False,,28.369699999999998,-81.5189,-180.0,-180.0,True,0.1
IMG_0203.HEIC,,40D98BEB-3BC1-4D39-9A61-6E9C496D58FD,_/IMG_0203 (1).HEIC.xmp,True,62426401.78100014,,,Unknown,False,False,,28.369699999999998,-81.5189,-180.0,-180.0,True,0.1
IMG_0203.HEIC,,74BAC871-0588-4170-B6B6-50664275875D,_/IMG_0203_edited.jpeg.xmp,True,40086610.34790397,,,Unknown,False,False,,28.369699999999998,-81.5189,-180.0,-180.0,True,0.1
IMG_0339.MOV,,F834F55C-B22A-436A-95F2-D6F97FE452B5,_/IMG_0339 (9).MOV.xmp,True,213344572.0,,,Unknown,False,False,,29.2185,-81.0021,-180.0,-180.0,True,0.1
IMG_0339.MOV,,B5A89DA1-249D-4E32-AF44-C8B0D153A148,_/IMG_0339 (6).MOV.xmp,True,161479093.0,,,Unknown,False,False,,29.2185,-81.0021,-180.0,-180.0,True,0.1
IMG_0339.MOV,,0DD3BDC6-A3DC-44FE-89B2-E7086A708CA7,_/IMG_0339.MOV.xmp,True,40172335.0,,,Unknown,False,False,,29.2185,-81.0021,-180.0,-180.0,True,0.1
IMG_0434.HEIC,,E84934D8-3160-403D-82F0-D90B149F9994,_/IMG_0434 (5).HEIC.xmp,True,119138104.24730206,,,Unknown,False,False,,29.218397200000002,-81.0025556,42.35940333333333,-71.0664,False,0.1
IMG_0434.HEIC,,99BE3427-0B2C-4592-A85C-E6B524541442,_/IMG_0434_edited (11).heic.xmp,True,213578866.30200005,,,Unknown,False,False,,29.218397200000002,-81.0025556,-180.0,-180.0,True,0.1
IMG_0434.HEIC,,CC554C84-9F59-4D09-B97B-E1275B21F32C,_/IMG_0434_edited (10).heic.xmp,True,182811014.47200012,,,Unknown,False,False,,29.218397200000002,-81.0025556,-180.0,-180.0,True,0.1
IMG_0434.HEIC,,1EABF13A-9173-4736-AA8C-CB8E223BBE3D,_/IMG_0434_edited (9).heic.xmp,True,177820675.1789999,,,Unknown,False,False,,29.218397200000002,-81.0025556,-180.0,-180.0,True,0.1
IMG_0434.HEIC,,09C82707-BFCE-4AF1-A745-3480A8B38833,_/IMG_0434_edited (8).heic.xmp,True,161545408.1789999,,,Unknown,False,False,,29.218397200000002,-81.0025556,-180.0,-180.0,True,0.1
IMG_0434.HEIC,,4C75CCC6-BE60-4241-9A71-5A193CD7126A,_/IMG_0434_edited (7).heic.xmp,True,143868196.50099993,,,Unknown,False,False,,29.218397200000002,-81.0025556,-180.0,-180.0,True,0.1
IMG_0434.HEIC,,20616D7D-1852-48E8-96FD-30FABF55B9DF,_/IMG_0434_edited (6).heic.xmp,True,121806999.83053827,,,Unknown,False,False,,29.218397200000002,-81.0025556,-180.0,-180.0,True,0.1
IMG_0434.HEIC,,2E069364-5C96-4C2C-B33A-BDD43F6056C2,_/IMG_0434 (4).HEIC.xmp,True,116141342.62071276,,,Unknown,False,False,,29.218397200000002,-81.0025556,-180.0,-180.0,True,0.1
IMG_0434.HEIC,,A6D82856-3FE7-4606-8381-98F987C3C434,_/IMG_0434_edited (3).heic.xmp,True,110689719.80683947,,,Unknown,False,False,,29.218397200000002,-81.0025556,-180.0,-180.0,True,0.1
IMG_0434.HEIC,,C0218223-5874-437A-93C8-A982CD58A665,_/IMG_0434 (1).HEIC.xmp,True,62813590.59800005,,,Unknown,False,False,,29.218397200000002,-81.0025556,-180.0,-180.0,True,0.1
IMG_0434.HEIC,,55D08D2A-78A9-4EB3-AE67-7D051149719C,_/IMG_0434.HEIC.xmp,True,40202684.54492283,,,Unknown,False,False,,29.218397200000002,-81.0025556,-180.0,-180.0,True,0.1
IMG_0283.HEIC,,F74ED7E6-1EA8-4A32-A73D-4D1D9C46E65E,_/IMG_0283_edited (5).heic.xmp,True,143692965.91199994,,,Unknown,False,False,,29.2355,-81.01089999999999,-180.0,-180.0,True,0.1
IMG_0283.HEIC,,C74881BB-7543-4088-827F-F016518CCAB0,_/IMG_0283_edited (2).heic.xmp,True,116070226.96358395,,,Unknown,False,False,,29.2355,-81.01089999999999,-180.0,-180.0,True,0.1
IMG_0283.HEIC,,E4057181-C8B2-4628-88F4-09DA2B809E3F,_/IMG_0283_edited (1).heic.xmp,True,109922658.95992231,,,Unknown,False,False,,29.2355,-81.01089999999999,-180.0,-180.0,True,0.1
IMG_0283.HEIC,,935B1A31-5943-4FF4-9FC1-DB2D18BD674E,_/IMG_0283.HEIC.xmp,True,87198770.52619982,,,Unknown,False,False,,29.2355,-81.01089999999999,-180.0,-180.0,True,0.1
IMG_0197.HEIC,,98F6D7B6-ED1F-4E46-BD02-F9D4F612EBB2,_/IMG_0197_edited (8).heic.xmp,True,177637857.8670001,,,Unknown,False,False,,28.3699,-81.5167,-180.0,-180.0,True,0.1
IMG_0197.HEIC,,208F7B2C-9B6D-46BE-8F5B-2AA6A1635D9D,_/IMG_0197_edited (6).heic.xmp,True,161135616.98199987,,,Unknown,False,False,,28.3699,-81.5167,-180.0,-180.0,True,0.1
IMG_0197.HEIC,,7723767B-8D65-4BFF-879E-01197D7581AE,_/IMG_0197 (3).HEIC.xmp,True,115835456.87629533,,,Unknown,False,False,,28.3699,-81.5167,-180.0,-180.0,True,0.1
IMG_0197.HEIC,,F030F5E8-6E2E-49B7-9566-7CC14B038CE1,_/IMG_0197 (2).HEIC.xmp,True,109730604.23238802,,,Unknown,False,False,,28.3699,-81.5167,-180.0,-180.0,True,0.1
IMG_0197.HEIC,,AD9C8AF0-E843-42D6-9D8D-B8D8BDEFF910,_/IMG_0197 (1).HEIC.xmp,True,87180269.60507965,,,Unknown,False,False,,28.3699,-81.5167,-180.0,-180.0,True,0.1
IMG_0197.HEIC,,6DE986F1-420C-41C4-93E8-0D5B12D6E072,_/IMG_0197.HEIC.xmp,True,40073195.18829203,,,Unknown,False,False,,28.3699,-81.5167,-180.0,-180.0,True,0.1
IMG_0305.HEIC,,A30B3C9E-A26B-4F66-BF3D-08E1D7145902,_/IMG_0305 (7).HEIC.xmp,True,181732352.73500013,,,Unknown,False,False,,29.235899999999997,-81.0116,42.198258333333335,2.7365333333333335,False,0.1
IMG_0305.HEIC,,18E07D86-7549-49D6-B923-4C39FBA3517D,_/IMG_0305_edited (8).heic.xmp,True,182829392.013,,,Unknown,False,False,,29.235899999999997,-81.0116,-180.0,-180.0,True,0.1
IMG_0305.HEIC,,A1776961-099B-4020-8113-0D61CFFD9772,_/IMG_0305_edited (6).heic.xmp,True,177839265.19299984,,,Unknown,False,False,,29.235899999999997,-81.0116,-180.0,-180.0,True,0.1
IMG_0305.HEIC,,9A15DE4F-DD27-46EB-9926-7D0808DBF522,_/IMG_0305_edited (5).heic.xmp,True,121832317.54795074,,,Unknown,False,False,,29.235899999999997,-81.0116,-180.0,-180.0,True,0.1
IMG_0305.HEIC,,FFD3CC79-33D9-4BAF-A2B3-C1E49E770062,_/IMG_0305 (3).HEIC.xmp,True,116080784.39218259,,,Unknown,False,False,,29.235899999999997,-81.0116,-180.0,-180.0,True,0.1
IMG_0305.HEIC,,55AA28DE-1125-44DA-B249-22421DE8CD0A,_/IMG_0305_edited (2).heic.xmp,True,109926390.23080277,,,Unknown,False,False,,29.235899999999997,-81.0116,-180.0,-180.0,True,0.1
IMG_0305.HEIC,,E355F706-1F6E-4B52-9AEE-C3F20823497E,_/IMG_0305 (1).HEIC.xmp,True,87198275.56371212,,,Unknown,False,False,,29.235899999999997,-81.0116,-180.0,-180.0,True,0.1
IMG_0305.HEIC,,506EA0F2-F2E5-4100-AB97-56711FCF4F0A,_/IMG_0305.HEIC.xmp,True,62468810.157000065,,,Unknown,False,False,,29.235899999999997,-81.0116,-180.0,-180.0,True,0.1
IMG_0352.HEIC,,38A5DFE9-A2A3-4483-A162-C0457D783EBC,_/IMG_0352 (8).HEIC.xmp,True,189508191.00699997,,,Unknown,False,False,,29.2185,-81.0025,28.21745,-82.354875,False,0.1
IMG_0352.HEIC,,2F079CCC-08B2-4F52-A4AA-086944789BD0,_/IMG_0352_edited (7).heic.xmp,True,182816939.42199993,,,Unknown,False,False,,29.2185,-81.0025,-180.0,-180.0,True,0.1
IMG_0352.HEIC,,BB743E8A-B25F-417F-8773-063CD3DC11DC,_/IMG_0352_edited (6).heic.xmp,True,177826803.8540001,,,Unknown,False,False,,29.2185,-81.0025,-180.0,-180.0,True,0.1
IMG_0352.HEIC,,0DF48A3E-9A08-4A7E-9185-35E1267F18B8,_/IMG_0352_edited (4).heic.xmp,True,121811899.41214037,,,Unknown,False,False,,29.2185,-81.0025,-180.0,-180.0,True,0.1
IMG_0352.HEIC,,D4FC4B47-7FF4-4785-ACC5-E94559DFBA63,_/IMG_0352 (2).HEIC.xmp,True,116060454.32758808,,,Unknown,False,False,,29.2185,-81.0025,-180.0,-180.0,True,0.1
IMG_0352.HEIC,,00F0420E-F757-476B-AEBB-51ABD3AD568C,_/IMG_0352 (1).HEIC.xmp,True,87177284.4409728,,,Unknown,False,False,,29.2185,-81.0025,-180.0,-180.0,True,0.1
IMG_0336.HEIC,,AF042988-D9DA-4B0D-8585-44F19C915CEB,_/IMG_0336 (3).HEIC.xmp,True,118890145.83258533,,,Unknown,False,False,,29.218472199999997,-81.0021139,41.50777,-73.986725,False,0.1
IMG_0336.HEIC,,FF5533DF-0FB2-4304-8A70-3695AD2F8A3D,_/IMG_0336 (8).HEIC.xmp,True,189325194.57399988,,,Unknown,False,False,,29.218472199999997,-81.0021139,28.21745,-82.354875,False,0.1
IMG_0336.HEIC,,C5BA776F-6B02-49DD-92C5-C508AC14FE54,_/IMG_0336_edited (7).heic.xmp,True,182814428.69700003,,,Unknown,False,False,,29.218472199999997,-81.0021139,-180.0,-180.0,True,0.1
IMG_0336.HEIC,,BF9E7CCF-8FFF-4495-A554-717E343F77B5,_/IMG_0336_edited (6).heic.xmp,True,177827044.74699998,,,Unknown,False,False,,29.218472199999997,-81.0021139,-180.0,-180.0,True,0.1
IMG_0336.HEIC,,AD93BF51-5DDC-4BBC-8B6A-467C95D102D8,_/IMG_0336_edited (4).heic.xmp,True,121812128.91251421,,,Unknown,False,False,,29.218472199999997,-81.0021139,-180.0,-180.0,True,0.1
IMG_0336.HEIC,,78C690C5-3E5F-488F-A4B9-F615A5D77014,_/IMG_0336 (2).HEIC.xmp,True,116060646.47541976,,,Unknown,False,False,,29.218472199999997,-81.0021139,-180.0,-180.0,True,0.1
IMG_0336.HEIC,,1D2B1B66-2A18-44DD-8FC3-252BD8AB1826,_/IMG_0336 (1).HEIC.xmp,True,109906221.61902857,,,Unknown,False,False,,29.218472199999997,-81.0021139,-180.0,-180.0,True,0.1
IMG_0336.HEIC,,E0556ADD-2CAE-44BD-9A9A-7E0C081E439E,_/IMG_0336.HEIC.xmp,True,87177611.40436506,,,Unknown,False,False,,29.218472199999997,-81.0021139,-180.0,-180.0,True,0.1
IMG_0236.JPG,,FAA9FA4A-51A1-4ED4-AA6E-52AEB86E4CF2,_/IMG_0236 (7).JPG.xmp,True,161095434.18107104,,,Unknown,False,False,,29.235524999999996,-81.0110028,-180.0,-180.0,True,0.1
IMG_0345.HEIC,,06237F9C-A388-4FAF-9627-32EA462DBAFA,_/IMG_0345 (4).HEIC.xmp,True,118889900.16753459,,,Unknown,False,False,,29.2184,-81.0026,41.50778666666667,-73.98671666666667,False,0.1
IMG_0345.HEIC,,10111B00-EBC3-4D60-8940-E9F0B5AF38D8,_/IMG_0345 (9).HEIC.xmp,True,189329651.4790001,,,Unknown,False,False,,29.2184,-81.0026,28.21745,-82.354875,False,0.1
IMG_0345.HEIC,,66BC9313-D2A0-4C8E-B4C8-CD257247A89B,_/IMG_0345 (10).HEIC.xmp,True,213344774.07299995,,,Unknown,False,False,,29.2184,-81.0026,-180.0,-180.0,True,0.1
IMG_0345.HEIC,,B27D35CF-B91C-48F4-A8D5-4D19D5FCB9A4,_/IMG_0345_edited (8).heic.xmp,True,182817001.63600016,,,Unknown,False,False,,29.2184,-81.0026,-180.0,-180.0,True,0.1
IMG_0345.HEIC,,E35295AD-9F76-4FAC-A633-119F2B4491B7,_/IMG_0345_edited (7).heic.xmp,True,177826842.07700014,,,Unknown,False,False,,29.2184,-81.0026,-180.0,-180.0,True,0.1
IMG_0345.HEIC,,12CF2B3B-8098-4AAB-8999-D9BCAC64C251,_/IMG_0345_edited (5).heic.xmp,True,121811910.28259087,,,Unknown,False,False,,29.2184,-81.0026,-180.0,-180.0,True,0.1
IMG_0345.HEIC,,FACCE54F-E300-42EC-A40F-B4C9540F25F8,_/IMG_0345 (3).HEIC.xmp,True,116060500.24115944,,,Unknown,False,False,,29.2184,-81.0026,-180.0,-180.0,True,0.1
IMG_0345.HEIC,,B304F4D2-F1BD-4A74-A0D2-8DE7CAD9FA16,_/IMG_0345 (2).HEIC.xmp,True,109909015.55299735,,,Unknown,False,False,,29.2184,-81.0026,-180.0,-180.0,True,0.1
IMG_0345.HEIC,,9F079FF4-68A4-42D4-912A-49F58C3ED840,_/IMG_0345 (1).HEIC.xmp,True,87177365.6728816,,,Unknown,False,False,,29.2184,-81.0026,-180.0,-180.0,True,0.1
IMG_0345.HEIC,,37B06F88-35C3-4B35-A60E-9AFDC2A99FD1,_/IMG_0345.HEIC.xmp,True,40185170.99319339,,,Unknown,False,False,,29.2184,-81.0026,-180.0,-180.0,True,0.1
IMG_0321.HEIC,,75A69D9B-CA7B-43F1-8DCF-B1D4E867EE31,_/IMG_0321_edited (8).heic.xmp,True,182809849.83800006,,,Unknown,False,False,,29.218630599999997,-81.0023028,-180.0,-180.0,True,0.1
IMG_0321.HEIC,,34580227-9E36-45E8-BFBE-1357473E102B,_/IMG_0321_edited (6).heic.xmp,True,177825759.19899988,,,Unknown,False,False,,29.218630599999997,-81.0023028,-180.0,-180.0,True,0.1
IMG_0321.HEIC,,2666E009-EA4D-4FA4-B297-8EABAC03CC94,_/IMG_0321 (2).HEIC.xmp,True,116060949.50762415,,,Unknown,False,False,,29.218630599999997,-81.0023028,-180.0,-180.0,True,0.1
IMG_0321.HEIC,,054E615D-6187-4057-A6A8-8766A306104A,_/IMG_0321 (1).HEIC.xmp,True,87178076.50114894,,,Unknown,False,False,,29.218630599999997,-81.0023028,-180.0,-180.0,True,0.1
IMG_0300.HEIC,,9852F565-511C-484B-B31A-C6AFF3FA07A4,_/IMG_0300 (3).HEIC.xmp,True,118845208.25790215,,,Unknown,False,False,,29.2354,-81.0115,41.1106945,-73.33115333333333,False,0.1
IMG_0300.HEIC,,E5BF96D0-BC29-4597-A473-0484E66C8902,_/IMG_0300 (8).HEIC.xmp,True,180947204.931,,,Unknown,False,False,,29.2354,-81.0115,37.385191666666664,-5.992983333333333,False,0.1
IMG_0300.HEIC,,8F84071B-67F4-4166-8136-01E1CC2318C7,_/IMG_0300_edited (9).heic.xmp,True,182829475.33200002,,,Unknown,False,False,,29.2354,-81.0115,-180.0,-180.0,True,0.1
IMG_0300.HEIC,,0EB2DAED-5DA3-4C95-9059-B6FC45C964E1,_/IMG_0300_edited (7).heic.xmp,True,177839225.92499995,,,Unknown,False,False,,29.2354,-81.0115,-180.0,-180.0,True,0.1
IMG_0300.HEIC,,5EB5C743-C97B-4EBF-BA97-D9253ED66D5B,_/IMG_0300_edited (5).heic.xmp,True,143692587.18700004,,,Unknown,False,False,,29.2354,-81.0115,-180.0,-180.0,True,0.1
IMG_0300.HEIC,,4A684DF3-631D-43E3-B34D-275C37F3513D,_/IMG_0300_edited (4).heic.xmp,True,121832442.47885513,,,Unknown,False,False,,29.2354,-81.0115,-180.0,-180.0,True,0.1
IMG_0300.HEIC,,5B933D42-0B6D-4D68-BC48-9906A3BFEF38,_/IMG_0300 (2).HEIC.xmp,True,116077689.42692423,,,Unknown,False,False,,29.2354,-81.0115,-180.0,-180.0,True,0.1
IMG_0300.HEIC,,28BBF84D-C689-424B-AF03-A449E7B95BBD,_/IMG_0300 (1).HEIC.xmp,True,87198428.1616993,,,Unknown,False,False,,29.2354,-81.0115,-180.0,-180.0,True,0.1
IMG_0460.HEIC,,2F3D9F52-956F-4C7D-A060-DD73077B6DD6,_/IMG_0460_edited (8).heic.xmp,True,213655975.15899992,,,Unknown,False,False,,28.190199999999997,-82.3571,-180.0,-180.0,True,0.1
IMG_0460.HEIC,,F3CCB3ED-0F4E-40F3-9D4F-F63844BEE3A3,_/IMG_0460_edited (7).heic.xmp,True,182786792.18200016,,,Unknown,False,False,,28.190199999999997,-82.3571,-180.0,-180.0,True,0.1
IMG_0460.HEIC,,09B82AAA-9521-4950-8E37-3DF16C9490FB,_/IMG_0460_edited (6).heic.xmp,True,177874193.52199984,,,Unknown,False,False,,28.190199999999997,-82.3571,-180.0,-180.0,True,0.1
IMG_0460.HEIC,,865B8187-21E5-497A-9F61-74098B351C75,_/IMG_0460 (3).HEIC.xmp,True,116177557.37549973,,,Unknown,False,False,,28.190199999999997,-82.3571,-180.0,-180.0,True,0.1
IMG_0460.HEIC,,3B4C7998-58AC-4FD6-9281-0E2F4D64FE99,_/IMG_0460.HEIC.xmp,True,40260697.04647446,,,Unknown,False,False,,28.190199999999997,-82.3571,-180.0,-180.0,True,0.1
IMG_0214.MOV,,F2C3F3D0-B940-45CB-8A71-06858586E4F6,_/IMG_0214 (2).MOV.xmp,True,118693342.0,,,Unknown,False,False,,28.3373,-81.57249999999999,37.7842,-78.8671,False,0.1
IMG_0214.MOV,,C8AC9E6C-3BA8-49DC-B408-7481BDF69E2C,_/IMG_0214 (5).MOV.xmp,True,166596678.0,,,Unknown,False,False,,28.3373,-81.57249999999999,36.112,-115.1764,False,0.1
IMG_0214.MOV,,78FE43C5-D086-4DD4-8242-80B90C15E3A0,_/IMG_0214 (4).MOV.xmp,True,161130296.0,,,Unknown,False,False,,28.3373,-81.57249999999999,-180.0,-180.0,True,0.1
IMG_0214.MOV,,2AA20E8C-AAAE-46EA-B85E-91C0E0FC68A6,_/IMG_0214 (3).MOV.xmp,True,121865065.0,,,Unknown,False,False,,28.3373,-81.57249999999999,-180.0,-180.0,True,0.1
IMG_0214.MOV,,3E9D84A9-058E-4539-B0F1-2B24B6571F3B,_/IMG_0214.MOV.xmp,True,62422526.0,,,Unknown,False,False,,28.3373,-81.57249999999999,-180.0,-180.0,True,0.1
IMG_0186.HEIC,,27E276EE-95DA-471D-9B02-A2DE9DBF315F,_/IMG_0186 (4).HEIC.xmp,True,118603832.2814076,,,Unknown,False,False,,28.3708556,-81.51554999999999,32.081066666666665,-81.03675,False,0.1
IMG_0186.HEIC,,3F0376F2-3EDF-4144-823F-F32EA10FF44F,_/IMG_0186 (7).HEIC.xmp,True,163036358.18700004,,,Unknown,False,False,,28.3708556,-81.51554999999999,39.68038,-105.89766666666667,False,0.1
IMG_0186.HEIC,,48CBE4E2-2ECA-484D-92B0-F2871B40308A,_/IMG_0186_edited (10).heic.xmp,True,213133492.842,,,Unknown,False,False,,28.3708556,-81.51554999999999,-180.0,-180.0,True,0.1
IMG_0186.HEIC,,D00B1B58-4A78-43E1-941C-22308AC43E3F,_/IMG_0186_edited (9).heic.xmp,True,182867485.4949999,,,Unknown,False,False,,28.3708556,-81.51554999999999,-180.0,-180.0,True,0.1
IMG_0186.HEIC,,7B27A9A2-2550-45D2-ACC0-099441516862,_/IMG_0186_edited (8).heic.xmp,True,177638498.352,,,Unknown,False,False,,28.3708556,-81.51554999999999,-180.0,-180.0,True,0.1
IMG_0186.HEIC,,5F23C786-0423-4379-B130-BD92D15BAAED,_/IMG_0186_edited (6).heic.xmp,True,161135941.17400002,,,Unknown,False,False,,28.3708556,-81.51554999999999,-180.0,-180.0,True,0.1
IMG_0186.HEIC,,0F2A3C68-AF64-4FE7-8456-BE9BDAC93EC5,_/IMG_0186 (3).HEIC.xmp,True,115835903.93352246,,,Unknown,False,False,,28.3708556,-81.51554999999999,-180.0,-180.0,True,0.1
IMG_0186.HEIC,,1A0F3EBB-3888-4A2F-B393-E6E57C229A0A,_/IMG_0186 (2).HEIC.xmp,True,109731092.64712548,,,Unknown,False,False,,28.3708556,-81.51554999999999,-180.0,-180.0,True,0.1
IMG_0186.HEIC,,D6DBAD0D-889D-4BD1-AEBA-C703F3C3202A,_/IMG_0186 (1).HEIC.xmp,True,87181001.72916126,,,Unknown,False,False,,28.3708556,-81.51554999999999,-180.0,-180.0,True,0.1
IMG_0338.MOV,,2AB9E3C6-D8AE-4DC3-92B0-2BCC401E6D4F,_/IMG_0338 (6).MOV.xmp,True,161479068.0,,,Unknown,False,False,,29.2185,-81.0021,-180.0,-180.0,True,0.1
IMG_0338.MOV,,30C41031-CF66-40BF-B0A9-4E5AC07BD8D9,_/IMG_0338.MOV.xmp,True,40172337.0,,,Unknown,False,False,,29.2185,-81.0021,-180.0,-180.0,True,0.1
IMG_0311.HEIC,,944AE164-F07F-4BDE-A0EB-E27B923643E2,_/IMG_0311 (4).HEIC.xmp,True,118825144.66183424,,,Unknown,False,False,,29.218480600000003,-81.0025167,41.110675,-73.33110833333333,False,0.1
IMG_0311.HEIC,,9E20EF95-6F28-4752-8BF0-7ABFA4FD2237,_/IMG_0311_edited (7).heic.xmp,True,177822434.306,,,Unknown,False,False,,29.218480600000003,-81.0025167,-180.0,-180.0,True,0.1
IMG_0311.HEIC,,85922CD8-C651-46D2-A288-CE4BA6CBBF1A,_/IMG_0311_edited (5).heic.xmp,True,121812462.6701684,,,Unknown,False,False,,29.218480600000003,-81.0025167,-180.0,-180.0,True,0.1
IMG_0311.HEIC,,B4F4C395-F82C-4D8D-864D-D25800E447E9,_/IMG_0311 (2).HEIC.xmp,True,109906858.82891178,,,Unknown,False,False,,29.218480600000003,-81.0025167,-180.0,-180.0,True,0.1
IMG_0311.HEIC,,ECD03F81-46E4-4C6C-BF6F-3A6F29B1E4C4,_/IMG_0311 (1).HEIC.xmp,True,87178342.86563015,,,Unknown,False,False,,29.218480600000003,-81.0025167,-180.0,-180.0,True,0.1
IMG_0456.HEIC,,A605612F-7D85-4236-92C9-80798EFF6067,_/IMG_0456_edited (6).heic.xmp,True,182810939.53200006,,,Unknown,False,False,,29.2184417,-81.0025778,-180.0,-180.0,True,0.1
IMG_0456.HEIC,,813CFBCB-CCED-4ECB-962E-436B9E9B21F3,_/IMG_0456_edited (5).heic.xmp,True,121806718.8979361,,,Unknown,False,False,,29.2184417,-81.0025778,-180.0,-180.0,True,0.1
IMG_0456.HEIC,,C32260EA-0928-424B-BC78-DCFE41928485,_/IMG_0456_edited (2).heic.xmp,True,110691336.80086851,,,Unknown,False,False,,29.2184417,-81.0025778,-180.0,-180.0,True,0.1
IMG_0456.HEIC,,61DD5721-B929-4486-9DF2-62A587036126,_/IMG_0456.HEIC.xmp,True,40280740.81018376,,,Unknown,False,False,,29.2184417,-81.0025778,-180.0,-180.0,True,0.1
IMG_0432.HEIC,,F0237B9E-C006-4F0E-B7AD-B004347A1816,_/IMG_0432_edited (11).heic.xmp,True,213578680.55700016,,,Unknown,False,False,,29.2184,-81.0026,-180.0,-180.0,True,0.1
IMG_0432.HEIC,,4704E271-C2B0-4EB1-9AAC-BCF86D790A24,_/IMG_0432_edited (10).heic.xmp,True,182811533.79299998,,,Unknown,False,False,,29.2184,-81.0026,-180.0,-180.0,True,0.1
IMG_0432.HEIC,,49B3E181-9C15-4AB4-8611-4F45D83D8D2E,_/IMG_0432_edited (9).heic.xmp,True,177821191.21300006,,,Unknown,False,False,,29.2184,-81.0026,-180.0,-180.0,True,0.1
IMG_0432.HEIC,,E31027DD-123A-4CF2-BD67-A21D0508B883,_/IMG_0432_edited (8).heic.xmp,True,161545786.5409999,,,Unknown,False,False,,29.2184,-81.0026,-180.0,-180.0,True,0.1
IMG_0432.HEIC,,0786BEE6-2E94-4330-882E-40137E875D91,_/IMG_0432_edited (7).heic.xmp,True,143868692.5710001,,,Unknown,False,False,,29.2184,-81.0026,-180.0,-180.0,True,0.1
IMG_0432.HEIC,,4A509904-1820-4AAA-85F3-80122285702D,_/IMG_0432_edited (6).heic.xmp,True,121807521.29697514,,,Unknown,False,False,,29.2184,-81.0026,-180.0,-180.0,True,0.1
IMG_0432.HEIC,,719D3292-1243-46B9-AB64-EC3D41396FCB,_/IMG_0432 (4).HEIC.xmp,True,116141845.13096285,,,Unknown,False,False,,29.2184,-81.0026,-180.0,-180.0,True,0.1
IMG_0432.HEIC,,20CC5A7D-5837-4A58-A2B5-F1A33961F684,_/IMG_0432_edited (3).heic.xmp,True,110690237.70258665,,,Unknown,False,False,,29.2184,-81.0026,-180.0,-180.0,True,0.1
IMG_0432.HEIC,,AE7D76DF-D4D9-460B-9544-C27B9C0000E7,_/IMG_0432 (1).HEIC.xmp,True,62814092.66100001,,,Unknown,False,False,,29.2184,-81.0026,-180.0,-180.0,True,0.1
IMG_0432.HEIC,,885C26FD-C1A5-4F04-8FCC-E0DFAC5316E5,_/IMG_0432.HEIC.xmp,True,40203191.89543724,,,Unknown,False,False,,29.2184,-81.0026,-180.0,-180.0,True,0.1
IMG_0420.HEIC,,90E002CD-F61F-4EE4-8FC3-4D38C858446A,_/IMG_0420 (5).HEIC.xmp,True,119138862.82497978,,,Unknown,False,False,,29.2184,-81.0026,42.35927,-71.0595555,False,0.1
IMG_0420.HEIC,,36A6654A-E757-477A-AB0F-2F9CA715C99A,_/IMG_0420_edited (11).heic.xmp,True,213584150.54999995,,,Unknown,False,False,,29.2184,-81.0026,-180.0,-180.0,True,0.1
IMG_0420.HEIC,,BCD59010-BF3F-4C3B-AC18-CBE5BACA1DC2,_/IMG_0420_edited (10).heic.xmp,True,182816947.92799997,,,Unknown,False,False,,29.2184,-81.0026,-180.0,-180.0,True,0.1
IMG_0420.HEIC,,D89703DD-0C9A-48EA-9411-89FA5416DACF,_/IMG_0420_edited (9).heic.xmp,True,177826671.013,,,Unknown,False,False,,29.2184,-81.0026,-180.0,-180.0,True,0.1
IMG_0420.HEIC,,69AEC28B-E05F-4F52-BF5D-26934C719D0D,_/IMG_0420_edited (8).heic.xmp,True,161550489.38399982,,,Unknown,False,False,,29.2184,-81.0026,-180.0,-180.0,True,0.1
IMG_0420.HEIC,,921B6F04-3AA5-480E-87C8-26169ACB0160,_/IMG_0420_edited (7).heic.xmp,True,143874071.29400015,,,Unknown,False,False,,29.2184,-81.0026,-180.0,-180.0,True,0.1
IMG_0420.HEIC,,8DAF390F-151B-431C-99CF-086989028995,_/IMG_0420_edited (6).heic.xmp,True,121813040.02322555,,,Unknown,False,False,,29.2184,-81.0026,-180.0,-180.0,True,0.1
IMG_0420.HEIC,,67FCC305-DB66-4C8D-9024-0BFFFD9A8405,_/IMG_0420_edited (3).heic.xmp,True,110688832.73473597,,,Unknown,False,False,,29.2184,-81.0026,-180.0,-180.0,True,0.1
IMG_0420.HEIC,,EC5BF2D7-3A0B-486D-BECE-71B24FFE7BA5,_/IMG_0420_edited (1).jpeg.xmp,True,62819290.349999905,,,Unknown,False,False,,29.2184,-81.0026,-180.0,-180.0,True,0.1
IMG_0420.HEIC,,A45C0765-2D11-44C6-95A4-6F0C1C68AC3E,_/IMG_0420.HEIC.xmp,True,40208699.23830414,,,Unknown,False,False,,29.2184,-81.0026,-180.0,-180.0,True,0.1
IMG_0183.HEIC,,DA142F92-0EE4-4244-81F6-B10DC7F223D4,_/IMG_0183_edited (6).heic.xmp,True,163036561.85699987,,,Unknown,False,False,,28.370741700000004,-81.51537220000002,39.680375,-105.897645,False,0.1
IMG_0183.HEIC,,FDF3D1F2-54A8-41BB-BDEA-47B8C9CF648C,_/IMG_0183_edited (9).heic.xmp,True,213133741.01399994,,,Unknown,False,False,,28.370741700000004,-81.51537220000002,-180.0,-180.0,True,0.1
IMG_0183.HEIC,,C179BB76-6FB4-46D6-8536-35FFB4422BAE,_/IMG_0183_edited (8).heic.xmp,True,182867702.4619999,,,Unknown,False,False,,28.370741700000004,-81.51537220000002,-180.0,-180.0,True,0.1
IMG_0183.HEIC,,84FAC4F4-C160-4A06-B7E9-034E48E3E9D2,_/IMG_0183_edited (7).heic.xmp,True,177637481.921,,,Unknown,False,False,,28.370741700000004,-81.51537220000002,-180.0,-180.0,True,0.1
IMG_0183.HEIC,,513D442A-4D7D-49C9-8237-6F8B13FA64D3,_/IMG_0183_edited (5).heic.xmp,True,161136190.93499994,,,Unknown,False,False,,28.370741700000004,-81.51537220000002,-180.0,-180.0,True,0.1
IMG_0183.HEIC,,1A68BE88-75A4-47B1-82C2-5616C404F9EB,_/IMG_0183 (3).HEIC.xmp,True,115836171.96630955,,,Unknown,False,False,,28.370741700000004,-81.51537220000002,-180.0,-180.0,True,0.1
IMG_0183.HEIC,,474DC4A8-25A7-42FC-A06A-C18964A3038D,_/IMG_0183 (2).HEIC.xmp,True,109731289.36540961,,,Unknown,False,False,,28.370741700000004,-81.51537220000002,-180.0,-180.0,True,0.1
IMG_0183.HEIC,,81CF6682-B863-4560-B980-6A16F48A5655,_/IMG_0183 (1).HEIC.xmp,True,87181267.79083705,,,Unknown,False,False,,28.370741700000004,-81.51537220000002,-180.0,-180.0,True,0.1
IMG_0330.HEIC,,FFBE5F6F-17D1-4129-A561-A27EE5F4FFD4,_/IMG_0330 (4).HEIC.xmp,True,118890385.66437912,,,Unknown,False,False,,29.2186083,-81.0019528,41.507775,-73.986725,False,0.1
IMG_0330.HEIC,,E3B0A7AB-E133-4964-BA90-5E2834356878,_/IMG_0330 (9).HEIC.xmp,True,184463192.73600006,,,Unknown,False,False,,29.2186083,-81.0019528,28.217533333333332,-82.35481333333334,False,0.1
IMG_0330.HEIC,,D79B4025-1A44-4F72-BC39-AB67DC6E5C73,_/IMG_0330_edited (10).heic.xmp,True,213342733.82200003,,,Unknown,False,False,,29.2186083,-81.0019528,-180.0,-180.0,True,0.1
IMG_0330.HEIC,,9EAE3A31-E20A-4522-A189-F5171D850937,_/IMG_0330_edited (5).heic.xmp,True,121812364.4783752,,,Unknown,False,False,,29.2186083,-81.0019528,-180.0,-180.0,True,0.1
IMG_0330.HEIC,,9EB3A893-DD9D-4BD0-9F8E-4347D20DECB7,_/IMG_0330 (3).HEIC.xmp,True,116060836.75560379,,,Unknown,False,False,,29.2186083,-81.0019528,-180.0,-180.0,True,0.1
IMG_0330.HEIC,,B39E3210-87AE-4118-8E8F-8B0055406F24,_/IMG_0330 (2).HEIC.xmp,True,87177851.83641052,,,Unknown,False,False,,29.2186083,-81.0019528,-180.0,-180.0,True,0.1
IMG_0330.HEIC,,35BFB028-354C-402B-ADCB-32711C51CB90,_/IMG_0330 (1).HEIC.xmp,True,62583458.49000001,,,Unknown,False,False,,29.2186083,-81.0019528,-180.0,-180.0,True,0.1
IMG_0330.HEIC,,183D5BA3-DDC5-4078-96F8-93551D59C965,_/IMG_0330.HEIC.xmp,True,40120703.43644714,,,Unknown,False,False,,29.2186083,-81.0019528,-180.0,-180.0,True,0.1
IMG_0303.HEIC,,237B3B96-A1A0-4519-8F47-C7BF94848CE5,_/IMG_0303 (3).HEIC.xmp,True,118845075.92514014,,,Unknown,False,False,,29.235899999999997,-81.0116,41.1107,-73.33115333333333,False,0.1
IMG_0303.HEIC,,253CF492-84B9-43B1-A7FE-E0912022B9FD,_/IMG_0303 (7).HEIC.xmp,True,180947080.671,,,Unknown,False,False,,29.235899999999997,-81.0116,37.385175,-5.992991666666667,False,0.1
IMG_0303.HEIC,,7071BCDC-E4F8-4884-9E48-F531D742816A,_/IMG_0303_edited (8).heic.xmp,True,182829401.63100004,,,Unknown,False,False,,29.235899999999997,-81.0116,-180.0,-180.0,True,0.1
IMG_0303.HEIC,,A68B8FFD-7C52-4FBC-AB63-9EDD4F0703AC,_/IMG_0303_edited (6).heic.xmp,True,177839285.32700014,,,Unknown,False,False,,29.235899999999997,-81.0116,-180.0,-180.0,True,0.1
IMG_0303.HEIC,,001A49F7-356F-4367-868B-06E438405F54,_/IMG_0303_edited (5).heic.xmp,True,143692468.56099987,,,Unknown,False,False,,29.235899999999997,-81.0116,-180.0,-180.0,True,0.1
IMG_0303.HEIC,,BDCDB99A-F215-4D28-A4C7-19514DD4B07C,_/IMG_0303_edited (4).heic.xmp,True,121832323.91304064,,,Unknown,False,False,,29.235899999999997,-81.0116,-180.0,-180.0,True,0.1
IMG_0303.HEIC,,318B7C13-5BA0-4DEE-A141-22D52E18A2B8,_/IMG_0303 (2).HEIC.xmp,True,116080796.9909749,,,Unknown,False,False,,29.235899999999997,-81.0116,-180.0,-180.0,True,0.1
IMG_0303.HEIC,,FAAA68F5-F0DB-40F3-8260-53E635A6846C,_/IMG_0303_edited (1).heic.xmp,True,109926376.1370287,,,Unknown,False,False,,29.235899999999997,-81.0116,-180.0,-180.0,True,0.1
IMG_0303.HEIC,,0D9789E5-ADF0-4A23-A4CC-A740738D1D07,_/IMG_0303.HEIC.xmp,True,87198296.6295948,,,Unknown,False,False,,29.235899999999997,-81.0116,-180.0,-180.0,True,0.1
IMG_0224.HEIC,,915E2C16-3D94-499C-BC0C-B5AD62957AA0,_/IMG_0224 (4).HEIC.xmp,True,166558515.33299994,,,Unknown,False,False,,29.2355,-81.01089999999999,36.11215283333333,-115.17658833333333,False,0.1
IMG_0224.HEIC,,42D23888-5666-49F7-8288-992E41EA125B,_/IMG_0224_edited (5).heic.xmp,True,182822212.14499998,,,Unknown,False,False,,29.2355,-81.01089999999999,-180.0,-180.0,True,0.1
IMG_0224.HEIC,,D876CB6D-4A34-490B-B541-73824E453609,_/IMG_0224_edited (1).heic.xmp,True,109758262.39326262,,,Unknown,False,False,,29.2355,-81.01089999999999,-180.0,-180.0,True,0.1
IMG_0224.HEIC,,9175F226-6F3E-469C-B5A6-1745A7D5AB0D,_/IMG_0224.HEIC.xmp,True,87199104.315691,,,Unknown,False,False,,29.2355,-81.01089999999999,-180.0,-180.0,True,0.1
IMG_0154.HEIC,,51A56882-8F9A-47BD-A53B-C44998D1C90F,_/IMG_0154 (5).HEIC.xmp,True,117822710.25600004,,,Unknown,False,False,,28.371,-81.5157,28.520546666666668,-82.59632833333333,False,0.1
IMG_0154.HEIC,,E4A954CB-E158-4F82-8A0A-08B6B7348ECA,_/IMG_0154_edited (9).heic.xmp,True,182816419.18799996,,,Unknown,False,False,,28.371,-81.5157,-180.0,-180.0,True,0.1
IMG_0154.HEIC,,FF90C726-681A-46D7-95E8-E18791F3DF2E,_/IMG_0154_edited (3).heic.xmp,True,109717904.1178317,,,Unknown,False,False,,28.371,-81.5157,-180.0,-180.0,True,0.1
IMG_0154.HEIC,,58C24E73-71CF-4AA2-88B0-3D21D5FFBDB8,_/IMG_0154 (2).HEIC.xmp,True,87178791.14030075,,,Unknown,False,False,,28.371,-81.5157,-180.0,-180.0,True,0.1
IMG_0154.HEIC,,3D73F645-9D9A-4315-AE9C-2B7A3B8FCDE3,_/IMG_0154 (1).HEIC.xmp,True,62120239.32999992,,,Unknown,False,False,,28.371,-81.5157,-180.0,-180.0,True,0.1
IMG_0449.HEIC,,AA5F7CA0-81A2-4ACC-8DAB-6B72E84DC2C8,_/IMG_0449_edited (9).heic.xmp,True,227593901.90899992,,,Unknown,False,False,,29.218394399999998,-81.002625,-180.0,-180.0,True,0.1
IMG_0449.HEIC,,0A7E01AF-18D3-44BA-9771-729FD156F3BC,_/IMG_0449_edited (8).heic.xmp,True,213579549.36299992,,,Unknown,False,False,,29.218394399999998,-81.002625,-180.0,-180.0,True,0.1
IMG_0449.HEIC,,681E2396-5281-4384-B1B6-7248F07ADF17,_/IMG_0449_edited (7).heic.xmp,True,182811037.01999998,,,Unknown,False,False,,29.218394399999998,-81.002625,-180.0,-180.0,True,0.1
IMG_0449.HEIC,,CB36D666-C9D5-4640-ACDA-694A0F9D12A4,_/IMG_0449_edited (6).heic.xmp,True,143869387.2420001,,,Unknown,False,False,,29.218394399999998,-81.002625,-180.0,-180.0,True,0.1
IMG_0449.HEIC,,52050C10-5DE0-4D91-A4F8-2DDA255F41AA,_/IMG_0449_edited (5).heic.xmp,True,121806849.13108826,,,Unknown,False,False,,29.218394399999998,-81.002625,-180.0,-180.0,True,0.1
IMG_0449.HEIC,,0A4B2BE6-3E60-4229-A842-082DBDF06773,_/IMG_0449 (3).HEIC.xmp,True,116195192.80675745,,,Unknown,False,False,,29.218394399999998,-81.002625,-180.0,-180.0,True,0.1
IMG_0449.HEIC,,9F9F7ACD-D69D-4968-98A2-E6F4B80DACE4,_/IMG_0449_edited (2).heic.xmp,True,110691399.14274621,,,Unknown,False,False,,29.218394399999998,-81.002625,-180.0,-180.0,True,0.1
IMG_0111.HEIC,,2F2B5C70-EFD6-4772-AA3B-A7930184E264,_/IMG_0111_edited (4).heic.xmp,True,162877788.83599997,,,Unknown,False,False,,28.5426,-81.37299999999999,39.684866666666665,-105.88449166666666,False,0.1
IMG_0111.HEIC,,75E0CF21-913B-40B0-B1F3-C1BFE007A2B6,_/IMG_0111_edited (5).heic.xmp,True,177310114.96799994,,,Unknown,False,False,,28.5426,-81.37299999999999,-180.0,-180.0,True,0.1
IMG_0111.HEIC,,03AC6059-6800-40BE-91C7-8839E2BCDEE7,_/IMG_0111 (1).HEIC.xmp,True,115709778.20697975,,,Unknown,False,False,,28.5426,-81.37299999999999,-180.0,-180.0,True,0.1
IMG_0111.HEIC,,EF1E4A1E-C36F-40C7-B1C5-AB4CE7CB4C48,_/IMG_0111_edited.heic.xmp,True,87094748.59371996,,,Unknown,False,False,,28.5426,-81.37299999999999,-180.0,-180.0,True,0.1
IMG_0340.MOV,,6748051D-D3F6-4705-9819-2DCA8ED5110F,_/IMG_0340 (8).MOV.xmp,True,213344847.0,,,Unknown,False,False,,29.2184,-81.00220000000002,-180.0,-180.0,True,0.1
IMG_0302.HEIC,,55C9FB00-2542-43EC-9040-39B10C919F4A,_/IMG_0302 (4).HEIC.xmp,True,118845174.55816078,,,Unknown,False,False,,29.2355,-81.0115,41.1107,-73.33115333333333,False,0.1
IMG_0302.HEIC,,A644EE1F-3A99-42FD-95C2-20F854AE9529,_/IMG_0302 (8).HEIC.xmp,True,180947176.38199997,,,Unknown,False,False,,29.2355,-81.0115,37.385178333333336,-5.992986666666667,False,0.1
IMG_0302.HEIC,,234492F2-87DE-46CD-973D-87B5FA2EA3CF,_/IMG_0302_edited (9).heic.xmp,True,182829477.01699996,,,Unknown,False,False,,29.2355,-81.0115,-180.0,-180.0,True,0.1
IMG_0302.HEIC,,8DD8777A-4FD6-4AFC-8B2E-899108492571,_/IMG_0302_edited (7).heic.xmp,True,177839380.829,,,Unknown,False,False,,29.2355,-81.0115,-180.0,-180.0,True,0.1
IMG_0302.HEIC,,0EDA7023-726A-40C9-9642-2AAB71714BF8,_/IMG_0302_edited (6).heic.xmp,True,143692564.85500002,,,Unknown,False,False,,29.2355,-81.0115,-180.0,-180.0,True,0.1
IMG_0302.HEIC,,576E767F-007E-40DB-8CB2-BEA34694C426,_/IMG_0302_edited (5).heic.xmp,True,121832416.14587641,,,Unknown,False,False,,29.2355,-81.0115,-180.0,-180.0,True,0.1
IMG_0302.HEIC,,0DED4FD7-073B-4247-A43C-179B164235AE,_/IMG_0302_edited (2).heic.xmp,True,109926469.58798742,,,Unknown,False,False,,29.2355,-81.0115,-180.0,-180.0,True,0.1
IMG_0302.HEIC,,6F4087F6-3E85-42EA-9F79-1707DCAB1F5D,_/IMG_0302 (1).HEIC.xmp,True,87198395.16253853,,,Unknown,False,False,,29.2355,-81.0115,-180.0,-180.0,True,0.1
IMG_0302.HEIC,,87BB50C3-6D61-43FC-B13B-53EA2FE46F04,_/IMG_0302.HEIC.xmp,True,62430822.619999886,,,Unknown,False,False,,29.2355,-81.0115,-180.0,-180.0,True,0.1
IMG_0296.HEIC,,7A2874C9-ECDB-4D3E-BF0D-F3025F88F2C1,_/IMG_0296 (4).HEIC.xmp,True,118845311.50344896,,,Unknown,False,False,,29.2355,-81.011,41.1107055,-73.33116166666667,False,0.1
IMG_0296.HEIC,,2DDACE7B-7424-4FD6-8E17-75932EDB7291,_/IMG_0296 (9).HEIC.xmp,True,180947457.44299984,,,Unknown,False,False,,29.2355,-81.011,37.385178333333336,-5.9929950000000005,False,0.1
IMG_0296.HEIC,,26F4AE46-8222-4353-8113-F2A8794367A9,_/IMG_0296_edited (10).heic.xmp,True,182829306.8829999,,,Unknown,False,False,,29.2355,-81.011,-180.0,-180.0,True,0.1
IMG_0296.HEIC,,4209008E-925D-472B-9A7F-C87204F93B30,_/IMG_0296_edited (8).heic.xmp,True,177839415.39499998,,,Unknown,False,False,,29.2355,-81.011,-180.0,-180.0,True,0.1
IMG_0296.HEIC,,81388C9D-F6E2-4F41-80C1-A282666F0078,_/IMG_0296_edited (6).heic.xmp,True,143692883.4749999,,,Unknown,False,False,,29.2355,-81.011,-180.0,-180.0,True,0.1
IMG_0296.HEIC,,E3DCD857-5756-4628-B0C2-7946507291F7,_/IMG_0296_edited (5).heic.xmp,True,121831280.61464071,,,Unknown,False,False,,29.2355,-81.011,-180.0,-180.0,True,0.1
IMG_0296.HEIC,,4444DDD1-95F0-4130-BD3D-65E22F713A39,_/IMG_0296 (3).HEIC.xmp,True,116078010.3263669,,,Unknown,False,False,,29.2355,-81.011,-180.0,-180.0,True,0.1
IMG_0296.HEIC,,F94B4C80-35BA-4128-8BFA-C1898E07874D,_/IMG_0296 (2).HEIC.xmp,True,87198751.86060429,,,Unknown,False,False,,29.2355,-81.011,-180.0,-180.0,True,0.1
IMG_0296.HEIC,,33093C45-D991-485E-B359-E59C13F35D47,_/IMG_0296 (1).HEIC.xmp,True,62429829.75099993,,,Unknown,False,False,,29.2355,-81.011,-180.0,-180.0,True,0.1
IMG_0457.HEIC,,7B0B91E6-90D3-48EA-8E39-51D0D4548D0B,_/IMG_0457 (4).HEIC.xmp,True,119322856.38077545,,,Unknown,False,False,,29.218458299999998,-81.0025333,42.35597,-71.066825,False,0.1
IMG_0457.HEIC,,BC34D885-42FA-4BF6-8936-05042545AFFB,_/IMG_0457_edited (6).heic.xmp,True,182810830.34000015,,,Unknown,False,False,,29.218458299999998,-81.0025333,-180.0,-180.0,True,0.1
IMG_0457.HEIC,,FB2C9063-60A6-4AD4-B185-49A289221A17,_/IMG_0457 (2).HEIC.xmp,True,110691533.19907808,,,Unknown,False,False,,29.218458299999998,-81.0025333,-180.0,-180.0,True,0.1
IMG_0457.HEIC,,73BB2321-AC43-4E97-BDF8-A6A0CDDB9429,_/IMG_0457.HEIC.xmp,True,40280619.8184793,,,Unknown,False,False,,29.218458299999998,-81.0025333,-180.0,-180.0,True,0.1
IMG_0328.MOV,,B235E9B1-39AD-41BA-9F42-B685FD6F9A46,_/IMG_0328 (6).MOV.xmp,True,161479061.0,,,Unknown,False,False,,29.218700000000002,-81.00189999999999,-180.0,-180.0,True,0.1
IMG_0334.HEIC,,51798865-7815-4A4D-81D7-F331D50F3052,_/IMG_0334 (3).HEIC.xmp,True,118890282.631706,,,Unknown,False,False,,29.218519399999995,-81.00198329999999,41.507775,-73.986725,False,0.1
IMG_0334.HEIC,,C79794DC-1840-423C-A86D-E63732C1B463,_/IMG_0334 (9).HEIC.xmp,True,189320388.77600002,,,Unknown,False,False,,29.218519399999995,-81.00198329999999,28.21745,-82.354875,False,0.1
IMG_0334.HEIC,,FB0D928C-9C0F-483D-A508-2339DEBEA3A4,_/IMG_0334_edited (10).heic.xmp,True,213342976.27999997,,,Unknown,False,False,,29.218519399999995,-81.00198329999999,-180.0,-180.0,True,0.1
IMG_0334.HEIC,,2DC795BB-4CCD-4BCE-A682-D877BC5289B4,_/IMG_0334_edited (8).heic.xmp,True,182814402.954,,,Unknown,False,False,,29.218519399999995,-81.00198329999999,-180.0,-180.0,True,0.1
IMG_0334.HEIC,,A14868E6-3BD6-4D13-AE9C-DB0B849261A8,_/IMG_0334_edited (7).heic.xmp,True,177827167.57500005,,,Unknown,False,False,,29.218519399999995,-81.00198329999999,-180.0,-180.0,True,0.1
IMG_0334.HEIC,,7387C05A-E48B-4FB9-9981-BDD66BBE65C4,_/IMG_0334_edited (5).heic.xmp,True,143697743.12100005,,,Unknown,False,False,,29.218519399999995,-81.00198329999999,-180.0,-180.0,True,0.1
IMG_0334.HEIC,,E4919992-B892-44BA-9D6B-ECFDA375AF4C,_/IMG_0334_edited (4).heic.xmp,True,121812265.11229181,,,Unknown,False,False,,29.218519399999995,-81.00198329999999,-180.0,-180.0,True,0.1
IMG_0334.HEIC,,DB93DD15-9D2F-4B23-8071-DF50208F8831,_/IMG_0334 (2).HEIC.xmp,True,116060758.49221921,,,Unknown,False,False,,29.218519399999995,-81.00198329999999,-180.0,-180.0,True,0.1
IMG_0334.HEIC,,38883BDB-18D5-4607-B25A-BF153F051415,_/IMG_0334 (1).HEIC.xmp,True,87177748.83723164,,,Unknown,False,False,,29.218519399999995,-81.00198329999999,-180.0,-180.0,True,0.1
IMG_0334.HEIC,,F71D791F-D755-4A01-AA96-9A16E51D7C55,_/IMG_0334.HEIC.xmp,True,62583627.19299984,,,Unknown,False,False,,29.218519399999995,-81.00198329999999,-180.0,-180.0,True,0.1
IMG_0440.HEIC,,C29CF809-C668-4C6D-A6A6-C98380E76F7E,_/IMG_0440_edited (11).heic.xmp,True,227591698.10800004,,,Unknown,False,False,,29.2184444,-81.0025722,-180.0,-180.0,True,0.1
IMG_0440.HEIC,,02BE1468-ECD9-46EA-B997-A38766F99B29,_/IMG_0440_edited (10).heic.xmp,True,213579532.46799994,,,Unknown,False,False,,29.2184444,-81.0025722,-180.0,-180.0,True,0.1
IMG_0440.HEIC,,4747C02F-709A-4BFF-8E4A-6A4E0B8E3053,_/IMG_0440_edited (9).heic.xmp,True,182810945.48899984,,,Unknown,False,False,,29.2184444,-81.0025722,-180.0,-180.0,True,0.1
IMG_0440.HEIC,,7FB970DD-BEBB-4DCF-9532-61E3651897D5,_/IMG_0440_edited (8).heic.xmp,True,177820642.48000002,,,Unknown,False,False,,29.2184444,-81.0025722,-180.0,-180.0,True,0.1
IMG_0440.HEIC,,262E4CEA-6219-4BA6-84A3-26E9D4A229A8,_/IMG_0440_edited (7).heic.xmp,True,161571061.79799986,,,Unknown,False,False,,29.2184444,-81.0025722,-180.0,-180.0,True,0.1
IMG_0440.HEIC,,36CD0596-1B2F-4527-BCFD-0FB553184380,_/IMG_0440_edited (6).heic.xmp,True,121806922.59744883,,,Unknown,False,False,,29.2184444,-81.0025722,-180.0,-180.0,True,0.1
IMG_0440.HEIC,,E8D6E6C3-ED5D-4D26-9C87-C3343965A30F,_/IMG_0440_edited (3).heic.xmp,True,110689661.79091573,,,Unknown,False,False,,29.2184444,-81.0025722,-180.0,-180.0,True,0.1
IMG_0440.HEIC,,232C81A5-DDFE-4F96-8988-05691F91985A,_/IMG_0440_edited (1).jpeg.xmp,True,62816613.96500015,,,Unknown,False,False,,29.2184444,-81.0025722,-180.0,-180.0,True,0.1
IMG_0440.HEIC,,62F7F93F-C8D1-432F-BCBB-877DB820F4F6,_/IMG_0440.HEIC.xmp,True,40202709.82275581,,,Unknown,False,False,,29.2184444,-81.0025722,-180.0,-180.0,True,0.1
IMG_0307.HEIC,,36A35FDE-DE4D-4CF4-B4C6-4C2C930C492B,_/IMG_0307 (4).HEIC.xmp,True,118840855.56090832,,,Unknown,False,False,,29.235,-81.01259999999999,41.1106805,-73.3311,False,0.1
IMG_0307.HEIC,,9ECA792B-7BB1-4CC2-B1AE-FC031836DAF9,_/IMG_0307_edited (9).heic.xmp,True,182825171.55200005,,,Unknown,False,False,,29.235,-81.01259999999999,-180.0,-180.0,True,0.1
IMG_0307.HEIC,,1FAFF9CD-B32D-4101-8EC6-31354D778F7B,_/IMG_0307_edited (7).heic.xmp,True,177835317.20200014,,,Unknown,False,False,,29.235,-81.01259999999999,-180.0,-180.0,True,0.1
IMG_0307.HEIC,,F2C6037F-FBE0-45A2-8460-742508C3F5AB,_/IMG_0307_edited (5).heic.xmp,True,121828097.91501403,,,Unknown,False,False,,29.235,-81.01259999999999,-180.0,-180.0,True,0.1
IMG_0307.HEIC,,6952D806-634E-4FF8-8E9F-A31AE3513363,_/IMG_0307 (3).HEIC.xmp,True,116076587.66216707,,,Unknown,False,False,,29.235,-81.01259999999999,-180.0,-180.0,True,0.1
IMG_0307.HEIC,,5BFDCE5F-E484-4365-80AF-12CC3E580CC0,_/IMG_0307 (1).HEIC.xmp,True,87194053.19757342,,,Unknown,False,False,,29.235,-81.01259999999999,-180.0,-180.0,True,0.1
IMG_0307.HEIC,,0326566F-C53C-46E5-B485-ADC472CBD834,_/IMG_0307.HEIC.xmp,True,62464635.262000084,,,Unknown,False,False,,29.235,-81.01259999999999,-180.0,-180.0,True,0.1
IMG_0452.HEIC,,C59BFCEC-87B9-4DBD-BFA9-3184FF6ADDC3,_/IMG_0452 (4).HEIC.xmp,True,119319907.51793146,,,Unknown,False,False,,29.2184,-81.0026333,42.37443,-71.11996383333333,False,0.1
IMG_0452.HEIC,,E151886F-8BFF-41F8-97C4-9BECDB2856DB,_/IMG_0452_edited (8).heic.xmp,True,213602849.95300007,,,Unknown,False,False,,29.2184,-81.0026333,-180.0,-180.0,True,0.1
IMG_0452.HEIC,,97156784-5B4B-41D6-A3F5-DC8CF8E87E05,_/IMG_0452_edited (7).heic.xmp,True,182811012.60599995,,,Unknown,False,False,,29.2184,-81.0026333,-180.0,-180.0,True,0.1
IMG_0452.HEIC,,928AF9DE-2C01-465B-AFE2-41A799A844FA,_/IMG_0452_edited (6).heic.xmp,True,143869365.75099993,,,Unknown,False,False,,29.2184,-81.0026333,-180.0,-180.0,True,0.1
IMG_0452.HEIC,,0142940A-5379-43F8-A388-BCD229B043A7,_/IMG_0452_edited (5).heic.xmp,True,121806819.86451435,,,Unknown,False,False,,29.2184,-81.0026333,-180.0,-180.0,True,0.1
IMG_0452.HEIC,,D1DA27B4-4C96-4395-A6A5-0B82B6716BB9,_/IMG_0452 (3).HEIC.xmp,True,116195178.37860394,,,Unknown,False,False,,29.2184,-81.0026333,-180.0,-180.0,True,0.1
IMG_0452.HEIC,,8F0172F9-F371-435A-9C76-6BFE266A7FB8,_/IMG_0452_edited (2).heic.xmp,True,110691404.47223568,,,Unknown,False,False,,29.2184,-81.0026333,-180.0,-180.0,True,0.1
IMG_0436.HEIC,,2D8E474A-0152-4270-BDA7-69FC7BD6423D,_/IMG_0436_edited (10).heic.xmp,True,182810964.15299988,,,Unknown,False,False,,29.218425000000003,-81.0025861,-180.0,-180.0,True,0.1
IMG_0436.HEIC,,8537DE51-8FA9-4960-972A-09059752509C,_/IMG_0436_edited (9).heic.xmp,True,177820640.74900007,,,Unknown,False,False,,29.218425000000003,-81.0025861,-180.0,-180.0,True,0.1
IMG_0436.HEIC,,89B7679A-3C1B-4E1D-A706-CCF0604ED5FE,_/IMG_0436_edited (8).heic.xmp,True,161545394.72000003,,,Unknown,False,False,,29.218425000000003,-81.0025861,-180.0,-180.0,True,0.1
IMG_0436.HEIC,,5DA4AE82-85A5-43E8-9F02-FF2AB1B13AC3,_/IMG_0436_edited (7).heic.xmp,True,143868148.46899986,,,Unknown,False,False,,29.218425000000003,-81.0025861,-180.0,-180.0,True,0.1
IMG_0436.HEIC,,C482E92F-6AE9-459F-9DAA-0A9FA6FC0A05,_/IMG_0436_edited (6).heic.xmp,True,121806946.56397963,,,Unknown,False,False,,29.218425000000003,-81.0025861,-180.0,-180.0,True,0.1
IMG_0436.HEIC,,EB34210B-EF96-426D-AF4B-F8B422017A56,_/IMG_0436 (4).HEIC.xmp,True,116141302.0827856,,,Unknown,False,False,,29.218425000000003,-81.0025861,-180.0,-180.0,True,0.1
IMG_0436.HEIC,,867049FC-D92A-41FE-9630-508FE21E0B00,_/IMG_0436_edited (3).heic.xmp,True,110689672.34560204,,,Unknown,False,False,,29.218425000000003,-81.0025861,-180.0,-180.0,True,0.1
IMG_0436.HEIC,,17674051-FF0A-4CF3-9B03-E215BEE2C908,_/IMG_0436.HEIC.xmp,True,40202657.67374039,,,Unknown,False,False,,29.218425000000003,-81.0025861,-180.0,-180.0,True,0.1
IMG_0326.HEIC,,DB1F4486-44B7-409F-B560-E5E876DB2171,_/IMG_0326_edited (11).heic.xmp,True,213342697.81400013,,,Unknown,False,False,,29.2186556,-81.0020306,-180.0,-180.0,True,0.1
IMG_0326.HEIC,,F3C213B2-E805-42DD-BEF1-C07E9D0ED74B,_/IMG_0326_edited (6).heic.xmp,True,121812449.46229386,,,Unknown,False,False,,29.2186556,-81.0020306,-180.0,-180.0,True,0.1
IMG_0326.HEIC,,F45332A8-2A93-4347-A972-02F4F3D20C7F,_/IMG_0326 (4).HEIC.xmp,True,116060873.6431098,,,Unknown,False,False,,29.2186556,-81.0020306,-180.0,-180.0,True,0.1
IMG_0326.HEIC,,ECB826A3-5E42-4473-A118-45BE8169C130,_/IMG_0326_edited (3).heic.xmp,True,109906522.94944263,,,Unknown,False,False,,29.2186556,-81.0020306,-180.0,-180.0,True,0.1
IMG_0326.HEIC,,ED789295-CC69-4073-A276-AC7F16598F12,_/IMG_0326 (2).HEIC.xmp,True,87177985.90231156,,,Unknown,False,False,,29.2186556,-81.0020306,-180.0,-180.0,True,0.1
IMG_0326.HEIC,,97AC61DC-73A9-4C71-9BAF-13FE44076A8E,_/IMG_0326 (1).HEIC.xmp,True,62583028.65899992,,,Unknown,False,False,,29.2186556,-81.0020306,-180.0,-180.0,True,0.1
IMG_0342.HEIC,,62A7E69D-7719-4A82-BB26-B381D3E0A647,_/IMG_0342 (3).HEIC.xmp,True,118890014.36700153,,,Unknown,False,False,,29.218419400000002,-81.0025556,41.507783333333336,-73.98671666666667,False,0.1
IMG_0342.HEIC,,4EC94B70-BCD6-4BF5-B876-BD64016A4ED3,_/IMG_0342 (8).HEIC.xmp,True,189326581.9790001,,,Unknown,False,False,,29.218419400000002,-81.0025556,28.21745,-82.354875,False,0.1
IMG_0342.HEIC,,3B79DD56-DDCB-4D42-866A-D597A3A80E0E,_/IMG_0342_edited (9).heic.xmp,True,213344844.06299996,,,Unknown,False,False,,29.218419400000002,-81.0025556,-180.0,-180.0,True,0.1
IMG_0342.HEIC,,7C123E63-0932-4C6D-981F-F309676E51A6,_/IMG_0342_edited (7).heic.xmp,True,182817106.12899995,,,Unknown,False,False,,29.218419400000002,-81.0025556,-180.0,-180.0,True,0.1
IMG_0342.HEIC,,6BDF562B-0B09-4E9C-8E03-36CC9ACB9A76,_/IMG_0342_edited (6).heic.xmp,True,177826950.25,,,Unknown,False,False,,29.218419400000002,-81.0025556,-180.0,-180.0,True,0.1
IMG_0342.HEIC,,CA412B9F-B146-438C-B62D-7FECE7531220,_/IMG_0342_edited (5).heic.xmp,True,161479054.44799995,,,Unknown,False,False,,29.218419400000002,-81.0025556,-180.0,-180.0,True,0.1
IMG_0342.HEIC,,26471E7D-A455-496C-A404-F970D2DD154D,_/IMG_0342_edited (4).heic.xmp,True,121812003.11339426,,,Unknown,False,False,,29.218419400000002,-81.0025556,-180.0,-180.0,True,0.1
IMG_0342.HEIC,,0143C16E-B4C8-4A0E-A1CD-F9830EE9D4EC,_/IMG_0342 (2).HEIC.xmp,True,116060603.18837738,,,Unknown,False,False,,29.218419400000002,-81.0025556,-180.0,-180.0,True,0.1
IMG_0342.HEIC,,CA00F67D-FBF2-4EAF-BE61-64530DA31DD0,_/IMG_0342 (1).HEIC.xmp,True,109906464.56343651,,,Unknown,False,False,,29.218419400000002,-81.0025556,-180.0,-180.0,True,0.1
IMG_0342.HEIC,,4D8B61A0-3FA0-4158-870E-B028D13BC54A,_/IMG_0342.HEIC.xmp,True,87177479.80550289,,,Unknown,False,False,,29.218419400000002,-81.0025556,-180.0,-180.0,True,0.1
IMG_0126.HEIC,,37EB212F-BAAE-4F68-91E6-C45D20DA7FB8,_/IMG_0126 (3).HEIC.xmp,True,117828094.29299998,,,Unknown,False,False,,28.371499999999997,-81.5187,28.520246666666665,-82.59655,False,0.1
IMG_0126.HEIC,,CFCA854A-6265-4D29-BBAA-CB0DB27EF73E,_/IMG_0126_edited (5).heic.xmp,True,162870493.74399996,,,Unknown,False,False,,28.371499999999997,-81.5187,39.684875,-105.88449166666666,False,0.1
IMG_0126.HEIC,,75CA0CE9-B105-4D39-9A89-F32C563F5DA9,_/IMG_0126_edited (6).heic.xmp,True,212979901.51499987,,,Unknown,False,False,,28.371499999999997,-81.5187,-180.0,-180.0,True,0.1
IMG_0126.HEIC,,69857ABD-9523-462A-AA64-16539AB12E5F,_/IMG_0126 (2).HEIC.xmp,True,115703380.85583949,,,Unknown,False,False,,28.371499999999997,-81.5187,-180.0,-180.0,True,0.1
IMG_0126.HEIC,,B1089727-9858-4851-B63C-656E8625338E,_/IMG_0126 (1).HEIC.xmp,True,87089637.17548704,,,Unknown,False,False,,28.371499999999997,-81.5187,-180.0,-180.0,True,0.1
IMG_0115.HEIC,,399465EE-18DF-4FB7-9806-D7C4EE7477B3,_/IMG_0115_edited (4).heic.xmp,True,162877779.01800013,,,Unknown,False,False,,28.5426,-81.37299999999999,39.68486166666667,-105.884505,False,0.1
IMG_0115.HEIC,,40B24898-42A6-4F99-8BD8-8F74E2237317,_/IMG_0115_edited (6).heic.xmp,True,182805676.86899996,,,Unknown,False,False,,28.5426,-81.37299999999999,-180.0,-180.0,True,0.1
IMG_0115.HEIC,,2AC53533-45ED-4983-85EF-81C391B949CD,_/IMG_0115_edited (5).heic.xmp,True,177310163.3800001,,,Unknown,False,False,,28.5426,-81.37299999999999,-180.0,-180.0,True,0.1
IMG_0115.HEIC,,D26EB05F-A524-44F5-AFC5-77AF87513370,_/IMG_0115_edited (3).heic.xmp,True,121876060.17322636,,,Unknown,False,False,,28.5426,-81.37299999999999,-180.0,-180.0,True,0.1
IMG_0115.HEIC,,1347BA62-E630-45E2-BB1A-8147C4C87747,_/IMG_0115 (1).HEIC.xmp,True,115709822.91470861,,,Unknown,False,False,,28.5426,-81.37299999999999,-180.0,-180.0,True,0.1
IMG_0318.HEIC,,983BE3DD-318C-45C1-B0F3-1A7C06E2CDE4,_/IMG_0318_edited (5).heic.xmp,True,177825030.01900005,,,Unknown,False,False,,29.218630599999997,-81.00226669999999,-180.0,-180.0,True,0.1
IMG_0318.HEIC,,B57735AB-431F-407C-BA50-A0D71183D166,_/IMG_0318 (2).HEIC.xmp,True,116060947.06420612,,,Unknown,False,False,,29.218630599999997,-81.00226669999999,-180.0,-180.0,True,0.1
IMG_0318.HEIC,,BD11AE96-A7D3-46CB-AB84-4697E5551456,_/IMG_0318 (1).HEIC.xmp,True,87178135.8005681,,,Unknown,False,False,,29.218630599999997,-81.00226669999999,-180.0,-180.0,True,0.1
IMG_0102.HEIC,,F96CA0A0-706C-482C-9D36-14B760C3691C,_/IMG_0102 (2).HEIC.xmp,True,117835987.30299997,,,Unknown,False,False,,28.5419,-81.37299999999999,28.518405,-82.593445,False,0.1
IMG_0102.HEIC,,74049B24-2021-4431-8959-6F98CF8FB3E5,_/IMG_0102_edited (5).heic.xmp,True,162879006.20700002,,,Unknown,False,False,,28.5419,-81.37299999999999,39.684866666666665,-105.88449666666666,False,0.1
IMG_0102.HEIC,,CE3EBD1B-AAFD-406D-BECF-C7A9392BD056,_/IMG_0102_edited (6).heic.xmp,True,177311198.00600004,,,Unknown,False,False,,28.5419,-81.37299999999999,-180.0,-180.0,True,0.1
IMG_0102.HEIC,,FE519BBE-5842-4B2E-87B4-FC4F306157FB,_/IMG_0102_edited (4).heic.xmp,True,143261622.1630001,,,Unknown,False,False,,28.5419,-81.37299999999999,-180.0,-180.0,True,0.1
IMG_0102.HEIC,,7F55C7CE-9C51-43BD-A236-31D1B32A1060,_/IMG_0102_edited (3).heic.xmp,True,121832188.01045513,,,Unknown,False,False,,28.5419,-81.37299999999999,-180.0,-180.0,True,0.1
IMG_0102.HEIC,,F50B6A10-36D4-4128-8B51-C9C1ABFE6696,_/IMG_0102 (1).HEIC.xmp,True,115710933.67870092,,,Unknown,False,False,,28.5419,-81.37299999999999,-180.0,-180.0,True,0.1
IMG_0231.HEIC,,E3D5D08C-6532-4CBF-91D8-E0BF4E256805,_/IMG_0231 (6).HEIC.xmp,True,166764838.66499996,,,Unknown,False,False,,29.2355,-81.011,34.84471166666667,-111.774955,False,0.1
IMG_0231.HEIC,,7BE6B58D-7324-4AB9-943A-A07CED2C68FF,_/IMG_0231_edited (8).heic.xmp,True,213328761.39499998,,,Unknown,False,False,,29.2355,-81.011,-180.0,-180.0,True,0.1
IMG_0231.HEIC,,30D6940A-947D-4E78-AFED-A30D9D522253,_/IMG_0231_edited (7).heic.xmp,True,182822142.84299994,,,Unknown,False,False,,29.2355,-81.011,-180.0,-180.0,True,0.1
IMG_0231.HEIC,,DC889293-1A68-45B7-8943-F9455E874BFE,_/IMG_0231 (2).HEIC.xmp,True,109758318.02997684,,,Unknown,False,False,,29.2355,-81.011,-180.0,-180.0,True,0.1
IMG_0231.HEIC,,203E0E2C-A98A-4989-828A-A643FA216DF8,_/IMG_0231 (1).HEIC.xmp,True,87199093.86502433,,,Unknown,False,False,,29.2355,-81.011,-180.0,-180.0,True,0.1
IMG_0231.HEIC,,F7DDE93B-5FD8-4248-8D13-F41060C46D45,_/IMG_0231.HEIC.xmp,True,40105776.91445589,,,Unknown,False,False,,29.2355,-81.011,-180.0,-180.0,True,0.1
IMG_0255.HEIC,,CCF222F8-57E1-4170-B7C4-E35627F39A26,_/IMG_0255 (9).HEIC.xmp,True,166867898.22200012,,,Unknown,False,False,,29.2355,-81.0108,33.448458333333335,-112.0696945,False,0.1
IMG_0255.HEIC,,072FC1EC-9A3D-4887-A2EB-71C6BAC2AB88,_/IMG_0255_edited (12).heic.xmp,True,213330703.93400002,,,Unknown,False,False,,29.2355,-81.0108,-180.0,-180.0,True,0.1
IMG_0255.HEIC,,3572CC2E-D326-4000-97FE-12D8B579B8FD,_/IMG_0255_edited (10).heic.xmp,True,177831914.77400017,,,Unknown,False,False,,29.2355,-81.0108,-180.0,-180.0,True,0.1
IMG_0255.HEIC,,6A7C8F33-A6FD-4CEC-9519-384CC3F03E44,_/IMG_0255_edited (8).heic.xmp,True,161148167.1199999,,,Unknown,False,False,,29.2355,-81.0108,-180.0,-180.0,True,0.1
IMG_0255.HEIC,,07B46E06-2E09-4666-9444-BB83AC7C7573,_/IMG_0255_edited (7).heic.xmp,True,143692450.97099996,,,Unknown,False,False,,29.2355,-81.0108,-180.0,-180.0,True,0.1
IMG_0255.HEIC,,19D7EC77-BC70-4ECC-ADC2-CBF840BD03FC,_/IMG_0255_edited (6).heic.xmp,True,121828472.8852644,,,Unknown,False,False,,29.2355,-81.0108,-180.0,-180.0,True,0.1
IMG_0255.HEIC,,E5DD9303-4E68-4470-B30D-F393E79915F4,_/IMG_0255_edited (3).heic.xmp,True,109858989.40770769,,,Unknown,False,False,,29.2355,-81.0108,-180.0,-180.0,True,0.1
IMG_0255.HEIC,,95D92457-661B-4039-9900-AFABD85CCA13,_/IMG_0255 (2).HEIC.xmp,True,87198904.28530335,,,Unknown,False,False,,29.2355,-81.0108,-180.0,-180.0,True,0.1
IMG_0255.HEIC,,281B5DAF-4CBA-46E0-9770-2F475CA2808F,_/IMG_0255 (1).HEIC.xmp,True,62420374.00300002,,,Unknown,False,False,,29.2355,-81.0108,-180.0,-180.0,True,0.1
IMG_0329.MOV,,7C29F690-1737-4CC6-B4C6-AB547F95E8D5,_/IMG_0329 (6).MOV.xmp,True,161479003.0,,,Unknown,False,False,,29.2186,-81.0018,-180.0,-180.0,True,0.1
IMG_0266.HEIC,,86F4EB7E-2401-47FB-A068-A9EA93D4EE54,_/IMG_0266 (4).HEIC.xmp,True,118822982.62502885,,,Unknown,False,False,,29.2355,-81.01089999999999,41.1218195,-73.4896,False,0.1
IMG_0266.HEIC,,F1B05F99-B4DE-4446-9264-3F5989BB1726,_/IMG_0266 (7).HEIC.xmp,True,169915876.51999998,,,Unknown,False,False,,29.2355,-81.01089999999999,27.976433333333333,-82.50413666666667,False,0.1
IMG_0266.HEIC,,025DA15F-2769-45AC-9CE2-225D1D6A033F,_/IMG_0266_edited (10).heic.xmp,True,213330895.487,,,Unknown,False,False,,29.2355,-81.01089999999999,-180.0,-180.0,True,0.1
IMG_0266.HEIC,,CC164342-8039-4606-B6A9-ADBCB52BD7D4,_/IMG_0266_edited (9).heic.xmp,True,182829394.85099983,,,Unknown,False,False,,29.2355,-81.01089999999999,-180.0,-180.0,True,0.1
IMG_0266.HEIC,,2E022229-3062-4A32-A34D-3D3F20E5BDB9,_/IMG_0266_edited (6).heic.xmp,True,143692995.49,,,Unknown,False,False,,29.2355,-81.01089999999999,-180.0,-180.0,True,0.1
IMG_0266.HEIC,,933A3E91-3562-4B24-A2AF-05D98B250EE6,_/IMG_0266_edited (5).heic.xmp,True,121828471.33680391,,,Unknown,False,False,,29.2355,-81.01089999999999,-180.0,-180.0,True,0.1
IMG_0266.HEIC,,B732F572-AA47-42B2-9444-A395D0B2954D,_/IMG_0266 (3).HEIC.xmp,True,109859818.82154512,,,Unknown,False,False,,29.2355,-81.01089999999999,-180.0,-180.0,True,0.1
IMG_0266.HEIC,,1548C61F-8AA0-4BD6-9077-E86F26151392,_/IMG_0266 (2).HEIC.xmp,True,87198862.2226901,,,Unknown,False,False,,29.2355,-81.01089999999999,-180.0,-180.0,True,0.1
IMG_0266.HEIC,,8A41444E-C50A-456F-AC47-547AD85E6B09,_/IMG_0266_edited (1).jpeg.xmp,True,62420454.832999945,,,Unknown,False,False,,29.2355,-81.01089999999999,-180.0,-180.0,True,0.1
IMG_0172.HEIC,,AF38398A-92B5-4239-B097-711BBA74C003,_/IMG_0172_edited (5).heic.xmp,True,163036569.385,,,Unknown,False,False,,28.3709,-81.5158,39.680386666666664,-105.89763666666667,False,0.1
IMG_0172.HEIC,,CD41CD8B-011F-4E62-B6DA-BAB04E77BA14,_/IMG_0172_edited (8).heic.xmp,True,213131311.03499985,,,Unknown,False,False,,28.3709,-81.5158,-180.0,-180.0,True,0.1
IMG_0172.HEIC,,EF8059C0-51C0-4DD4-A7FB-1EF5273FA15C,_/IMG_0172_edited (7).heic.xmp,True,182867166.07299995,,,Unknown,False,False,,28.3709,-81.5158,-180.0,-180.0,True,0.1
IMG_0172.HEIC,,7BEC2537-949E-4C5D-A557-9787620E7EE5,_/IMG_0172_edited (6).heic.xmp,True,177623951.375,,,Unknown,False,False,,28.3709,-81.5158,-180.0,-180.0,True,0.1
IMG_0172.HEIC,,9856D7C3-839F-4BC6-A277-632BE5826704,_/IMG_0172_edited (4).heic.xmp,True,161135478.66700006,,,Unknown,False,False,,28.3709,-81.5158,-180.0,-180.0,True,0.1
IMG_0172.HEIC,,929EB1D1-9266-488F-8EDE-0250B91670E3,_/IMG_0172_edited (3).heic.xmp,True,121869009.08664465,,,Unknown,False,False,,28.3709,-81.5158,-180.0,-180.0,True,0.1
IMG_0172.HEIC,,4084F9EF-EBBB-46F6-8F40-83AAE0BD17B3,_/IMG_0172_edited (1).heic.xmp,True,109729003.7766881,,,Unknown,False,False,,28.3709,-81.5158,-180.0,-180.0,True,0.1
IMG_0172.HEIC,,6081C235-977F-4F0B-A66D-6B4C0165D55A,_/IMG_0172.HEIC.xmp,True,87180175.7038312,,,Unknown,False,False,,28.3709,-81.5158,-180.0,-180.0,True,0.1
IMG_0104.HEIC,,9841F36C-EB0A-4C60-8CC9-81480AEB1FF1,_/IMG_0104 (2).HEIC.xmp,True,117835004.54500008,,,Unknown,False,False,,28.542099999999998,-81.3729,28.518411666666665,-82.593445,False,0.1
IMG_0104.HEIC,,2B4F62D3-A758-4980-86D3-16C95B30124C,_/IMG_0104_edited (5).heic.xmp,True,162878013.82599998,,,Unknown,False,False,,28.542099999999998,-81.3729,39.684866666666665,-105.88449666666666,False,0.1
IMG_0104.HEIC,,05C768B8-0D1F-44BD-8F85-FC52E15C5A62,_/IMG_0104_edited (7).heic.xmp,True,182804475.01,,,Unknown,False,False,,28.542099999999998,-81.3729,-180.0,-180.0,True,0.1
IMG_0104.HEIC,,E05D5826-A290-4F9D-8A75-1C0B2669F15A,_/IMG_0104_edited (3).heic.xmp,True,143260635.1040001,,,Unknown,False,False,,28.542099999999998,-81.3729,-180.0,-180.0,True,0.1
IMG_0104.HEIC,,B84D2774-32EA-4F57-BF91-9E3EBE7ADB1E,_/IMG_0104 (1).HEIC.xmp,True,115709946.00193596,,,Unknown,False,False,,28.542099999999998,-81.3729,-180.0,-180.0,True,0.1
IMG_0104.HEIC,,2ECF7CDC-48C3-48D9-B915-10E37DFC8DB4,_/IMG_0104.HEIC.xmp,True,87094845.36578727,,,Unknown,False,False,,28.542099999999998,-81.3729,-180.0,-180.0,True,0.1
IMG_0210.HEIC,,DB1DFE62-1B26-4DA9-B6BA-49897B92EB56,_/IMG_0210_edited (9).heic.xmp,True,182860640.98099995,,,Unknown,False,False,,28.3374,-81.5723,-180.0,-180.0,True,0.1
IMG_0210.HEIC,,CB8E7D80-4C25-4BC2-B7EB-EF7BC0178F22,_/IMG_0210_edited (8).heic.xmp,True,177632905.29299998,,,Unknown,False,False,,28.3374,-81.5723,-180.0,-180.0,True,0.1
IMG_0210.HEIC,,3C2553B3-D3EF-4CC2-88CD-F3C24E850033,_/IMG_0210 (2).HEIC.xmp,True,87173658.00512862,,,Unknown,False,False,,28.3374,-81.5723,-180.0,-180.0,True,0.1
IMG_0120.HEIC,,0D0BB1A7-B1A2-402B-9732-02312EFAAAF5,_/IMG_0120 (3).HEIC.xmp,True,117830082.63199997,,,Unknown,False,False,,28.3708,-81.521,28.520263333333332,-82.596475,False,0.1
IMG_0120.HEIC,,0AA270D4-05AE-43D8-B836-57CF31DB538D,_/IMG_0120_edited (6).heic.xmp,True,162872449.63600016,,,Unknown,False,False,,28.3708,-81.521,39.684871666666666,-105.884505,False,0.1
IMG_0120.HEIC,,EF5C1A28-CAFF-44FC-96FF-03B50246B623,_/IMG_0120_edited (8).heic.xmp,True,212904274.81299996,,,Unknown,False,False,,28.3708,-81.521,-180.0,-180.0,True,0.1
IMG_0120.HEIC,,0B448E35-1766-406F-8A31-4BACB9F9F9FC,_/IMG_0120_edited (7).heic.xmp,True,177305127.76,,,Unknown,False,False,,28.3708,-81.521,-180.0,-180.0,True,0.1
IMG_0120.HEIC,,EC73EA66-7F11-4B1B-B93C-20CB3D0121D3,_/IMG_0120_edited (4).heic.xmp,True,121870736.06306648,,,Unknown,False,False,,28.3708,-81.521,-180.0,-180.0,True,0.1
IMG_0120.HEIC,,D5EAFCCA-79F1-413B-9697-12D8C4609B25,_/IMG_0120 (2).HEIC.xmp,True,115704423.47289371,,,Unknown,False,False,,28.3708,-81.521,-180.0,-180.0,True,0.1
IMG_0344.HEIC,,C2D7D089-123B-416E-A130-6D8305D2EB3D,_/IMG_0344 (4).HEIC.xmp,True,118889915.96741271,,,Unknown,False,False,,29.2184,-81.0026,41.50778666666667,-73.98671666666667,False,0.1
IMG_0344.HEIC,,7BD6DDEC-8864-4D44-B0E5-337D7F6ECA3A,_/IMG_0344_edited (9).heic.xmp,True,213344750.58099985,,,Unknown,False,False,,29.2184,-81.0026,-180.0,-180.0,True,0.1
IMG_0344.HEIC,,3A3A35A5-1F69-4B9D-B43B-DC7CAA9F8E40,_/IMG_0344_edited (8).heic.xmp,True,182817016.5840001,,,Unknown,False,False,,29.2184,-81.0026,-180.0,-180.0,True,0.1
IMG_0344.HEIC,,7F9A4DA5-D18E-49B6-869A-EBCCC0B9FD0A,_/IMG_0344_edited (7).heic.xmp,True,177826855.14100003,,,Unknown,False,False,,29.2184,-81.0026,-180.0,-180.0,True,0.1
IMG_0344.HEIC,,89674DFB-C584-40C9-B8BE-3608A8416C51,_/IMG_0344_edited (6).heic.xmp,True,161478967.93700004,,,Unknown,False,False,,29.2184,-81.0026,-180.0,-180.0,True,0.1
IMG_0344.HEIC,,8F125B77-EB8C-4C81-874F-A1B4447DDF41,_/IMG_0344_edited (5).heic.xmp,True,121811911.1141882,,,Unknown,False,False,,29.2184,-81.0026,-180.0,-180.0,True,0.1
IMG_0344.HEIC,,A4458E69-3244-446E-825F-A8C387444C0B,_/IMG_0344 (3).HEIC.xmp,True,116060508.12222505,,,Unknown,False,False,,29.2184,-81.0026,-180.0,-180.0,True,0.1
IMG_0344.HEIC,,25870881-9B76-4CC0-9B32-B2D1123EF153,_/IMG_0344 (2).HEIC.xmp,True,109906367.5651145,,,Unknown,False,False,,29.2184,-81.0026,-180.0,-180.0,True,0.1
IMG_0344.HEIC,,F468CC98-9D83-49A5-90F9-1EDCB94B59FD,_/IMG_0344 (1).HEIC.xmp,True,87177381.33926845,,,Unknown,False,False,,29.2184,-81.0026,-180.0,-180.0,True,0.1
IMG_0344.HEIC,,9F9F5C5A-C1CC-42B8-9750-D91649C21D0D,_/IMG_0344.HEIC.xmp,True,40185181.9552989,,,Unknown,False,False,,29.2184,-81.0026,-180.0,-180.0,True,0.1
IMG_0193.HEIC,,491E5EFE-3A11-46EE-B129-2EF34CD9CC3A,_/IMG_0193 (5).HEIC.xmp,True,118676317.18905926,,,Unknown,False,False,,28.370808300000004,-81.5155556,37.01841666666667,-79.88817,False,0.1
IMG_0193.HEIC,,E2534EFB-04D6-4C17-9466-49BB8F2BFEB4,_/IMG_0193 (8).HEIC.xmp,True,163036347.12800002,,,Unknown,False,False,,28.370808300000004,-81.5155556,39.680395,-105.897645,False,0.1
IMG_0193.HEIC,,70F55BDD-7724-4EC6-8198-6BC6B64E5044,_/IMG_0193_edited (9).heic.xmp,True,177638566.21799994,,,Unknown,False,False,,28.370808300000004,-81.5155556,-180.0,-180.0,True,0.1
IMG_0193.HEIC,,7D65AF67-9C9B-408F-B06A-17F0AAD3536C,_/IMG_0193 (4).HEIC.xmp,True,115836155.00750685,,,Unknown,False,False,,28.370808300000004,-81.5155556,-180.0,-180.0,True,0.1
IMG_0193.HEIC,,EA88096C-3EA7-428D-9EE2-D805D1326330,_/IMG_0193 (3).HEIC.xmp,True,109731213.33336163,,,Unknown,False,False,,28.370808300000004,-81.5155556,-180.0,-180.0,True,0.1
IMG_0193.HEIC,,5F404212-8353-4DC1-A17C-6200C0E27149,_/IMG_0193 (2).HEIC.xmp,True,87180980.63412094,,,Unknown,False,False,,28.370808300000004,-81.5155556,-180.0,-180.0,True,0.1
IMG_0454.HEIC,,91EEBE34-5031-4108-A0AA-4786EA209D4B,_/IMG_0454 (5).HEIC.xmp,True,119319887.60975885,,,Unknown,False,False,,29.218419400000002,-81.002625,42.374428333333334,-71.11995833333333,False,0.1
IMG_0454.HEIC,,B6FB8B18-F15C-48E1-9D99-198026872DED,_/IMG_0454_edited (8).heic.xmp,True,182811010.48399997,,,Unknown,False,False,,29.218419400000002,-81.002625,-180.0,-180.0,True,0.1
IMG_0454.HEIC,,08F05000-3641-4A4F-8024-6502516B736D,_/IMG_0454_edited (7).heic.xmp,True,143869341.86299992,,,Unknown,False,False,,29.218419400000002,-81.002625,-180.0,-180.0,True,0.1
IMG_0454.HEIC,,053DBEF1-6F80-48C8-A275-F2D9C6E81D6E,_/IMG_0454_edited (6).heic.xmp,True,121806794.46455169,,,Unknown,False,False,,29.218419400000002,-81.002625,-180.0,-180.0,True,0.1
IMG_0454.HEIC,,66CD4E04-B9DB-447D-BBE6-90BDAB458852,_/IMG_0454 (4).HEIC.xmp,True,116200116.5480268,,,Unknown,False,False,,29.218419400000002,-81.002625,-180.0,-180.0,True,0.1
IMG_0454.HEIC,,241A01A2-0169-4FC2-AB25-4277BB46730B,_/IMG_0454_edited (3).heic.xmp,True,110691391.78333664,,,Unknown,False,False,,29.218419400000002,-81.002625,-180.0,-180.0,True,0.1
IMG_0454.HEIC,,B0EB14DD-CFEE-43D2-83F8-9890B01DA345,_/IMG_0454 (1).HEIC.xmp,True,62919280.64900017,,,Unknown,False,False,,29.218419400000002,-81.002625,-180.0,-180.0,True,0.1
IMG_0454.HEIC,,A2A1D607-4016-49BD-823A-60E48C6E23F8,_/IMG_0454.HEIC.xmp,True,40280792.97764301,,,Unknown,False,False,,29.218419400000002,-81.002625,-180.0,-180.0,True,0.1
IMG_0287.HEIC,,F9FD4176-FF69-418B-8039-D0E4895E1DE2,_/IMG_0287 (8).HEIC.xmp,True,180830038.8169999,,,Unknown,False,False,,29.2355,-81.01089999999999,40.964528333333334,-5.664638333333333,False,0.1
IMG_0287.HEIC,,3D514CC4-09C0-41EB-8DA0-45AF09B3E471,_/IMG_0287_edited (5).heic.xmp,True,143692960.00099993,,,Unknown,False,False,,29.2355,-81.01089999999999,-180.0,-180.0,True,0.1
IMG_0287.HEIC,,8B95AF08-77AC-4115-B07D-A526FA13DC5F,_/IMG_0287 (2).HEIC.xmp,True,116070560.64501405,,,Unknown,False,False,,29.2355,-81.01089999999999,-180.0,-180.0,True,0.1
IMG_0287.HEIC,,2291DEC0-1373-411E-A17F-91D79233EB86,_/IMG_0287 (1).HEIC.xmp,True,87198749.52700639,,,Unknown,False,False,,29.2355,-81.01089999999999,-180.0,-180.0,True,0.1
IMG_0287.HEIC,,1EE1F754-B8B4-4CBA-B4E8-9C1D235EF81C,_/IMG_0287_edited.jpeg.xmp,True,62426905.595999956,,,Unknown,False,False,,29.2355,-81.01089999999999,-180.0,-180.0,True,0.1
IMG_0218.HEIC,,F2273960-FBDF-494F-A1A1-B3829A8B6AB4,_/IMG_0218 (3).HEIC.xmp,True,166558595.112,,,Unknown,False,False,,29.2355,-81.011,36.1122195,-115.17618666666667,False,0.1
IMG_0218.HEIC,,EDFCDD46-0C9E-446A-9620-FFC4FD0D2F9B,_/IMG_0218_edited (4).heic.xmp,True,182822322.57800007,,,Unknown,False,False,,29.2355,-81.011,-180.0,-180.0,True,0.1
IMG_0290.HEIC,,1E3D3267-F332-4CEF-AE0F-08CAE62C4674,_/IMG_0290 (9).HEIC.xmp,True,180947374.42299986,,,Unknown,False,False,,29.2355,-81.011,37.385175,-5.992961666666667,False,0.1
IMG_0290.HEIC,,D1C84523-800E-4AB3-B6ED-0E2C466E66B0,_/IMG_0290_edited (10).heic.xmp,True,182829340.45099998,,,Unknown,False,False,,29.2355,-81.011,-180.0,-180.0,True,0.1
IMG_0290.HEIC,,46BFF4A9-A091-4F09-B2A8-71BBA7C16D82,_/IMG_0290_edited (8).heic.xmp,True,177839458.29200006,,,Unknown,False,False,,29.2355,-81.011,-180.0,-180.0,True,0.1
IMG_0290.HEIC,,64AA7B0C-B8FB-4F82-9597-25D59EA07476,_/IMG_0290_edited (6).heic.xmp,True,143692909.67199993,,,Unknown,False,False,,29.2355,-81.011,-180.0,-180.0,True,0.1
IMG_0290.HEIC,,63DFA003-9C9F-493C-9FA3-74D1F2E9906B,_/IMG_0290_edited (3).heic.xmp,True,116070551.42146254,,,Unknown,False,False,,29.2355,-81.011,-180.0,-180.0,True,0.1
IMG_0290.HEIC,,9AD6F5DC-C9CF-4C24-9075-720AB13BF258,_/IMG_0290 (2).HEIC.xmp,True,87198802.52530551,,,Unknown,False,False,,29.2355,-81.011,-180.0,-180.0,True,0.1
IMG_0290.HEIC,,9E2C72B1-7725-4AD6-82B2-28A9D6E24869,_/IMG_0290 (1).HEIC.xmp,True,62429731.664000034,,,Unknown,False,False,,29.2355,-81.011,-180.0,-180.0,True,0.1
IMG_0353.HEIC,,E5F9184A-D6C5-4C4E-9C8C-3524FDF07252,_/IMG_0353_edited (9).heic.xmp,True,182816898.21600008,,,Unknown,False,False,,29.2184,-81.0025,-180.0,-180.0,True,0.1
IMG_0353.HEIC,,2EE74206-1923-479E-A86D-2AFF658B5936,_/IMG_0353_edited (8).heic.xmp,True,177826763.19700003,,,Unknown,False,False,,29.2184,-81.0025,-180.0,-180.0,True,0.1
IMG_0353.HEIC,,4079B404-6D00-4026-8202-7D123CCCE11C,_/IMG_0353_edited (5).heic.xmp,True,121811876.91799521,,,Unknown,False,False,,29.2184,-81.0025,-180.0,-180.0,True,0.1
IMG_0353.HEIC,,6E583C9B-1FC5-4610-9C45-BF374B8C8151,_/IMG_0353 (3).HEIC.xmp,True,116060417.50896645,,,Unknown,False,False,,29.2184,-81.0025,-180.0,-180.0,True,0.1
IMG_0353.HEIC,,43F02445-3601-41E1-856A-E077AA50D3F3,_/IMG_0353 (1).HEIC.xmp,True,87177242.64113212,,,Unknown,False,False,,29.2184,-81.0025,-180.0,-180.0,True,0.1
IMG_0337.HEIC,,2C0C2B74-D301-4A94-A6DD-930FC3F78A6F,_/IMG_0337 (3).HEIC.xmp,True,118890130.16617823,,,Unknown,False,False,,29.218452799999994,-81.0020917,41.50777,-73.986725,False,0.1
IMG_0337.HEIC,,221C2721-3854-4A54-95CE-F1C3C4C8AA2B,_/IMG_0337 (8).HEIC.xmp,True,189325189.15899992,,,Unknown,False,False,,29.218452799999994,-81.0020917,28.21745,-82.354875,False,0.1
IMG_0337.HEIC,,485353E1-97FB-4249-A3FA-53C1AA222D2F,_/IMG_0337_edited (7).heic.xmp,True,182814415.13199997,,,Unknown,False,False,,29.218452799999994,-81.0020917,-180.0,-180.0,True,0.1
IMG_0337.HEIC,,503047DA-4FDD-440B-A881-2B68DE426B5D,_/IMG_0337_edited (6).heic.xmp,True,177827042.59800005,,,Unknown,False,False,,29.218452799999994,-81.0020917,-180.0,-180.0,True,0.1
IMG_0337.HEIC,,A2E89794-4DAC-4316-872E-C781DE245BD3,_/IMG_0337_edited (4).heic.xmp,True,121812114.51271272,,,Unknown,False,False,,29.218452799999994,-81.0020917,-180.0,-180.0,True,0.1
IMG_0337.HEIC,,601FA55B-822D-44B1-B3D9-DBE3CE948B4C,_/IMG_0337 (2).HEIC.xmp,True,116060650.077883,,,Unknown,False,False,,29.218452799999994,-81.0020917,-180.0,-180.0,True,0.1
IMG_0337.HEIC,,BBC1B93E-5168-4C45-AA5E-6AC220D2F395,_/IMG_0337 (1).HEIC.xmp,True,109906209.43519759,,,Unknown,False,False,,29.218452799999994,-81.0020917,-180.0,-180.0,True,0.1
IMG_0337.HEIC,,CAC3906C-4241-4CDF-9AF1-8D0A49C2AABD,_/IMG_0337.HEIC.xmp,True,87177595.60453892,,,Unknown,False,False,,29.218452799999994,-81.0020917,-180.0,-180.0,True,0.1
IMG_0325.HEIC,,926066AE-EBA0-468B-AD63-D21AFE1177E9,_/IMG_0325_edited (9).heic.xmp,True,213342728.78999996,,,Unknown,False,False,,29.218741700000002,-81.00228059999999,-180.0,-180.0,True,0.1
IMG_0325.HEIC,,A441295B-A7D4-4525-98A1-869EC679C09F,_/IMG_0325_edited (4).heic.xmp,True,121812485.56180143,,,Unknown,False,False,,29.218741700000002,-81.00228059999999,-180.0,-180.0,True,0.1
IMG_0325.HEIC,,9D549937-DFD2-4364-80E3-70B67759F267,_/IMG_0325 (2).HEIC.xmp,True,116060912.34291983,,,Unknown,False,False,,29.218741700000002,-81.00228059999999,-180.0,-180.0,True,0.1
IMG_0325.HEIC,,583F26AC-03B7-4463-A9B1-3DA1DAFE4FD7,_/IMG_0325 (1).HEIC.xmp,True,87178025.6020608,,,Unknown,False,False,,29.218741700000002,-81.00228059999999,-180.0,-180.0,True,0.1
IMG_0435.HEIC,,43EEF3A8-4B8B-4C15-B37D-4B67C33A36B2,_/IMG_0435 (5).HEIC.xmp,True,119138067.25974417,,,Unknown,False,False,,29.218408299999997,-81.0025778,42.35939666666667,-71.0664,False,0.1
IMG_0435.HEIC,,B3E1EE3D-20CA-4518-BE96-885F60A0B995,_/IMG_0435_edited (11).heic.xmp,True,213578829.6630001,,,Unknown,False,False,,29.218408299999997,-81.0025778,-180.0,-180.0,True,0.1
IMG_0435.HEIC,,4A52A2C1-BA6C-4A61-9769-5601B06E3A21,_/IMG_0435_edited (10).heic.xmp,True,182810977.90299988,,,Unknown,False,False,,29.218408299999997,-81.0025778,-180.0,-180.0,True,0.1
IMG_0435.HEIC,,B28427C8-6F02-463B-9849-32BC968E322B,_/IMG_0435_edited (9).heic.xmp,True,177820643.67600012,,,Unknown,False,False,,29.218408299999997,-81.0025778,-180.0,-180.0,True,0.1
IMG_0435.HEIC,,0F60C959-7A70-4484-B8D4-BC42B63B7EE3,_/IMG_0435_edited (8).heic.xmp,True,161545383.03699994,,,Unknown,False,False,,29.218408299999997,-81.0025778,-180.0,-180.0,True,0.1
IMG_0435.HEIC,,802510F5-4367-42EA-B18E-F8EC1974B472,_/IMG_0435_edited (7).heic.xmp,True,143868162.52699995,,,Unknown,False,False,,29.218408299999997,-81.0025778,-180.0,-180.0,True,0.1
IMG_0435.HEIC,,DFEC4612-39BD-40FC-AD78-E84BA3BD9476,_/IMG_0435_edited (6).heic.xmp,True,121806962.29725313,,,Unknown,False,False,,29.218408299999997,-81.0025778,-180.0,-180.0,True,0.1
IMG_0435.HEIC,,F2529F7B-5799-4502-90AA-C24B49E49BC3,_/IMG_0435 (4).HEIC.xmp,True,116141308.00933504,,,Unknown,False,False,,29.218408299999997,-81.0025778,-180.0,-180.0,True,0.1
IMG_0435.HEIC,,83F873E2-3B05-4529-BDDB-1F14BEA9088C,_/IMG_0435_edited (3).heic.xmp,True,110689684.5090847,,,Unknown,False,False,,29.218408299999997,-81.0025778,-180.0,-180.0,True,0.1
IMG_0435.HEIC,,E3DF2EA5-DC0E-44C3-A419-963DD96B0257,_/IMG_0435_edited (1).jpeg.xmp,True,62813568.887000084,,,Unknown,False,False,,29.218408299999997,-81.0025778,-180.0,-180.0,True,0.1
IMG_0435.HEIC,,FC8F4B0A-11CD-412C-A182-01999A370E8F,_/IMG_0435.HEIC.xmp,True,40202669.16556382,,,Unknown,False,False,,29.218408299999997,-81.0025778,-180.0,-180.0,True,0.1
IMG_2888.JPG,,,,,,,,,,,,28.234299999999998,-82.35119999999999,,,True,0.0
IMG_2876.JPG,,,,,,,,,,,,28.189899999999998,-82.35589999999999,,,True,0.0
IMG_2869.JPG,,,,,,,,,,,,28.1897,-82.35589999999999,,,True,0.0
IMG_2882.JPG,,,,,,,,,,,,28.1898,-82.35589999999999,,,True,0.0
IMG_2889.JPG,,,,,,,,,,,,28.234299999999998,-82.35119999999999,,,True,0.0
IMG_2891.MOV,,12D450F9-B250-4668-963E-7DD764F55F70,_/IMG_2891 (6).MOV.xmp,True,257989561.0,,,Unknown,False,False,,28.234299999999998,-82.3511,-180.0,-180.0,True,0.1
IMG_2891.MOV,,FD6916B9-E2A6-4BE2-8838-EBE21E8A5D0B,_/IMG_2891.MOV.xmp,True,146969156.0,,,Unknown,False,False,,28.234299999999998,-82.3511,-180.0,-180.0,True,0.1
IMG_2868.JPG,,,,,,,,,,,,28.189999999999998,-82.35589999999999,,,True,0.0
IMG_2890.JPG,,,,,,,,,,,,28.234299999999998,-82.35119999999999,,,True,0.0
IMG_2896.JPG,,,,,,,,,,,,28.1861,-82.3539,,,True,0.0
IMG_2893.JPG,,,,,,,,,,,,28.185699999999997,-82.35660000000001,,,True,0.0
IMG_2878.JPG,,,,,,,,,,,,28.1898,-82.3558,,,True,0.0
IMG_2872.JPG,,5518F99D-BAB9-44C6-BBCD-D33757DB4812,_/IMG_2872 (1).JPG.xmp,True,193769917.3898065,,,Unknown,False,False,,28.1898,-82.35600000000001,-180.0,-180.0,True,0.1
IMG_2879.JPG,,,,,,,,,,,,28.189899999999998,-82.35589999999999,,,True,0.0
IMG_2887.JPG,,1F410104-6DB8-4A0F-AEAC-24D9E4F08788,_/IMG_2887 (5).JPG.xmp,True,218400779.0838213,,,Unknown,False,False,,28.234299999999998,-82.35119999999999,-180.0,-180.0,True,0.1
IMG_2898.JPG,,,,,,,,,,,,28.1876,-82.3479,,,True,0.0
